# Blender 5.2.0 LTS
# www.blender.org
o granny_grnybody.smd.002
v -0.033486 1.340392 0.037150
v -0.042291 1.337808 0.036529
v -0.030817 1.341458 0.033497
v -0.026796 1.342570 0.031156
v -0.007554 1.345863 0.038696
v -0.022695 1.342592 0.038805
v -0.032604 1.342786 0.013048
v -0.019228 1.344606 0.005233
v -0.029994 1.342337 0.025955
v -0.034130 1.341311 0.028368
v -0.037746 1.340569 0.028027
v -0.040291 1.340223 0.026052
v -0.037526 1.340814 0.026021
v -0.040999 1.340073 0.025598
v -0.052364 1.317735 -0.012017
v -0.028259 1.320894 -0.026124
v -0.032907 1.282410 -0.048730
v 0.002391 1.283687 -0.052172
v 0.002117 1.236531 -0.053100
v 0.035666 1.234740 -0.041741
v 0.015308 1.211773 -0.032560
v -0.067491 1.312847 0.010599
v -0.062964 1.278320 -0.031169
v -0.033181 1.235254 -0.049658
v -0.029875 1.211300 -0.034276
v -0.015707 1.212005 -0.036126
v -0.001733 1.188650 -0.022227
v 0.013361 1.190279 -0.020293
v 0.024370 1.196174 -0.020052
v 0.014698 1.173492 -0.013285
v 0.029936 1.189007 -0.014412
v 0.040630 1.185584 -0.008624
v 0.039246 1.209742 -0.022650
v 0.055510 1.231468 -0.027069
v 0.035939 1.281896 -0.040813
v 0.000048 1.321917 -0.028884
v 0.043306 1.183234 -0.003328
v -0.003185 1.153653 -0.013271
v 0.007802 1.157879 -0.010044
v 0.028849 1.210861 -0.027524
v -0.015300 1.152070 -0.007055
v -0.016449 1.151408 -0.002735
v -0.008807 1.152239 -0.008338
v -0.005415 1.151384 -0.006290
v -0.002870 1.151953 -0.006560
v 0.007076 1.151937 -0.004294
v -0.002582 1.152304 -0.008048
v -0.002313 1.152521 -0.008305
v 0.016020 1.160342 -0.008068
v 0.024171 1.169971 -0.009123
v 0.028733 1.168462 -0.005279
v 0.018380 1.152696 0.000079
v 0.018224 1.152536 0.000577
v 0.016703 1.156376 -0.004710
v 0.017770 1.151267 0.004807
v 0.013240 1.148654 0.005542
v 0.000230 1.141871 0.015562
v -0.008571 1.144761 0.004969
v -0.003567 1.138300 0.027056
v -0.012946 1.136514 0.027413
v -0.022135 1.140617 0.023556
v -0.018731 1.146371 0.008056
v -0.028892 1.147982 0.011146
v -0.007754 1.133414 0.040094
v -0.015437 1.131819 0.040192
v 0.009561 1.143670 0.046765
v 0.014359 1.146663 0.040548
v 0.019462 1.149848 0.033935
v -0.041595 1.163780 0.012591
v -0.041637 1.161550 0.017923
v -0.030609 1.143542 0.023286
v -0.027355 1.151603 -0.000359
v -0.021299 1.152135 -0.005065
v -0.042814 1.167323 0.007939
v -0.048640 1.172859 0.015419
v -0.051754 1.176392 0.020089
v -0.049318 1.170470 0.024240
v -0.058352 1.189397 0.025283
v -0.052645 1.174533 0.028971
v -0.055192 1.174073 0.036847
v -0.043038 1.158293 0.029890
v -0.032329 1.139108 0.035430
v -0.023593 1.135515 0.036762
v -0.042323 1.159948 0.023750
v -0.010893 1.129752 0.049870
v -0.017322 1.128273 0.049863
v -0.024790 1.131342 0.047595
v -0.034050 1.134687 0.047581
v -0.050764 1.161512 0.046538
v -0.035773 1.130281 0.059740
v -0.044963 1.145066 0.059204
v -0.014591 1.127291 0.061552
v -0.019553 1.126415 0.061429
v -0.024000 1.128246 0.060079
v -0.004936 1.165310 0.071308
v -0.005289 1.178334 0.074452
v -0.002317 1.181066 0.067660
v -0.001964 1.168115 0.064533
v -0.035517 1.168753 0.061181
v -0.035854 1.181000 0.064171
v -0.034334 1.178278 0.071430
v -0.033997 1.166039 0.068439
v -0.033653 1.181005 0.064400
v -0.033316 1.168758 0.061410
v -0.031996 1.166401 0.067715
v -0.032332 1.178640 0.070706
v -0.027131 1.164907 0.072780
v -0.027462 1.176915 0.075729
v -0.019996 1.163363 0.074995
v -0.020347 1.176294 0.078123
v -0.012558 1.164709 0.074251
v -0.012894 1.176943 0.077245
v -0.006746 1.165664 0.070188
v -0.007100 1.178688 0.073332
v -0.035517 1.168753 0.061181
v -0.033997 1.166039 0.068439
v -0.028397 1.164286 0.074263
v -0.020187 1.162649 0.076840
v -0.011623 1.164092 0.075963
v -0.004936 1.165310 0.071308
v -0.001964 1.168115 0.064533
v -0.004163 1.168027 0.064288
v -0.004517 1.181062 0.067431
v -0.075962 1.215162 0.012578
v -0.079862 1.216762 0.012151
v -0.080663 1.216776 0.019192
v -0.074554 1.220311 0.012151
v -0.076762 1.215176 0.019619
v -0.078591 1.218793 0.023703
v -0.070160 1.228835 0.012204
v -0.075143 1.220321 0.017336
v -0.076401 1.217141 0.023937
v -0.079763 1.231232 0.029218
v -0.077840 1.231277 0.020009
v -0.078284 1.231093 0.009943
v -0.079382 1.221053 0.003958
v -0.076872 1.231104 0.000089
v -0.079271 1.227243 -0.002730
v -0.079455 1.233727 -0.007102
v -0.080650 1.247231 0.000220
v -0.080198 1.243315 -0.009408
v -0.082202 1.255917 0.002260
v -0.080894 1.250840 -0.010225
v -0.082444 1.257271 0.002579
v -0.078932 1.243711 0.009969
v -0.083721 1.267175 -0.000401
v -0.084976 1.268449 0.009481
v -0.079804 1.258575 0.012101
v -0.080459 1.256374 0.019910
v -0.079150 1.243826 0.019959
v -0.081667 1.256777 -0.008894
v -0.070548 1.228842 0.015616
v -0.075653 1.221831 0.020429
v -0.077923 1.230456 0.029419
v -0.083765 1.240282 0.024819
v -0.080044 1.240399 0.025239
v -0.084945 1.249352 0.026848
v -0.081294 1.250132 0.027266
v -0.085838 1.259128 0.025689
v -0.082261 1.260621 0.026104
v -0.085742 1.264629 0.019759
v -0.082207 1.266526 0.020172
v -0.081470 1.270627 0.009893
v -0.079567 1.262109 0.017728
v -0.079058 1.265447 0.010157
v -0.073458 1.256333 0.015873
v -0.073123 1.258529 0.010893
v -0.080027 1.240403 0.025212
v -0.078762 1.248766 0.022957
v -0.079559 1.257303 0.022097
v -0.073453 1.253171 0.018748
v -0.072929 1.247555 0.019313
v -0.072272 1.242345 0.018333
v -0.077763 1.240846 0.021467
v -0.077237 1.232624 0.024421
v -0.077038 1.231270 0.023920
v -0.071926 1.236936 0.020276
v -0.070883 1.229836 0.017650
v -0.070573 1.244093 0.001751
v -0.074497 1.235130 -0.002036
v -0.070123 1.238585 0.002871
v -0.074269 1.229467 0.001187
v -0.075451 1.226411 -0.002306
v -0.075514 1.219768 0.004384
v -0.074262 1.224060 0.006116
v -0.069973 1.234859 0.004992
v -0.069968 1.231302 0.008234
v -0.070322 1.236893 0.006188
v -0.070867 1.236902 0.010978
v -0.071619 1.244111 0.010950
v -0.072163 1.244120 0.015740
v -0.072916 1.251329 0.015711
v -0.072619 1.252595 0.011927
v -0.071325 1.246279 0.006357
v -0.075962 1.215162 0.012578
v -0.074554 1.220311 0.012151
v -0.070160 1.228835 0.012204
v -0.071411 1.236912 0.015768
v -0.072272 1.242345 0.018333
v -0.072929 1.247555 0.019313
v -0.073453 1.253171 0.018748
v -0.073458 1.256333 0.015873
v -0.073123 1.258529 0.010893
v -0.072064 1.252074 0.007522
v -0.070548 1.228842 0.015616
v -0.071926 1.236936 0.020276
v -0.070883 1.229836 0.017650
v -0.081470 1.270627 0.009893
v -0.084976 1.268449 0.009481
v -0.083721 1.267175 -0.000401
v -0.080205 1.269260 0.000011
v -0.079058 1.265447 0.010157
v -0.078116 1.264336 0.002880
v -0.072504 1.257798 0.006106
v -0.070981 1.248416 0.001353
v -0.075181 1.243504 -0.003738
v -0.075684 1.233370 -0.006680
v -0.079271 1.227243 -0.002730
v -0.079382 1.221053 0.003958
v -0.079862 1.216762 0.012151
v -0.081667 1.256777 -0.008894
v -0.078072 1.258105 -0.008478
v -0.076455 1.255260 -0.003368
v -0.071411 1.251827 0.001995
v -0.075801 1.250075 -0.004344
v -0.076501 1.243659 -0.008988
v -0.079455 1.233727 -0.007102
v -0.080894 1.250840 -0.010225
v -0.077254 1.251734 -0.009808
v -0.080198 1.243315 -0.009408
v -0.079804 1.258575 0.012101
v -0.085742 1.264629 0.019759
v -0.080459 1.256374 0.019910
v -0.085838 1.259128 0.025689
v -0.084945 1.249352 0.026848
v -0.079150 1.243826 0.019959
v -0.083765 1.240282 0.024819
v -0.077840 1.231277 0.020009
v -0.079763 1.231232 0.029218
v -0.038669 1.203366 0.062587
v -0.038888 1.213159 0.064510
v -0.038662 1.203359 0.062618
v -0.036663 1.201404 0.071193
v -0.038948 1.215864 0.065041
v -0.036942 1.213902 0.073648
v -0.036140 1.215869 0.065333
v -0.034397 1.214165 0.072810
v -0.028141 1.212926 0.078802
v -0.029740 1.212476 0.080544
v -0.019047 1.212486 0.081703
v -0.019273 1.211969 0.083884
v -0.009552 1.212962 0.080736
v -0.008343 1.212517 0.082771
v -0.002200 1.214226 0.076160
v 0.000119 1.213972 0.077504
v 0.001038 1.215940 0.069202
v 0.003846 1.215946 0.069494
v 0.000409 1.200747 0.074954
v 0.003842 1.202565 0.067574
v 0.000411 1.200668 0.074939
v -0.000441 1.200602 0.075479
v -0.008064 1.200007 0.080315
v 0.004137 1.202729 0.066941
v -0.002649 1.200875 0.074066
v -0.000441 1.200602 0.075479
v -0.001908 1.200922 0.073595
v 0.000411 1.200668 0.074939
v -0.035860 1.203372 0.062879
v -0.038669 1.203366 0.062587
v -0.038662 1.203359 0.062618
v -0.035853 1.203365 0.062910
v -0.036079 1.213165 0.064802
v -0.036140 1.215869 0.065333
v -0.034118 1.201667 0.070355
v -0.034397 1.214165 0.072810
v -0.027865 1.200652 0.076378
v -0.028141 1.212926 0.078802
v -0.018756 1.199268 0.079150
v -0.019047 1.212486 0.081703
v -0.009272 1.200452 0.078280
v -0.009552 1.212962 0.080736
v -0.002200 1.214226 0.076160
v -0.001910 1.201001 0.073610
v 0.001330 1.202636 0.066636
v 0.003842 1.202565 0.067574
v 0.004137 1.202729 0.066941
v 0.001328 1.202715 0.066651
v 0.001038 1.215940 0.069202
v -0.036663 1.201404 0.071193
v -0.363941 0.695330 -0.050218
v -0.262076 0.906778 -0.061686
v -0.291308 0.918819 -0.045887
v -0.365306 0.699328 -0.040115
v -0.302987 0.927142 -0.013081
v -0.363170 0.698219 -0.026558
v -0.370454 0.689595 -0.042493
v -0.368574 0.687764 -0.048045
v -0.356984 0.689774 -0.048966
v -0.229135 0.896455 -0.053907
v -0.350825 0.687431 -0.045684
v -0.357646 0.680126 -0.048061
v -0.365642 0.685121 -0.051266
v -0.362225 0.672336 -0.048467
v -0.371303 0.678096 -0.052139
v -0.383874 0.638881 -0.051940
v -0.395651 0.637460 -0.054446
v -0.388245 0.630080 -0.048966
v -0.399958 0.628824 -0.053936
v -0.392337 0.622137 -0.042215
v -0.401326 0.621188 -0.046002
v -0.395391 0.616199 -0.032799
v -0.400367 0.635865 -0.048797
v -0.373905 0.679896 -0.048484
v -0.400270 0.615696 -0.034841
v -0.405795 0.619359 -0.036258
v -0.405808 0.626446 -0.041199
v -0.402739 0.634904 -0.043632
v -0.376791 0.683095 -0.042132
v -0.384168 0.621710 -0.027071
v -0.377769 0.629639 -0.029059
v -0.390910 0.615922 -0.024638
v -0.396949 0.613184 -0.022151
v -0.402688 0.614706 -0.029567
v -0.403101 0.617703 -0.018705
v -0.402278 0.624272 -0.018271
v -0.399133 0.632843 -0.018717
v -0.375470 0.684409 -0.024314
v -0.369292 0.690751 -0.026819
v -0.401230 0.613810 -0.020068
v -0.389452 0.615026 -0.015139
v -0.381435 0.620039 -0.009545
v -0.246796 0.964404 -0.056785
v -0.262196 0.977395 -0.033382
v -0.220850 0.948564 -0.061321
v -0.196909 0.936635 -0.044613
v -0.187384 0.932354 -0.014900
v -0.208102 0.892383 -0.026455
v -0.345228 0.687402 -0.035860
v -0.351177 0.677364 -0.034696
v -0.354877 0.669190 -0.033269
v -0.373103 0.638707 -0.030033
v -0.113654 1.019903 -0.026523
v -0.119288 1.080974 -0.041872
v -0.143371 1.112946 -0.043894
v -0.161099 1.128171 -0.032765
v -0.167482 1.118725 -0.007523
v -0.012936 1.130362 0.079166
v -0.010388 1.136454 0.079837
v -0.015652 1.129378 0.077720
v -0.377147 0.650173 -0.015957
v -0.378006 0.655978 -0.008805
v -0.379586 0.649451 -0.011860
v -0.369890 0.645289 0.006480
v -0.367522 0.643044 0.014594
v -0.367592 0.647659 0.010003
v -0.364757 0.615191 0.024549
v -0.363372 0.616184 0.026099
v -0.352139 0.649506 0.005385
v -0.355644 0.646403 0.002030
v -0.367078 0.613975 0.024367
v -0.361419 0.642913 0.001928
v -0.368707 0.613324 0.025322
v -0.365425 0.641230 0.004327
v -0.369250 0.613107 0.025641
v -0.366761 0.640669 0.005126
v -0.370256 0.612992 0.027772
v -0.369171 0.640721 0.010129
v -0.369625 0.613684 0.029766
v -0.367709 0.644960 0.001948
v -0.375801 0.652020 -0.016761
v -0.371460 0.657206 -0.019324
v -0.365559 0.644737 0.000691
v -0.361547 0.646524 -0.001797
v -0.357316 0.651772 -0.001290
v -0.353798 0.655671 0.001404
v -0.360281 0.675064 -0.019256
v -0.364597 0.666824 -0.020731
v -0.372566 0.666141 -0.008534
v -0.365523 0.674676 -0.011276
v -0.360647 0.678165 -0.015522
v -0.367592 0.647659 0.010003
v -0.369890 0.645289 0.006480
v -0.379586 0.649451 -0.011860
v -0.378006 0.655978 -0.008805
v -0.353798 0.655671 0.001404
v -0.360647 0.678165 -0.015522
v -0.360281 0.675064 -0.019256
v -0.353923 0.657531 0.005737
v -0.365523 0.674676 -0.011276
v -0.356673 0.655361 0.009209
v -0.372566 0.666141 -0.008534
v -0.362611 0.651913 0.011199
v -0.362584 0.646552 0.016434
v -0.367522 0.643044 0.014594
v -0.367653 0.614860 0.030687
v -0.369625 0.613684 0.029766
v -0.369250 0.613107 0.025641
v -0.370256 0.612992 0.027772
v -0.365262 0.615968 0.030106
v -0.356669 0.649603 0.014786
v -0.352544 0.650770 0.010423
v -0.363571 0.616491 0.028294
v -0.352139 0.649506 0.005385
v -0.363372 0.616184 0.026099
v -0.364757 0.615191 0.024549
v -0.367078 0.613975 0.024367
v -0.368707 0.613324 0.025322
v -0.366653 0.615367 0.030688
v -0.368467 0.615406 0.030325
v -0.368973 0.611227 0.032310
v -0.367297 0.611224 0.032698
v -0.369530 0.606524 0.033251
v -0.368157 0.606599 0.033690
v -0.365833 0.610845 0.032440
v -0.365049 0.614951 0.030406
v -0.364598 0.618712 0.027746
v -0.366098 0.619102 0.028011
v -0.367811 0.619114 0.027630
v -0.366995 0.606297 0.033486
v -0.364581 0.610088 0.031538
v -0.366044 0.605619 0.032638
v -0.363658 0.614158 0.029479
v -0.363372 0.616184 0.026099
v -0.363171 0.618190 0.027256
v -0.364460 0.618957 0.028165
v -0.365961 0.619346 0.028429
v -0.367674 0.619359 0.028048
v -0.368330 0.615651 0.030743
v -0.368835 0.611472 0.032729
v -0.369434 0.606563 0.033744
v -0.363170 0.698219 -0.026558
v -0.365306 0.699328 -0.040115
v -0.302987 0.927142 -0.013081
v -0.290551 0.929566 0.021185
v -0.262196 0.977395 -0.033382
v -0.359177 0.698264 -0.015822
v -0.369292 0.690751 -0.026819
v -0.362824 0.687986 -0.013452
v -0.375470 0.684409 -0.024314
v -0.368118 0.681265 -0.009119
v -0.399133 0.632843 -0.018717
v -0.387311 0.631971 0.002556
v -0.402278 0.624272 -0.018271
v -0.391460 0.623603 0.001431
v -0.403101 0.617703 -0.018705
v -0.394822 0.617191 -0.003626
v -0.401230 0.613810 -0.020068
v -0.396749 0.613533 -0.011907
v -0.396949 0.613184 -0.022151
v -0.391871 0.614037 -0.009866
v -0.389452 0.615026 -0.015139
v -0.244224 0.969399 0.023286
v -0.158414 1.102573 0.008237
v -0.144561 1.082674 0.023668
v -0.260944 0.979728 -0.001677
v -0.167482 1.118725 -0.007523
v -0.261329 0.922717 0.039496
v -0.348745 0.694313 -0.011320
v -0.354839 0.682920 -0.010223
v -0.359036 0.675501 -0.005450
v -0.376327 0.633437 0.001709
v -0.380605 0.624911 0.003101
v -0.385807 0.618122 0.000146
v -0.353555 0.670504 -0.015451
v -0.350015 0.678520 -0.019022
v -0.343337 0.689694 -0.020105
v -0.230791 0.906967 0.033974
v -0.381435 0.620039 -0.009545
v -0.374088 0.627423 -0.006234
v -0.372563 0.629909 -0.006058
v -0.368801 0.636271 -0.005557
v -0.354877 0.669190 -0.033269
v -0.351177 0.677364 -0.034696
v -0.345228 0.687402 -0.035860
v -0.209601 0.895229 0.008197
v -0.218629 0.953192 0.029227
v -0.129463 1.059854 0.021887
v -0.196105 0.938684 0.014070
v -0.208102 0.892383 -0.026455
v -0.113578 1.049120 0.015102
v -0.187384 0.932354 -0.014900
v -0.113654 1.019903 -0.026523
v -0.377769 0.629639 -0.029059
v -0.384168 0.621710 -0.027071
v -0.373103 0.638707 -0.030033
v -0.365696 0.611090 0.032859
v -0.368060 0.606637 0.034183
v -0.367160 0.611469 0.033116
v -0.366898 0.606336 0.033979
v -0.364444 0.610333 0.031956
v -0.365947 0.605658 0.033131
v -0.363520 0.614403 0.029897
v -0.364912 0.615196 0.030824
v -0.366515 0.615613 0.031106
v -0.368835 0.611472 0.032729
v -0.368330 0.615651 0.030743
v -0.369434 0.606563 0.033744
v -0.368157 0.606599 0.033690
v -0.366995 0.606297 0.033486
v -0.366044 0.605619 0.032638
v -0.364581 0.610088 0.031538
v -0.363658 0.614158 0.029479
v -0.363372 0.616184 0.026099
v -0.363171 0.618190 0.027256
v -0.364460 0.618957 0.028165
v -0.365961 0.619346 0.028429
v -0.367674 0.619359 0.028048
v -0.369530 0.606524 0.033251
v -0.407044 0.565010 -0.013774
v -0.406523 0.559827 -0.014355
v -0.407077 0.559891 -0.014329
v -0.405304 0.554702 -0.015243
v -0.405832 0.554521 -0.015233
v -0.406735 0.554700 -0.016538
v -0.407995 0.560092 -0.015983
v -0.407044 0.565010 -0.013774
v -0.408041 0.565335 -0.017443
v -0.406174 0.570058 -0.013677
v -0.405620 0.569995 -0.013702
v -0.406540 0.570199 -0.015399
v -0.407094 0.570262 -0.015373
v -0.406608 0.570305 -0.017135
v -0.407162 0.570368 -0.017109
v -0.405823 0.570314 -0.018909
v -0.406377 0.570377 -0.018884
v -0.407261 0.565351 -0.019336
v -0.407261 0.565351 -0.019336
v -0.408041 0.565335 -0.017443
v -0.407508 0.560133 -0.017701
v -0.407442 0.560029 -0.016009
v -0.406261 0.554964 -0.017892
v -0.406208 0.554882 -0.016548
v -0.406788 0.554783 -0.017882
v -0.406722 0.560139 -0.019434
v -0.405462 0.554949 -0.019275
v -0.405989 0.554768 -0.019265
v -0.405620 0.569995 -0.013702
v -0.406540 0.570199 -0.015399
v -0.408041 0.565335 -0.017443
v -0.407044 0.565010 -0.013774
v -0.407442 0.560029 -0.016009
v -0.406523 0.559827 -0.014355
v -0.406208 0.554882 -0.016548
v -0.405304 0.554702 -0.015243
v -0.406735 0.554700 -0.016538
v -0.405832 0.554521 -0.015233
v -0.407995 0.560092 -0.015983
v -0.406788 0.554783 -0.017882
v -0.408061 0.560196 -0.017676
v -0.405989 0.554768 -0.019265
v -0.407275 0.560202 -0.019408
v -0.408041 0.565335 -0.017443
v -0.407261 0.565351 -0.019336
v -0.407162 0.570368 -0.017109
v -0.406377 0.570377 -0.018884
v -0.407094 0.570262 -0.015373
v -0.408041 0.565335 -0.017443
v -0.406722 0.560139 -0.019434
v -0.405462 0.554949 -0.019275
v -0.407261 0.565351 -0.019336
v -0.405823 0.570314 -0.018909
v -0.393967 0.576827 0.003411
v -0.394061 0.572214 0.003758
v -0.392720 0.572223 0.005034
v -0.393948 0.567568 0.003889
v -0.392661 0.567569 0.005029
v -0.393967 0.576827 0.003411
v -0.394414 0.576590 0.000210
v -0.394683 0.572129 0.002200
v -0.394517 0.567490 0.002466
v -0.393256 0.562850 0.002388
v -0.392805 0.562912 0.003517
v -0.391636 0.562897 0.004364
v -0.393242 0.562741 0.003701
v -0.392073 0.562726 0.004548
v -0.392720 0.572223 0.005034
v -0.392661 0.567569 0.005029
v -0.393128 0.567619 0.005213
v -0.393186 0.572273 0.005217
v -0.394415 0.567618 0.004073
v -0.394527 0.572264 0.003942
v -0.393967 0.576827 0.003411
v -0.393967 0.576827 0.003411
v -0.391636 0.562897 0.004364
v -0.392073 0.562726 0.004548
v -0.393242 0.562741 0.003701
v -0.393693 0.562679 0.002571
v -0.394983 0.567540 0.002650
v -0.395150 0.572179 0.002384
v -0.393967 0.576827 0.003411
v -0.394414 0.576590 0.000210
v -0.394414 0.576590 0.000210
v -0.394587 0.571967 0.000359
v -0.394683 0.572129 0.002200
v -0.394366 0.567335 0.000760
v -0.394517 0.567490 0.002466
v -0.392990 0.562711 0.000976
v -0.393256 0.562850 0.002388
v -0.393427 0.562541 0.001160
v -0.392805 0.562912 0.003517
v -0.392990 0.562711 0.000976
v -0.394366 0.567335 0.000760
v -0.394833 0.567385 0.000944
v -0.393427 0.562541 0.001160
v -0.394587 0.571967 0.000359
v -0.395053 0.572017 0.000543
v -0.395150 0.572179 0.002384
v -0.394983 0.567540 0.002650
v -0.393693 0.562679 0.002571
v -0.394414 0.576590 0.000210
v -0.394414 0.576590 0.000210
v -0.382757 0.607483 -0.005014
v -0.380708 0.608230 -0.001332
v -0.379519 0.612153 -0.001627
v -0.394587 0.571967 0.000359
v -0.392346 0.601083 -0.004594
v -0.395400 0.598424 -0.000687
v -0.392768 0.574184 -0.000918
v -0.387353 0.604660 -0.006302
v -0.390140 0.576102 -0.001809
v -0.387730 0.577588 -0.001123
v -0.386667 0.577948 0.000820
v -0.385884 0.609411 -0.006636
v -0.378097 0.633181 -0.009110
v -0.383269 0.630159 -0.010761
v -0.381300 0.612099 -0.005341
v -0.390853 0.606034 -0.004939
v -0.393881 0.603548 -0.001044
v -0.388818 0.626304 -0.008944
v -0.392122 0.623373 -0.004515
v -0.375611 0.633893 -0.004830
v -0.375956 0.633412 -0.003601
v -0.377030 0.631991 0.000110
v -0.381823 0.628466 0.003476
v -0.387636 0.624871 0.003632
v -0.391743 0.622905 0.000495
v -0.393553 0.603115 0.003225
v -0.395086 0.597928 0.003590
v -0.394237 0.572428 0.003384
v -0.390021 0.604939 0.005872
v -0.393553 0.603115 0.003225
v -0.391743 0.622905 0.000495
v -0.387636 0.624871 0.003632
v -0.384938 0.608166 0.005658
v -0.381823 0.628466 0.003476
v -0.380683 0.611286 0.002683
v -0.377030 0.631991 0.000110
v -0.391550 0.599827 0.006234
v -0.395086 0.597928 0.003590
v -0.386447 0.603233 0.006010
v -0.382166 0.606551 0.003022
v -0.381073 0.607810 -0.000243
v -0.379810 0.611936 -0.000550
v -0.375956 0.633412 -0.003601
v -0.386862 0.577714 0.001392
v -0.387448 0.577013 0.003108
v -0.389708 0.575221 0.004673
v -0.392389 0.573410 0.004782
v -0.394237 0.572428 0.003384
v -0.394587 0.571967 0.000359
v -0.392768 0.574184 -0.000918
v -0.390140 0.576102 -0.001809
v -0.387730 0.577588 -0.001123
v -0.386667 0.577948 0.000820
v -0.380708 0.608230 -0.001332
v -0.379519 0.612153 -0.001627
v -0.375611 0.633893 -0.004830
v -0.402727 0.599852 -0.012717
v -0.398084 0.624541 -0.018822
v -0.398133 0.623285 -0.013722
v -0.402686 0.600961 -0.017059
v -0.394378 0.628144 -0.023184
v -0.404888 0.593877 -0.012795
v -0.399276 0.604055 -0.020888
v -0.388594 0.632198 -0.024837
v -0.404824 0.595060 -0.017139
v -0.407612 0.563809 -0.015387
v -0.407044 0.565010 -0.013774
v -0.407261 0.565351 -0.019336
v -0.401367 0.598355 -0.020964
v -0.394094 0.607685 -0.022411
v -0.383691 0.635063 -0.022874
v -0.389564 0.610153 -0.020916
v -0.381783 0.635284 -0.018324
v -0.388155 0.609523 -0.017126
v -0.391573 0.604846 -0.020980
v -0.389819 0.605005 -0.017164
v -0.400572 0.569732 -0.019660
v -0.399667 0.569778 -0.017650
v -0.399919 0.569450 -0.017080
v -0.400673 0.568465 -0.015370
v -0.402963 0.568349 -0.020459
v -0.403118 0.566408 -0.013885
v -0.405722 0.566276 -0.019673
v -0.396134 0.602220 -0.022482
v -0.407044 0.565010 -0.013774
v -0.407612 0.563809 -0.015387
v -0.404888 0.593877 -0.012795
v -0.403118 0.566408 -0.013885
v -0.401528 0.595358 -0.009965
v -0.402727 0.599852 -0.012717
v -0.400673 0.568465 -0.015370
v -0.396317 0.598812 -0.009974
v -0.399381 0.601245 -0.009892
v -0.398133 0.623285 -0.013722
v -0.394268 0.624717 -0.010391
v -0.398084 0.624541 -0.018822
v -0.394378 0.628144 -0.023184
v -0.388623 0.628528 -0.010224
v -0.388594 0.632198 -0.024837
v -0.383690 0.632696 -0.013357
v -0.383691 0.635063 -0.022874
v -0.382265 0.634646 -0.017080
v -0.381783 0.635284 -0.018324
v -0.388155 0.609523 -0.017126
v -0.388527 0.609159 -0.016033
v -0.389819 0.605005 -0.017164
v -0.390287 0.604409 -0.016077
v -0.399667 0.569778 -0.017650
v -0.399919 0.569450 -0.017080
v -0.391692 0.602622 -0.012817
v -0.394213 0.604490 -0.009907
v -0.389641 0.608068 -0.012755
v -0.408687 0.576189 -0.031796
v -0.409392 0.576358 -0.033596
v -0.409795 0.571269 -0.033996
v -0.409100 0.571091 -0.032078
v -0.409330 0.566167 -0.034462
v -0.408621 0.566002 -0.032705
v -0.407598 0.561156 -0.034906
v -0.406861 0.561019 -0.033496
v -0.408105 0.560931 -0.034969
v -0.407367 0.560794 -0.033559
v -0.409885 0.566183 -0.034509
v -0.407989 0.561043 -0.036306
v -0.410351 0.571285 -0.034043
v -0.409738 0.566324 -0.036195
v -0.407018 0.561129 -0.037572
v -0.409948 0.576374 -0.033643
v -0.410190 0.571439 -0.035888
v -0.408736 0.566439 -0.037807
v -0.406512 0.561354 -0.037509
v -0.408181 0.566423 -0.037760
v -0.409174 0.571568 -0.037662
v -0.408618 0.571552 -0.037615
v -0.408792 0.576637 -0.037027
v -0.408236 0.576621 -0.036980
v -0.409798 0.576518 -0.035371
v -0.409100 0.571091 -0.032078
v -0.408621 0.566002 -0.032705
v -0.409176 0.566018 -0.032752
v -0.409656 0.571107 -0.032125
v -0.408687 0.576189 -0.031796
v -0.409243 0.576205 -0.031843
v -0.409392 0.576358 -0.033596
v -0.406861 0.561019 -0.033496
v -0.407367 0.560794 -0.033559
v -0.408105 0.560931 -0.034969
v -0.409885 0.566183 -0.034509
v -0.410351 0.571285 -0.034043
v -0.409948 0.576374 -0.033643
v -0.409242 0.576502 -0.035324
v -0.409635 0.571423 -0.035842
v -0.408618 0.571552 -0.037615
v -0.408181 0.566423 -0.037760
v -0.409798 0.576518 -0.035371
v -0.408236 0.576621 -0.036980
v -0.408792 0.576637 -0.037027
v -0.407598 0.561156 -0.034906
v -0.407989 0.561043 -0.036306
v -0.407482 0.561268 -0.036243
v -0.407018 0.561129 -0.037572
v -0.406512 0.561354 -0.037509
v -0.409183 0.566307 -0.036147
v -0.409795 0.571269 -0.033996
v -0.409330 0.566167 -0.034462
v -0.404155 0.602983 -0.037809
v -0.397188 0.611370 -0.038008
v -0.402349 0.608079 -0.037271
v -0.408156 0.599523 -0.034483
v -0.406310 0.604800 -0.033929
v -0.409709 0.571738 -0.036338
v -0.410215 0.570746 -0.034040
v -0.409083 0.597724 -0.030102
v -0.407219 0.603068 -0.029545
v -0.409100 0.571091 -0.032078
v -0.406309 0.572631 -0.031820
v -0.407591 0.573611 -0.038074
v -0.398954 0.606486 -0.038525
v -0.393242 0.613133 -0.035793
v -0.387544 0.635676 -0.036344
v -0.391893 0.633723 -0.039063
v -0.397749 0.630111 -0.038263
v -0.402275 0.626446 -0.034373
v -0.403344 0.624456 -0.029222
v -0.403726 0.574625 -0.032937
v -0.404853 0.575487 -0.038437
v -0.394986 0.608391 -0.036296
v -0.402678 0.575769 -0.034547
v -0.402775 0.576490 -0.037255
v -0.402330 0.576150 -0.035084
v -0.409100 0.571091 -0.032078
v -0.410215 0.570746 -0.034040
v -0.409083 0.597724 -0.030102
v -0.406309 0.572631 -0.031820
v -0.406504 0.598428 -0.026718
v -0.407219 0.603068 -0.029545
v -0.403726 0.574625 -0.032937
v -0.401625 0.601306 -0.025913
v -0.404649 0.603693 -0.026170
v -0.403344 0.624456 -0.029222
v -0.402678 0.575769 -0.034547
v -0.396729 0.605010 -0.028063
v -0.399804 0.606382 -0.025383
v -0.400385 0.625003 -0.025260
v -0.402275 0.626446 -0.034373
v -0.394989 0.628052 -0.024233
v -0.397749 0.630111 -0.038263
v -0.389528 0.631971 -0.026691
v -0.391893 0.633723 -0.039063
v -0.387361 0.634252 -0.030256
v -0.387544 0.635676 -0.036344
v -0.386641 0.635011 -0.031441
v -0.393242 0.613133 -0.035793
v -0.392664 0.611851 -0.031760
v -0.394986 0.608391 -0.036296
v -0.394107 0.607809 -0.032164
v -0.394950 0.609878 -0.027553
v -0.393236 0.611358 -0.030708
v -0.394762 0.607109 -0.031139
v -0.402775 0.576490 -0.037255
v -0.402330 0.576150 -0.035084
v -0.404967 0.589076 -0.059224
v -0.404544 0.585790 -0.060236
v -0.405195 0.589557 -0.058713
v -0.404110 0.585772 -0.060139
v -0.404485 0.586280 -0.061522
v -0.402869 0.582543 -0.062744
v -0.402434 0.582135 -0.061616
v -0.402818 0.581971 -0.061771
v -0.402635 0.582925 -0.063724
v -0.402118 0.583114 -0.064710
v -0.403020 0.582761 -0.063879
v -0.403765 0.594873 -0.061046
v -0.405170 0.594426 -0.060025
v -0.404200 0.594891 -0.061142
v -0.404736 0.594408 -0.059929
v -0.405472 0.593934 -0.058760
v -0.405037 0.593916 -0.058664
v -0.405103 0.593414 -0.057346
v -0.404668 0.593396 -0.057250
v -0.405108 0.590092 -0.060116
v -0.404192 0.586760 -0.062756
v -0.401734 0.583278 -0.064555
v -0.403796 0.591116 -0.062670
v -0.404787 0.590618 -0.061468
v -0.403229 0.587212 -0.063841
v -0.402434 0.582135 -0.061616
v -0.402869 0.582543 -0.062744
v -0.403253 0.582380 -0.062899
v -0.402818 0.581971 -0.061771
v -0.404544 0.585790 -0.060236
v -0.402635 0.582925 -0.063724
v -0.403020 0.582761 -0.063879
v -0.404920 0.586298 -0.061618
v -0.405195 0.589557 -0.058713
v -0.405543 0.590110 -0.060213
v -0.405103 0.593414 -0.057346
v -0.405472 0.593934 -0.058760
v -0.405221 0.590636 -0.061564
v -0.405170 0.594426 -0.060025
v -0.404230 0.591134 -0.062767
v -0.404200 0.594891 -0.061142
v -0.403796 0.591116 -0.062670
v -0.403765 0.594873 -0.061046
v -0.404627 0.586778 -0.062852
v -0.403663 0.587230 -0.063938
v -0.402118 0.583114 -0.064710
v -0.401734 0.583278 -0.064555
v -0.403229 0.587212 -0.063841
v -0.401367 0.592737 -0.063410
v -0.399107 0.593811 -0.062696
v -0.394638 0.616974 -0.057362
v -0.398944 0.614974 -0.058686
v -0.393532 0.620289 -0.055835
v -0.397816 0.618440 -0.057107
v -0.388990 0.637075 -0.052494
v -0.393882 0.635114 -0.053964
v -0.386751 0.636807 -0.048743
v -0.391507 0.620190 -0.052635
v -0.392603 0.616976 -0.054125
v -0.398047 0.593811 -0.060990
v -0.398684 0.592738 -0.059089
v -0.399193 0.592327 -0.058787
v -0.400719 0.591094 -0.057883
v -0.403770 0.591092 -0.062797
v -0.403505 0.611912 -0.057480
v -0.402355 0.615508 -0.055854
v -0.399144 0.631839 -0.052462
v -0.405025 0.612864 -0.052664
v -0.402265 0.628755 -0.048719
v -0.404577 0.611746 -0.049029
v -0.401797 0.627322 -0.044482
v -0.405737 0.608160 -0.050652
v -0.406188 0.609221 -0.054307
v -0.405192 0.589647 -0.061144
v -0.403201 0.589647 -0.057936
v -0.404967 0.589076 -0.059224
v -0.393791 0.614979 -0.050492
v -0.394754 0.614214 -0.049909
v -0.393789 0.617107 -0.048601
v -0.392878 0.617735 -0.049255
v -0.389245 0.633555 -0.043823
v -0.388149 0.634410 -0.044508
v -0.403201 0.589647 -0.057936
v -0.404967 0.589076 -0.059224
v -0.405737 0.608160 -0.050652
v -0.402363 0.609225 -0.048225
v -0.400719 0.591094 -0.057883
v -0.397645 0.611918 -0.048162
v -0.399193 0.592327 -0.058787
v -0.398684 0.592738 -0.059089
v -0.398047 0.593811 -0.060990
v -0.392603 0.616976 -0.054125
v -0.391507 0.620190 -0.052635
v -0.386751 0.636807 -0.048743
v -0.388990 0.637075 -0.052494
v -0.393882 0.635114 -0.053964
v -0.392547 0.630995 -0.041757
v -0.396525 0.615220 -0.046640
v -0.401220 0.612676 -0.046650
v -0.404577 0.611746 -0.049029
v -0.401797 0.627322 -0.044482
v -0.397943 0.628195 -0.041742
v -0.399144 0.631839 -0.052462
v -0.402265 0.628755 -0.048719
v -0.041403 1.157572 0.011900
v -0.035197 1.169057 0.034182
v -0.042785 1.139138 0.025575
v -0.036636 1.174027 0.018617
v -0.032047 1.179012 0.003678
v -0.022481 1.182864 -0.007217
v -0.028061 1.165244 0.046808
v -0.016862 1.163460 0.053603
v -0.010130 1.184702 -0.011569
v -0.004164 1.164096 0.053008
v -0.007475 1.184574 -0.010879
v 0.002176 1.184110 -0.008374
v 0.011617 1.181220 0.001633
v 0.007122 1.167014 0.045160
v 0.016033 1.176690 0.016152
v 0.018882 1.121766 0.036661
v 0.014412 1.171561 0.031859
v 0.019757 1.156283 0.027565
v 0.021546 1.162006 0.010206
v 0.039969 1.113006 -0.009743
v 0.037617 1.105465 0.013082
v 0.024952 1.098589 0.031778
v 0.004997 1.093497 0.041324
v -0.017911 1.092121 0.041061
v -0.038725 1.095604 0.032272
v -0.042833 1.097523 0.027056
v -0.052271 1.101664 0.014391
v -0.055500 1.109063 -0.008105
v 0.155071 0.204907 -0.184877
v 0.003073 0.197273 -0.089469
v 0.157654 0.180341 -0.148213
v 0.109123 0.191860 -0.202775
v 0.084159 0.214604 -0.234462
v 0.036463 0.196969 -0.233194
v -0.005213 0.216211 -0.252116
v -0.043622 0.194655 -0.233155
v -0.081875 0.191521 -0.250793
v -0.104608 0.171593 -0.215950
v 0.203751 0.142776 -0.253838
v 0.167852 0.119766 -0.280322
v 0.236280 0.122009 -0.212520
v 0.259107 0.110589 -0.162901
v 0.187875 0.198232 -0.117067
v 0.170939 0.165051 -0.082007
v -0.233680 0.077250 -0.201975
v -0.251441 0.077346 -0.149399
v -0.183442 0.176512 -0.128580
v -0.150643 0.164793 -0.160585
v -0.150498 0.185045 -0.201423
v -0.162802 0.087719 -0.287220
v -0.112504 0.097751 -0.317008
v -0.053197 0.094204 -0.331115
v 0.008341 0.101535 -0.334910
v 0.070180 0.095334 -0.324636
v 0.115915 0.131151 -0.309065
v -0.206357 0.088895 -0.249486
v -0.160858 0.157054 -0.091855
v -0.248914 0.069137 -0.092760
v -0.171360 0.173435 -0.052836
v -0.236031 0.072246 -0.038407
v -0.264766 0.135816 -0.087244
v -0.265349 0.138002 -0.145091
v -0.225617 0.247308 -0.126877
v -0.212282 0.239943 -0.030442
v -0.207908 0.459429 -0.096294
v -0.195218 0.449441 -0.019707
v -0.213881 0.690470 -0.066300
v -0.199886 0.681037 0.001803
v -0.135506 1.025082 -0.030494
v -0.125871 1.025240 0.023634
v -0.172388 1.123247 -0.007646
v -0.156931 1.117925 0.044533
v -0.110217 1.000638 0.055790
v -0.076522 1.065590 0.055853
v -0.034392 0.998469 0.082391
v -0.248893 0.132851 -0.030308
v -0.217944 0.130235 0.022002
v -0.147949 0.239190 0.050416
v -0.137861 0.440450 0.046870
v -0.140963 0.673650 0.061822
v -0.046929 0.686823 0.102483
v 0.053455 0.700738 0.108027
v 0.048648 0.999625 0.083237
v 0.141633 0.698607 0.081210
v 0.119840 1.004239 0.058450
v 0.196566 0.695253 0.028208
v 0.121681 1.016210 0.006069
v 0.205670 0.691445 -0.038837
v 0.135770 1.033301 -0.045356
v -0.173973 0.128167 0.065712
v -0.025110 1.065253 0.061967
v 0.029954 1.066890 0.062853
v 0.124311 1.108321 0.077193
v 0.150473 1.118937 0.046844
v 0.158255 1.129422 0.015463
v 0.202079 0.461460 -0.020123
v 0.195848 0.450263 0.053582
v 0.143535 0.439952 0.114837
v 0.058396 0.427016 0.151000
v -0.041769 0.412938 0.127632
v -0.048943 0.232730 0.085716
v -0.119034 0.126850 0.096849
v -0.164674 0.067801 0.052756
v -0.204556 0.063938 0.009092
v -0.057632 0.123259 0.116521
v -0.108709 0.073326 0.083895
v -0.056173 0.073665 0.097059
v 0.006239 0.134890 0.116986
v 0.069879 0.227216 0.084999
v 0.166788 0.225938 0.049623
v 0.223861 0.235854 -0.011087
v 0.226480 0.267925 -0.097224
v 0.236431 0.134040 0.010091
v 0.267028 0.130358 -0.038804
v 0.276559 0.149515 -0.090711
v 0.252888 0.081983 -0.054203
v 0.224067 0.069768 -0.006986
v 0.187045 0.067613 0.034774
v 0.195617 0.125883 0.051703
v 0.143434 0.119182 0.083573
v 0.072860 0.157673 0.101522
v 0.069198 0.096470 0.093101
v 0.006231 0.068530 0.103287
v 0.136221 0.055573 0.063344
v 0.262962 0.086411 -0.114619
v 0.185645 0.170917 -0.043706
v 0.259107 0.110589 -0.162901
v 0.270298 0.168824 -0.143178
v 0.248248 0.186747 -0.193136
v 0.236280 0.122009 -0.212520
v 0.203751 0.142776 -0.253838
v 0.212123 0.202297 -0.237794
v 0.262962 0.086411 -0.114619
v 0.187875 0.198232 -0.117067
v 0.170939 0.165051 -0.082007
v 0.276559 0.149515 -0.090711
v 0.226480 0.267925 -0.097224
v 0.177109 0.295529 -0.175360
v 0.163639 0.214486 -0.274364
v 0.167852 0.119766 -0.280322
v 0.115915 0.131151 -0.309065
v 0.202079 0.461460 -0.020123
v 0.008341 0.101535 -0.334910
v 0.070180 0.095334 -0.324636
v 0.057312 0.194756 -0.321394
v 0.120014 0.192140 -0.302723
v 0.099651 0.289544 -0.242396
v 0.160793 0.471004 -0.089398
v 0.205670 0.691445 -0.038837
v -0.057811 0.162246 -0.336609
v -0.053197 0.094204 -0.331115
v 0.007243 0.163342 -0.337729
v -0.009240 0.291321 -0.263143
v 0.087728 0.540053 -0.140675
v 0.166859 0.688054 -0.104567
v 0.135770 1.033301 -0.045356
v 0.120449 1.065732 -0.090730
v 0.144089 1.094562 -0.036226
v 0.134367 1.105701 -0.057956
v 0.137887 1.140254 -0.028880
v 0.114535 1.122619 -0.076731
v 0.067891 1.043400 -0.129963
v 0.089611 0.626440 -0.155065
v -0.004282 0.536383 -0.216868
v -0.007717 0.636302 -0.181620
v -0.108100 0.542332 -0.213979
v -0.100975 0.266318 -0.282209
v -0.119234 0.159717 -0.322023
v 0.158255 1.129422 0.015463
v 0.145377 1.130549 -0.009853
v 0.076092 1.145137 0.002015
v 0.067212 1.150614 -0.011203
v 0.032256 1.145162 0.017007
v -0.103577 0.644537 -0.177998
v -0.013934 1.044412 -0.144084
v 0.043203 1.134996 -0.077225
v 0.075560 1.130748 -0.049831
v 0.048925 1.147998 -0.025284
v 0.024073 1.152690 0.006756
v 0.008574 1.153605 -0.001448
v -0.011018 1.135418 -0.086962
v -0.058691 1.103128 -0.104819
v -0.084301 1.077944 -0.121384
v -0.114005 1.112550 -0.096597
v -0.131598 1.099520 -0.086548
v -0.010792 1.153768 -0.004853
v -0.092476 1.134538 -0.056398
v -0.055988 1.130763 -0.068281
v -0.041168 1.148146 -0.037906
v -0.029588 1.153138 -0.002682
v -0.066070 1.150375 -0.029637
v -0.080272 1.150283 -0.020871
v -0.043508 1.151871 0.004567
v -0.145285 1.133510 -0.057796
v -0.165726 1.130579 -0.040118
v -0.120218 1.049737 -0.113152
v -0.179742 0.699786 -0.126885
v -0.172770 0.469230 -0.165281
v -0.184992 0.258085 -0.219008
v -0.173609 0.155629 -0.292354
v -0.112504 0.097751 -0.317008
v -0.217858 0.150385 -0.250838
v -0.162802 0.087719 -0.287220
v -0.206357 0.088895 -0.249486
v -0.248905 0.144387 -0.200711
v -0.225617 0.247308 -0.126877
v -0.207908 0.459429 -0.096294
v -0.213881 0.690470 -0.066300
v -0.135506 1.025082 -0.030494
v -0.172388 1.123247 -0.007646
v -0.265349 0.138002 -0.145091
v -0.150643 0.164793 -0.160585
v -0.150498 0.185045 -0.201423
v -0.233680 0.077250 -0.201975
v -0.251441 0.077346 -0.149399
v -0.248914 0.069137 -0.092760
v -0.160858 0.157054 -0.091855
v -0.183442 0.176512 -0.128580
v -0.236031 0.072246 -0.038407
v -0.204556 0.063938 0.009092
v -0.130956 0.156755 -0.028634
v -0.171360 0.173435 -0.052836
v 0.003073 0.197273 -0.089469
v 0.185645 0.170917 -0.043706
v 0.145933 0.149492 -0.019324
v 0.136444 0.170777 0.009142
v 0.088584 0.153568 0.012701
v 0.058141 0.162704 0.046036
v 0.011805 0.148817 0.030368
v -0.037958 0.168716 0.051006
v -0.070514 0.154604 0.018634
v -0.119184 0.170187 0.013819
v 0.224067 0.069768 -0.006986
v 0.252888 0.081983 -0.054203
v 0.187045 0.067613 0.034774
v 0.136221 0.055573 0.063344
v 0.069198 0.096470 0.093101
v 0.006231 0.068530 0.103287
v -0.056173 0.073665 0.097059
v -0.108709 0.073326 0.083895
v -0.164674 0.067801 0.052756
v 0.382701 0.679390 -0.046118
v 0.382293 0.679433 -0.046290
v 0.383298 0.679793 -0.046989
v 0.383707 0.679750 -0.046816
v 0.384046 0.671229 -0.046818
v 0.384063 0.675581 -0.047664
v 0.385215 0.671638 -0.047888
v 0.385683 0.667490 -0.046540
v 0.385133 0.667325 -0.045273
v 0.384756 0.667174 -0.045457
v 0.384786 0.667243 -0.043908
v 0.385163 0.667394 -0.043724
v 0.383074 0.670959 -0.044013
v 0.383451 0.671111 -0.043830
v 0.382076 0.674949 -0.044142
v 0.382453 0.675100 -0.043958
v 0.382019 0.679411 -0.044048
v 0.382428 0.679368 -0.043875
v 0.382275 0.679263 -0.045138
v 0.382409 0.675027 -0.045476
v 0.382946 0.675188 -0.046711
v 0.383458 0.671053 -0.045465
v 0.386814 0.667887 -0.047523
v 0.385306 0.667338 -0.046723
v 0.386437 0.667736 -0.047707
v 0.370096 0.677500 -0.026885
v 0.369675 0.677544 -0.026893
v 0.369455 0.677357 -0.028408
v 0.369979 0.677374 -0.028218
v 0.369378 0.671358 -0.029161
v 0.370696 0.672058 -0.028691
v 0.372038 0.667045 -0.027534
v 0.372550 0.667240 -0.028723
v 0.374485 0.662563 -0.027609
v 0.374932 0.662695 -0.028840
v 0.370270 0.671822 -0.028844
v 0.369905 0.677544 -0.029664
v 0.370910 0.672107 -0.030301
v 0.372130 0.667007 -0.028873
v 0.372895 0.667361 -0.030385
v 0.374542 0.662478 -0.028960
v 0.375495 0.662960 -0.030081
v 0.374218 0.668012 -0.031805
v 0.372177 0.672734 -0.031574
v 0.372631 0.672989 -0.031373
v 0.371577 0.678139 -0.030422
v 0.371053 0.678121 -0.030612
v 0.376819 0.663623 -0.031335
v 0.374672 0.668266 -0.031604
v 0.377273 0.663877 -0.031135
v 0.031422 1.119677 -0.031177
v 0.039969 1.113006 -0.009743
v 0.021546 1.162006 0.010206
v 0.016033 1.176690 0.016152
v 0.011617 1.181220 0.001633
v 0.024725 1.140524 -0.020098
v 0.026364 1.120960 -0.035555
v 0.013919 1.124013 -0.046217
v 0.002176 1.184110 -0.008374
v -0.002986 1.124678 -0.050077
v -0.007475 1.184574 -0.010879
v -0.008527 1.124889 -0.051338
v -0.010130 1.184702 -0.011569
v -0.030774 1.122110 -0.045395
v -0.022481 1.182864 -0.007217
v -0.035882 1.120356 -0.040666
v -0.039003 1.151247 -0.011134
v -0.047728 1.116383 -0.029759
v -0.055500 1.109063 -0.008105
v -0.041403 1.157572 0.011900
v -0.036636 1.174027 0.018617
v -0.032047 1.179012 0.003678
v 0.374485 0.662563 -0.027609
v 0.374073 0.662324 -0.027766
v 0.371633 0.666813 -0.027670
v 0.372038 0.667045 -0.027534
v 0.368996 0.671133 -0.029263
v 0.369378 0.671358 -0.029161
v 0.369675 0.677544 -0.026893
v 0.370096 0.677500 -0.026885
v 0.369455 0.677357 -0.028408
v 0.370270 0.671822 -0.028844
v 0.372130 0.667007 -0.028873
v 0.374542 0.662478 -0.028960
v 0.374932 0.662695 -0.028840
v 0.369979 0.677374 -0.028218
v 0.369905 0.677544 -0.029664
v 0.370429 0.677561 -0.029474
v 0.370696 0.672058 -0.028691
v 0.371364 0.672362 -0.030100
v 0.372550 0.667240 -0.028723
v 0.373347 0.667613 -0.030188
v 0.375930 0.663200 -0.029907
v 0.375495 0.662960 -0.030081
v 0.377273 0.663877 -0.031135
v 0.376819 0.663623 -0.031335
v 0.371053 0.678121 -0.030612
v 0.371577 0.678139 -0.030422
v 0.372631 0.672989 -0.031373
v 0.374672 0.668266 -0.031604
v 0.360898 0.680269 -0.013476
v 0.360370 0.680179 -0.013630
v 0.360068 0.679747 -0.015138
v 0.360596 0.679836 -0.014983
v 0.362101 0.675106 -0.012806
v 0.361894 0.674687 -0.014650
v 0.364435 0.670573 -0.012082
v 0.364272 0.670160 -0.014081
v 0.367557 0.666547 -0.011547
v 0.367362 0.666130 -0.013432
v 0.361457 0.674369 -0.014789
v 0.360438 0.679802 -0.016432
v 0.361923 0.674439 -0.016420
v 0.363835 0.669843 -0.014219
v 0.364345 0.669919 -0.016005
v 0.366925 0.665812 -0.013571
v 0.367403 0.665884 -0.015243
v 0.365528 0.670485 -0.017578
v 0.368554 0.666444 -0.016702
v 0.365966 0.670803 -0.017439
v 0.363499 0.675316 -0.017699
v 0.363062 0.674998 -0.017837
v 0.362007 0.680435 -0.017359
v 0.361479 0.680346 -0.017514
v 0.368990 0.666762 -0.016563
v 0.032256 1.145162 0.017007
v 0.024073 1.152690 0.006756
v 0.076092 1.145137 0.002015
v 0.067212 1.150614 -0.011203
v 0.031068 1.143510 0.028494
v 0.020886 1.142022 0.037709
v 0.004042 1.141028 0.042541
v -0.015609 1.140780 0.041898
v -0.033567 1.141356 0.035939
v -0.045712 1.142581 0.026001
v -0.049263 1.144178 0.014365
v -0.043508 1.151871 0.004567
v -0.165726 1.130579 -0.040118
v -0.080272 1.150283 -0.020871
v 0.367557 0.666547 -0.011547
v 0.367120 0.666230 -0.011686
v 0.363997 0.670256 -0.012220
v 0.364435 0.670573 -0.012082
v 0.361664 0.674789 -0.012945
v 0.362101 0.675106 -0.012806
v 0.367362 0.666130 -0.013432
v 0.366925 0.665812 -0.013571
v 0.363835 0.669843 -0.014219
v 0.361457 0.674369 -0.014789
v 0.360068 0.679747 -0.015138
v 0.360370 0.680179 -0.013630
v 0.360898 0.680269 -0.013476
v 0.360596 0.679836 -0.014983
v 0.360438 0.679802 -0.016432
v 0.368990 0.666762 -0.016563
v 0.368554 0.666444 -0.016702
v 0.367403 0.665884 -0.015243
v 0.367840 0.666201 -0.015104
v 0.364782 0.670237 -0.015867
v 0.364272 0.670160 -0.014081
v 0.362360 0.674757 -0.016281
v 0.361894 0.674687 -0.014650
v 0.360966 0.679891 -0.016278
v 0.361479 0.680346 -0.017514
v 0.362007 0.680435 -0.017359
v 0.363499 0.675316 -0.017699
v 0.365966 0.670803 -0.017439
v 0.385215 0.671638 -0.047888
v 0.386437 0.667736 -0.047707
v 0.386814 0.667887 -0.047523
v 0.385306 0.667338 -0.046723
v 0.384838 0.671486 -0.048071
v 0.384063 0.675581 -0.047664
v 0.384756 0.667174 -0.045457
v 0.383669 0.671077 -0.047001
v 0.383687 0.675430 -0.047847
v 0.383707 0.679750 -0.046816
v 0.383298 0.679793 -0.046989
v 0.382569 0.675037 -0.046895
v 0.382293 0.679433 -0.046290
v 0.382032 0.674876 -0.045659
v 0.381866 0.679305 -0.045310
v 0.382076 0.674949 -0.044142
v 0.382019 0.679411 -0.044048
v 0.382428 0.679368 -0.043875
v 0.382275 0.679263 -0.045138
v 0.382701 0.679390 -0.046118
v 0.383081 0.670902 -0.045649
v 0.384786 0.667243 -0.043908
v 0.383074 0.670959 -0.044013
v 0.373652 0.669966 0.000967
v 0.374321 0.670204 -0.000637
v 0.371499 0.673813 -0.001310
v 0.370828 0.673588 0.000400
v 0.369312 0.677907 -0.001651
v 0.368644 0.677664 -0.000085
v 0.371823 0.674733 0.003661
v 0.369644 0.678772 0.002886
v 0.369032 0.678141 0.001408
v 0.367851 0.682740 0.000642
v 0.367873 0.682586 -0.000566
v 0.369059 0.677948 -0.000114
v 0.371214 0.674084 0.002038
v 0.371244 0.673872 0.000372
v 0.374039 0.670448 0.002499
v 0.374068 0.670250 0.000939
v 0.373623 0.670165 0.002527
v 0.374737 0.670488 -0.000665
v 0.371915 0.674097 -0.001338
v 0.369728 0.678191 -0.001679
v 0.368535 0.682868 -0.001818
v 0.368037 0.682790 -0.001817
v 0.367376 0.682508 -0.000565
v 0.374651 0.671083 0.004015
v 0.374235 0.670800 0.004043
v 0.368468 0.683329 0.001806
v 0.367970 0.683251 0.001806
v 0.367353 0.682661 0.000642
v 0.360726 0.652007 0.016264
v 0.360491 0.651955 0.016707
v 0.363941 0.655291 0.018355
v 0.361810 0.657451 0.017754
v 0.358951 0.653844 0.016331
v 0.359771 0.653010 0.016669
v 0.362849 0.656401 0.018184
v 0.364028 0.655181 0.017871
v 0.368345 0.658523 0.019396
v 0.367010 0.659695 0.019120
v 0.368432 0.658406 0.018917
v 0.377126 0.662134 0.022251
v 0.377262 0.661982 0.021831
v 0.375329 0.663181 0.022329
v 0.375472 0.663032 0.021912
v 0.373725 0.664030 0.021721
v 0.373865 0.663881 0.021302
v 0.372311 0.664687 0.020421
v 0.372439 0.664538 0.019994
v 0.365732 0.660814 0.018583
v 0.364602 0.661767 0.017307
v 0.360907 0.658331 0.016580
v 0.358264 0.654508 0.015249
v 0.374651 0.671083 0.004015
v 0.374235 0.670800 0.004043
v 0.371408 0.674450 0.003689
v 0.371823 0.674733 0.003661
v 0.369228 0.678488 0.002914
v 0.369644 0.678772 0.002886
v 0.373623 0.670165 0.002527
v 0.370798 0.673801 0.002067
v 0.368616 0.677858 0.001437
v 0.367353 0.682661 0.000642
v 0.367970 0.683251 0.001806
v 0.368468 0.683329 0.001806
v 0.373652 0.669966 0.000967
v 0.370828 0.673588 0.000400
v 0.368644 0.677664 -0.000085
v 0.367376 0.682508 -0.000565
v 0.367851 0.682740 0.000642
v 0.367873 0.682586 -0.000566
v 0.368037 0.682790 -0.001817
v 0.368535 0.682868 -0.001818
v 0.369059 0.677948 -0.000114
v 0.369728 0.678191 -0.001679
v 0.371244 0.673872 0.000372
v 0.371915 0.674097 -0.001338
v 0.374068 0.670250 0.000939
v 0.374737 0.670488 -0.000665
v 0.401162 0.656917 0.006414
v 0.402431 0.670040 0.001633
v 0.403143 0.669769 0.002810
v 0.401111 0.657192 0.007286
v 0.405280 0.668956 0.006340
v 0.395937 0.659541 0.005501
v 0.380409 0.673237 0.002552
v 0.395236 0.659813 0.006317
v 0.400488 0.658107 0.009851
v 0.410955 0.665583 0.008995
v 0.396149 0.657090 0.011118
v 0.414840 0.660823 0.008342
v 0.393340 0.652180 0.010313
v 0.416636 0.657473 0.004692
v 0.389688 0.648498 0.007002
v 0.386317 0.650937 0.009987
v 0.383035 0.650842 0.006018
v 0.372222 0.674166 0.003619
v 0.370787 0.674101 0.001553
v 0.371635 0.673805 -0.000539
v 0.374370 0.673416 -0.001679
v 0.375270 0.673968 0.004693
v 0.377711 0.673116 -0.001332
v 0.378503 0.673602 0.004271
v 0.380097 0.673046 0.000339
v 0.379933 0.673328 0.002982
v 0.393353 0.659695 0.008958
v 0.390570 0.655147 0.011023
v 0.359771 0.653010 0.016669
v 0.360491 0.651955 0.016707
v 0.360726 0.652007 0.016264
v 0.366915 0.659810 0.019595
v 0.368345 0.658523 0.019396
v 0.363941 0.655291 0.018355
v 0.362761 0.656511 0.018667
v 0.359536 0.652959 0.017112
v 0.358951 0.653844 0.016331
v 0.361721 0.657562 0.018237
v 0.358716 0.653793 0.016774
v 0.358264 0.654508 0.015249
v 0.358030 0.654457 0.015692
v 0.360907 0.658331 0.016580
v 0.360819 0.658441 0.017064
v 0.364602 0.661767 0.017307
v 0.364509 0.661882 0.017784
v 0.372439 0.664538 0.019994
v 0.372311 0.664687 0.020421
v 0.365637 0.660930 0.019058
v 0.373725 0.664030 0.021721
v 0.375329 0.663181 0.022329
v 0.377126 0.662134 0.022251
v 0.391593 0.646746 -0.016014
v 0.414297 0.658521 -0.019376
v 0.408947 0.662938 -0.020259
v 0.397038 0.651293 -0.016467
v 0.404752 0.666634 -0.017794
v 0.401553 0.651048 -0.013598
v 0.404131 0.667817 -0.013051
v 0.400431 0.652358 -0.009690
v 0.387685 0.642285 -0.012794
v 0.417611 0.654881 -0.015481
v 0.382123 0.643573 -0.013403
v 0.386483 0.644576 -0.016177
v 0.389705 0.649424 -0.016760
v 0.391762 0.654296 -0.014625
v 0.392082 0.655240 -0.010548
v 0.363870 0.671213 -0.016146
v 0.366816 0.670729 -0.017444
v 0.370326 0.670295 -0.017296
v 0.372757 0.670113 -0.015771
v 0.372972 0.670269 -0.013582
v 0.372446 0.670374 -0.013126
v 0.370870 0.670689 -0.011755
v 0.367435 0.671178 -0.011143
v 0.364274 0.671506 -0.012033
v 0.362866 0.671520 -0.014009
v 0.379143 0.645764 -0.009577
v 0.386644 0.641993 -0.008580
v 0.418499 0.654304 -0.010421
v 0.416750 0.657118 -0.006562
v 0.414297 0.658521 -0.019376
v 0.417611 0.654881 -0.015481
v 0.412941 0.661922 -0.005709
v 0.392661 0.650735 -0.005170
v 0.394680 0.656489 -0.007279
v 0.389747 0.653224 -0.006956
v 0.391384 0.654889 -0.009595
v 0.372446 0.670374 -0.013126
v 0.372972 0.670269 -0.013582
v 0.392082 0.655240 -0.010548
v 0.399915 0.652682 -0.008797
v 0.400431 0.652358 -0.009690
v 0.404922 0.667337 -0.011855
v 0.404131 0.667817 -0.013051
v 0.404752 0.666634 -0.017794
v 0.408947 0.662938 -0.020259
v 0.407298 0.665898 -0.008270
v 0.418499 0.654304 -0.010421
v 0.389839 0.644641 -0.005140
v 0.387150 0.648509 -0.005352
v 0.370870 0.670689 -0.011755
v 0.386644 0.641993 -0.008580
v 0.382352 0.645183 -0.005736
v 0.367435 0.671178 -0.011143
v 0.379143 0.645764 -0.009577
v 0.364274 0.671506 -0.012033
v 0.362866 0.671520 -0.014009
v 0.380097 0.673046 0.000339
v 0.395937 0.659541 0.005501
v 0.380409 0.673237 0.002552
v 0.395529 0.658281 0.001480
v 0.401162 0.656917 0.006414
v 0.377711 0.673116 -0.001332
v 0.391495 0.656639 -0.001013
v 0.374370 0.673416 -0.001679
v 0.389195 0.650580 -0.000389
v 0.371635 0.673805 -0.000539
v 0.385419 0.649306 0.002279
v 0.370787 0.674101 0.001553
v 0.383035 0.650842 0.006018
v 0.390122 0.648462 0.002837
v 0.389688 0.648498 0.007002
v 0.416075 0.657284 -0.000242
v 0.416636 0.657473 0.004692
v 0.414840 0.660823 0.008342
v 0.413029 0.660211 -0.004154
v 0.410955 0.665583 0.008995
v 0.407608 0.664137 -0.005165
v 0.405280 0.668956 0.006340
v 0.403350 0.668134 -0.002915
v 0.403143 0.669769 0.002810
v 0.402431 0.670040 0.001633
v 0.401945 0.655181 0.002617
v 0.400068 0.654579 -0.000221
v 0.393797 0.653497 -0.000061
v 0.393200 0.644167 -0.032148
v 0.399595 0.647089 -0.031864
v 0.404164 0.648521 -0.031481
v 0.396430 0.650326 -0.032177
v 0.405017 0.664650 -0.031593
v 0.405337 0.648614 -0.028421
v 0.408361 0.661674 -0.034848
v 0.414221 0.657449 -0.034851
v 0.394702 0.642015 -0.029129
v 0.389316 0.641919 -0.029623
v 0.373019 0.667691 -0.030681
v 0.376100 0.667296 -0.031846
v 0.379404 0.666935 -0.031522
v 0.418346 0.653446 -0.031591
v 0.393888 0.640760 -0.024922
v 0.385159 0.643487 -0.025723
v 0.371476 0.667850 -0.028773
v 0.371786 0.667489 -0.027584
v 0.374315 0.667095 -0.026839
v 0.377916 0.666796 -0.026944
v 0.380234 0.666813 -0.027567
v 0.380975 0.666810 -0.027818
v 0.381386 0.666777 -0.029858
v 0.399311 0.651558 -0.029170
v 0.419940 0.651919 -0.026595
v 0.371786 0.667489 -0.027584
v 0.385159 0.643487 -0.025723
v 0.371476 0.667850 -0.028773
v 0.385149 0.643580 -0.022446
v 0.393888 0.640760 -0.024922
v 0.374315 0.667095 -0.026839
v 0.394140 0.643218 -0.021737
v 0.419940 0.651919 -0.026595
v 0.390896 0.645476 -0.020704
v 0.377916 0.666796 -0.026944
v 0.417958 0.653871 -0.022249
v 0.418346 0.653446 -0.031591
v 0.395728 0.648380 -0.020273
v 0.393296 0.651416 -0.022107
v 0.380234 0.666813 -0.027567
v 0.394667 0.654319 -0.024842
v 0.380975 0.666810 -0.027818
v 0.395426 0.655254 -0.025664
v 0.381386 0.666777 -0.029858
v 0.399311 0.651558 -0.029170
v 0.404941 0.648903 -0.024283
v 0.405337 0.648614 -0.028421
v 0.405379 0.664884 -0.026606
v 0.405017 0.664650 -0.031593
v 0.408361 0.661674 -0.034848
v 0.406350 0.664228 -0.025507
v 0.404916 0.648915 -0.023391
v 0.409293 0.662278 -0.022200
v 0.397644 0.654261 -0.021769
v 0.414527 0.658156 -0.020505
v 0.414221 0.657449 -0.034851
v 0.393845 0.649503 -0.041565
v 0.414562 0.653479 -0.041126
v 0.414079 0.654149 -0.045541
v 0.393880 0.649888 -0.045362
v 0.411412 0.657351 -0.048922
v 0.390414 0.650937 -0.042260
v 0.390683 0.650844 -0.046094
v 0.382581 0.671923 -0.044128
v 0.382727 0.672053 -0.046134
v 0.384351 0.671667 -0.042747
v 0.384722 0.671995 -0.047826
v 0.387209 0.671405 -0.042637
v 0.387631 0.671778 -0.048413
v 0.389166 0.671295 -0.043547
v 0.389818 0.671259 -0.043850
v 0.390094 0.671502 -0.047620
v 0.390958 0.671297 -0.045818
v 0.401640 0.646679 -0.045516
v 0.401099 0.648673 -0.048902
v 0.402439 0.647665 -0.044654
v 0.402764 0.649047 -0.048089
v 0.401042 0.664008 -0.043297
v 0.402211 0.663297 -0.047454
v 0.402675 0.650600 -0.049681
v 0.406279 0.660329 -0.049691
v 0.399940 0.650453 -0.048656
v 0.393118 0.652548 -0.049192
v 0.397088 0.653482 -0.050209
v 0.401358 0.648844 -0.041724
v 0.403371 0.648110 -0.041154
v 0.403528 0.648735 -0.040553
v 0.400679 0.650029 -0.041109
v 0.403318 0.662127 -0.039161
v 0.404481 0.661229 -0.038617
v 0.407972 0.658535 -0.036984
v 0.403772 0.648809 -0.038826
v 0.398332 0.651176 -0.039368
v 0.384351 0.671667 -0.042747
v 0.390414 0.650937 -0.042260
v 0.382581 0.671923 -0.044128
v 0.392988 0.651544 -0.039565
v 0.387209 0.671405 -0.042637
v 0.389166 0.671295 -0.043547
v 0.389818 0.671259 -0.043850
v 0.390958 0.671297 -0.045818
v 0.401640 0.646679 -0.045516
v 0.402439 0.647665 -0.044654
v 0.401042 0.664008 -0.043297
v 0.402211 0.663297 -0.047454
v 0.406279 0.660329 -0.049691
v 0.411412 0.657351 -0.048922
v 0.412614 0.655565 -0.037746
v 0.397649 0.652489 -0.039661
v 0.393845 0.649503 -0.041565
v 0.414079 0.654149 -0.045541
v 0.414562 0.653479 -0.041126
v 0.403204 0.654872 -0.019211
v 0.405222 0.657496 -0.001898
v 0.408075 0.651085 -0.008249
v 0.407414 0.650169 -0.017752
v 0.408817 0.647604 -0.016701
v 0.417510 0.647531 -0.015448
v 0.413169 0.645380 -0.025070
v 0.410933 0.646176 -0.015889
v 0.406790 0.650963 -0.035594
v 0.409683 0.648380 -0.026498
v 0.411711 0.646597 -0.029625
v 0.417188 0.646465 -0.032953
v 0.420986 0.653287 -0.015944
v 0.418495 0.651707 -0.038903
v 0.420677 0.661551 -0.017181
v 0.417703 0.659702 -0.042233
v 0.403814 0.715906 -0.027548
v 0.399667 0.712594 -0.044765
v 0.398262 0.723194 -0.029450
v 0.394626 0.720323 -0.044621
v 0.393738 0.731824 -0.028854
v 0.392311 0.731301 -0.042513
v 0.390902 0.718370 -0.049227
v 0.387531 0.727024 -0.051386
v 0.379944 0.722983 -0.047752
v 0.386685 0.716062 -0.051227
v 0.379099 0.712926 -0.045413
v 0.381959 0.704209 -0.045639
v 0.390580 0.707679 -0.052209
v 0.397589 0.666003 -0.046013
v 0.408102 0.662211 -0.051092
v 0.401735 0.657248 -0.042471
v 0.410718 0.654601 -0.049844
v 0.411250 0.649055 -0.041019
v 0.374489 0.722242 -0.042802
v 0.257327 0.953651 -0.043278
v 0.238572 0.947979 -0.073524
v 0.204156 0.938752 -0.083522
v 0.172692 0.926984 -0.069653
v 0.162466 0.913105 -0.042166
v 0.371948 0.723882 -0.031849
v 0.376305 0.712734 -0.030572
v 0.378822 0.704042 -0.028814
v 0.392633 0.670890 -0.022764
v 0.397096 0.661748 -0.020947
v 0.246794 0.944954 -0.057193
v 0.221729 0.938906 -0.074007
v 0.191882 0.929751 -0.071075
v 0.253928 0.948677 -0.028431
v 0.112580 1.133624 -0.025535
v 0.141342 1.129713 -0.039665
v 0.126514 1.091936 -0.049340
v 0.110572 1.062265 -0.032948
v 0.171491 0.920582 -0.049437
v 0.123793 1.129004 0.001762
v -0.130660 1.087351 0.023668
v -0.091805 1.063351 0.015102
v -0.109989 1.069424 0.021887
v -0.149348 1.102799 0.008237
v -0.084031 1.035187 -0.026523
v -0.162420 1.115922 -0.007523
v -0.105858 1.092501 -0.041872
v -0.158809 1.126736 -0.032765
v -0.137644 1.116831 -0.043894
v -0.069485 1.309352 0.027464
v -0.068250 1.311517 0.017017
v -0.041056 1.339973 0.026081
v -0.042291 1.337808 0.036529
v -0.030817 1.341458 0.033497
v -0.037746 1.340569 0.028027
v -0.040291 1.340223 0.026052
v -0.040999 1.340073 0.025598
v -0.067491 1.312847 0.010599
v 0.038336 1.294582 0.073153
v 0.018264 1.270839 0.086213
v 0.023604 1.289247 0.083073
v 0.017703 1.333779 0.060867
v 0.013303 1.309762 0.081922
v 0.004327 1.331959 0.068682
v -0.013377 1.304921 0.086213
v -0.011383 1.331391 0.070214
v -0.038997 1.310232 0.076329
v -0.026313 1.332188 0.065159
v -0.037507 1.334192 0.054518
v -0.007554 1.345863 0.038696
v -0.028044 1.340021 0.043328
v -0.022695 1.342592 0.038805
v -0.029003 1.341167 0.038935
v -0.033486 1.340392 0.037150
v -0.036469 1.339279 0.038876
v -0.042749 1.337006 0.040399
v -0.050357 1.289957 0.075409
v -0.032907 1.339832 0.040575
v -0.015157 1.287359 0.088846
v -0.024798 1.281644 0.088538
v -0.041549 1.273840 0.086808
v -0.050024 1.271567 0.084292
v -0.055629 1.269691 0.079970
v -0.060962 1.261544 0.076085
v -0.056822 1.263727 0.080850
v -0.056746 1.260347 0.081657
v -0.053822 1.260484 0.083763
v -0.055326 1.256171 0.083200
v -0.053399 1.255555 0.083675
v -0.050324 1.251659 0.086822
v -0.045707 1.270620 0.086999
v -0.042846 1.269641 0.088263
v -0.030019 1.267937 0.089172
v -0.038580 1.267651 0.089347
v -0.044965 1.266498 0.086849
v -0.048137 1.268888 0.086588
v -0.051269 1.266914 0.085163
v -0.054399 1.265069 0.083119
v -0.049912 1.264027 0.084075
v -0.048956 1.262796 0.074744
v -0.042058 1.264801 0.075512
v -0.040698 1.263318 0.068197
v -0.039294 1.265290 0.086830
v -0.029044 1.266800 0.091043
v -0.032659 1.265216 0.090418
v -0.034615 1.265795 0.090112
v -0.036031 1.262708 0.089713
v -0.035846 1.264683 0.076565
v -0.034374 1.262639 0.066427
v -0.041017 1.255967 0.064294
v -0.046594 1.260887 0.065406
v -0.051923 1.257650 0.068067
v -0.031398 1.260816 0.070452
v -0.031538 1.256436 0.069283
v -0.035942 1.252026 0.072497
v -0.042581 1.248954 0.069545
v -0.049370 1.249644 0.070613
v -0.052388 1.252952 0.066759
v -0.054467 1.253649 0.075707
v -0.053954 1.258976 0.074673
v -0.031948 1.262276 0.077832
v -0.031994 1.257411 0.079243
v 0.009650 1.264741 0.073279
v 0.010670 1.256408 0.069574
v 0.004242 1.263569 0.069979
v 0.015969 1.262457 0.071967
v 0.015149 1.265017 0.081331
v 0.019708 1.259301 0.075443
v 0.016233 1.263685 0.090330
v 0.012713 1.266549 0.090122
v 0.019621 1.261308 0.081985
v 0.019420 1.255127 0.082584
v 0.020064 1.253799 0.074166
v 0.015843 1.249843 0.076800
v 0.009808 1.248594 0.074450
v 0.003098 1.251287 0.075484
v 0.008401 1.266518 0.080443
v 0.001771 1.266079 0.079146
v -0.000237 1.261295 0.072505
v 0.000292 1.256112 0.071729
v -0.002863 1.257128 0.079875
v 0.000816 1.251236 0.081680
v -0.003680 1.264627 0.088513
v 0.000918 1.267134 0.088751
v -0.002673 1.263137 0.078577
v -0.007805 1.265537 0.091761
v -0.008396 1.268547 0.090996
v -0.006615 1.267385 0.089975
v -0.005819 1.264055 0.090667
v -0.004550 1.258274 0.090953
v -0.003057 1.258250 0.088215
v -0.000274 1.252319 0.090635
v -0.006500 1.257193 0.091435
v -0.011137 1.255872 0.098747
v -0.008068 1.255000 0.093009
v -0.005227 1.251463 0.090739
v -0.003351 1.252730 0.090979
v -0.002768 1.250113 0.090890
v -0.003976 1.248419 0.090603
v 0.007002 1.268153 0.091576
v -0.000656 1.269925 0.090474
v -0.004828 1.268482 0.089654
v -0.007036 1.271796 0.089419
v -0.011431 1.269672 0.094062
v -0.011701 1.264480 0.097111
v -0.011627 1.261030 0.098282
v -0.016385 1.261945 0.102091
v -0.013194 1.258554 0.101372
v -0.014075 1.255631 0.104121
v -0.003510 1.275021 0.088915
v -0.016090 1.269985 0.096094
v -0.016510 1.256873 0.104930
v -0.012221 1.250504 0.106225
v -0.017003 1.254466 0.107171
v -0.019022 1.255715 0.104089
v -0.020606 1.258809 0.101192
v -0.025066 1.261833 0.096339
v -0.022398 1.256005 0.100000
v -0.026464 1.259151 0.095323
v -0.027218 1.254459 0.094509
v -0.030648 1.261661 0.091788
v -0.030924 1.256717 0.091559
v -0.034263 1.257938 0.091021
v -0.031044 1.250165 0.090263
v -0.034094 1.253377 0.090976
v -0.033437 1.250501 0.090750
v -0.037161 1.253703 0.090126
v -0.034271 1.250076 0.090816
v -0.030009 1.263871 0.092049
v -0.034377 1.248468 0.090528
v -0.031637 1.246433 0.090118
v -0.024260 1.247358 0.097331
v -0.020748 1.250708 0.104846
v -0.035273 1.258157 0.088411
v -0.033920 1.262157 0.090954
v -0.033043 1.264006 0.090842
v -0.029618 1.264922 0.091978
v -0.023625 1.264390 0.096316
v -0.022741 1.268708 0.094011
v -0.015514 1.278011 0.091806
v -0.010403 1.276034 0.090721
v -0.008202 1.282992 0.088672
v -0.022952 1.274542 0.090921
v -0.033415 1.264234 0.090836
v 0.002550 1.275575 0.088327
v 0.003960 1.271473 0.091249
v 0.007084 1.272882 0.090790
v 0.011839 1.275562 0.088636
v 0.009737 1.271367 0.091408
v 0.013161 1.269516 0.090801
v 0.016438 1.267695 0.089555
v 0.018652 1.266271 0.088253
v 0.042731 1.207990 0.065341
v 0.040860 1.223551 0.068046
v 0.051480 1.234382 0.058970
v 0.024249 1.228511 0.079185
v 0.038990 1.232416 0.072748
v 0.029166 1.236161 0.079192
v 0.032257 1.245162 0.080359
v 0.015180 1.247647 0.088536
v 0.018794 1.251595 0.087933
v 0.015270 1.250644 0.089782
v 0.015745 1.253249 0.090107
v 0.012338 1.252198 0.091094
v 0.017081 1.258065 0.089839
v 0.016003 1.257509 0.089563
v 0.018356 1.263078 0.089160
v 0.022016 1.263820 0.085595
v 0.050075 1.258083 0.076279
v 0.051854 1.284287 0.059800
v 0.057069 1.286533 0.049735
v 0.058904 1.281895 0.046880
v 0.059970 1.275716 0.047563
v 0.057317 1.280596 0.051349
v 0.062151 1.264220 0.047307
v 0.044698 1.240237 0.071074
v 0.062464 1.264769 0.044656
v 0.057888 1.288936 0.044571
v 0.054612 1.294443 0.051658
v 0.053413 1.306393 0.051534
v 0.026098 1.336492 0.048316
v 0.011181 1.339728 0.047838
v 0.007066 1.342369 0.042227
v 0.016161 1.341107 0.038898
v 0.013139 1.340852 0.043781
v 0.017892 1.340008 0.043058
v 0.020377 1.338854 0.045412
v 0.016533 1.339463 0.046260
v 0.026555 1.337294 0.044446
v 0.054572 1.308425 0.041730
v 0.063697 1.266934 0.034209
v 0.027848 1.339559 0.033515
v 0.056566 1.311920 0.024864
v 0.055807 1.310590 0.031282
v 0.027791 1.339458 0.033998
v 0.027058 1.339720 0.033797
v 0.024136 1.340107 0.035143
v 0.064931 1.269099 0.023761
v 0.060248 1.223176 0.013689
v 0.059013 1.221011 0.024137
v 0.057777 1.218846 0.034584
v 0.057464 1.218297 0.037235
v 0.066077 1.271111 0.014050
v 0.061396 1.225189 0.003978
v 0.040156 1.177681 0.023338
v 0.043902 1.188091 0.028370
v 0.048359 1.196582 0.024322
v 0.047871 1.196484 0.029999
v 0.050650 1.202160 0.029392
v 0.052926 1.207589 0.032620
v 0.049370 1.200996 0.033919
v 0.043556 1.192470 0.039781
v 0.033896 1.172707 0.046964
v 0.015493 1.196945 0.068882
v 0.017523 1.184930 0.065806
v 0.010742 1.190680 0.073891
v 0.014359 1.146663 0.040548
v 0.009561 1.143670 0.046765
v 0.015063 1.153391 0.061976
v 0.023546 1.162088 0.055217
v 0.019462 1.149848 0.033935
v 0.013928 1.166877 0.066267
v 0.010231 1.166481 0.069876
v 0.008064 1.142796 0.065310
v 0.008761 1.160486 0.069656
v 0.004184 1.182085 0.078082
v 0.015215 1.171855 0.066083
v 0.020207 1.173306 0.061257
v 0.018701 1.179018 0.063901
v 0.006769 1.195734 0.079303
v 0.007566 1.200858 0.079019
v 0.006368 1.205604 0.080438
v 0.001102 1.204286 0.080372
v 0.000309 1.209638 0.085526
v 0.003324 1.139781 0.054849
v -0.001527 1.136763 0.061138
v 0.017770 1.151267 0.004807
v 0.013240 1.148654 0.005542
v 0.000230 1.141871 0.015562
v -0.000239 1.203023 0.051802
v -0.006703 1.206416 0.053997
v 0.001096 1.195157 0.049754
v 0.003170 1.195287 0.074521
v -0.002392 1.200583 0.031932
v -0.006710 1.202300 0.026046
v -0.012046 1.203352 0.019169
v -0.011109 1.194059 0.015026
v -0.017582 1.202732 0.025515
v -0.023058 1.201072 0.030566
v -0.023601 1.206830 0.052808
v -0.029395 1.203651 0.049611
v -0.015442 1.207099 0.054834
v -0.002612 1.194894 0.023695
v -0.004133 1.185494 0.031067
v -0.000601 1.186480 0.052026
v -0.003231 1.180668 0.062783
v -0.003978 1.173110 0.080093
v -0.009153 1.183724 0.024032
v -0.018286 1.210552 0.081997
v -0.008308 1.209110 0.081011
v -0.008746 1.213081 0.089233
v -0.019143 1.214755 0.090337
v -0.013298 1.180286 0.031145
v -0.015662 1.183478 0.022993
v -0.011102 1.176192 0.053505
v -0.006802 1.178435 0.055767
v -0.009156 1.169114 0.081041
v -0.006436 1.154750 0.083222
v -0.002055 1.156100 0.079857
v 0.001566 1.153134 0.075396
v -0.006089 1.135782 0.076848
v 0.000781 1.141038 0.072107
v 0.000015 1.136899 0.068512
v 0.005387 1.160425 0.073009
v -0.014400 1.166590 0.081569
v -0.010711 1.130515 0.068779
v -0.013274 1.129490 0.074739
v -0.004680 1.133832 0.069381
v -0.016488 1.150007 0.086288
v -0.011330 1.151813 0.085397
v -0.012936 1.130362 0.079166
v -0.010388 1.136454 0.079837
v -0.015652 1.129378 0.077720
v -0.020234 1.126888 0.073347
v -0.014591 1.127291 0.061552
v -0.010893 1.129752 0.049870
v -0.007754 1.133414 0.040094
v -0.022937 1.129071 0.079250
v -0.021824 1.126606 0.073307
v -0.026290 1.134495 0.079145
v -0.026475 1.149885 0.083786
v -0.019553 1.126415 0.061429
v -0.024000 1.128246 0.060079
v -0.023249 1.127189 0.072871
v -0.026006 1.128742 0.075855
v -0.029962 1.135388 0.077990
v -0.031074 1.151698 0.081114
v -0.030406 1.168981 0.075425
v -0.035477 1.154902 0.078597
v -0.035223 1.173308 0.074379
v -0.041341 1.182859 0.072526
v -0.031263 1.180634 0.057813
v -0.030871 1.186616 0.048449
v -0.033787 1.136665 0.076847
v -0.025152 1.166444 0.078219
v -0.021629 1.149356 0.085786
v -0.019727 1.165660 0.080890
v -0.020943 1.175945 0.050996
v -0.026112 1.178118 0.051389
v -0.022510 1.185255 0.028712
v -0.031033 1.195604 0.046934
v -0.038605 1.195770 0.070280
v -0.042471 1.196004 0.073848
v -0.037139 1.204690 0.076806
v -0.042485 1.201009 0.073605
v -0.021340 1.195148 0.022345
v -0.015894 1.175007 0.052935
v -0.029229 1.213485 0.087620
v -0.027904 1.209400 0.079357
v -0.033843 1.223686 0.091297
v -0.028691 1.221427 0.091544
v -0.034312 1.219902 0.086689
v -0.019210 1.219890 0.091427
v -0.030418 1.217511 0.086948
v -0.038364 1.213833 0.081099
v -0.037288 1.210245 0.082334
v -0.041605 1.206008 0.075730
v -0.038320 1.223746 0.086984
v -0.043906 1.207474 0.072312
v -0.025613 1.222101 0.097896
v -0.019922 1.221727 0.099471
v -0.046495 1.196537 0.061207
v -0.048576 1.211354 0.069962
v -0.041324 1.216789 0.080453
v -0.043458 1.219900 0.082814
v -0.039849 1.232134 0.087977
v -0.035535 1.228130 0.092040
v -0.031465 1.226898 0.097062
v -0.035166 1.230440 0.092661
v -0.027853 1.231559 0.104271
v -0.028170 1.236137 0.094781
v -0.024729 1.239861 0.102755
v -0.022595 1.238020 0.107115
v -0.033861 1.244067 0.089596
v -0.029979 1.223649 0.096569
v -0.004747 1.223400 0.093967
v 0.001032 1.223196 0.089282
v -0.003224 1.219098 0.088607
v -0.010009 1.221148 0.093391
v -0.014464 1.222000 0.099715
v -0.020363 1.223447 0.105829
v -0.024255 1.223552 0.103579
v -0.027373 1.224534 0.100869
v -0.023798 1.227415 0.106424
v -0.027574 1.227105 0.102154
v -0.020321 1.227612 0.108807
v -0.007293 1.216889 0.088489
v -0.023494 1.232601 0.107310
v -0.019860 1.233212 0.109576
v -0.017325 1.227478 0.108237
v -0.016825 1.223496 0.105392
v -0.013665 1.224480 0.103587
v -0.010253 1.223496 0.099513
v -0.016728 1.232786 0.109063
v -0.018156 1.244915 0.108498
v -0.019047 1.239235 0.109308
v -0.015796 1.238261 0.108684
v -0.014060 1.231996 0.107901
v -0.013691 1.227156 0.105092
v -0.008297 1.226791 0.099750
v -0.007815 1.230888 0.099872
v -0.021382 1.243301 0.106517
v -0.020137 1.248072 0.106194
v -0.017465 1.249485 0.107642
v -0.014960 1.243514 0.107822
v -0.011324 1.240391 0.105401
v -0.008021 1.234788 0.099327
v -0.002777 1.232063 0.094084
v -0.002324 1.228068 0.094144
v 0.003047 1.232670 0.090207
v 0.007472 1.218183 0.084207
v 0.001979 1.214719 0.084982
v -0.004180 1.235484 0.093687
v -0.007047 1.243824 0.093143
v -0.007750 1.248630 0.091511
v -0.005341 1.245797 0.090906
v -0.009279 1.244079 0.098658
v -0.008611 1.239012 0.098721
v -0.005835 1.239135 0.093268
v -0.001997 1.240380 0.091415
v 0.000274 1.237494 0.091298
v 0.000929 1.246948 0.091058
v 0.010881 1.245411 0.089152
v -0.002217 1.247805 0.090597
v -0.003844 1.242693 0.091104
v -0.006684 1.249847 0.091361
v -0.000598 1.249109 0.091236
v -0.001523 1.249901 0.091194
v -0.014653 1.248153 0.107200
v 0.012632 1.248583 0.090188
v 0.010283 1.249022 0.090875
v 0.005785 1.249406 0.091285
v 0.001402 1.249509 0.091408
v 0.006273 1.250829 0.089711
v 0.013729 1.249891 0.090345
v -0.074904 1.281938 0.036186
v -0.078999 1.265292 0.031056
v -0.076712 1.276749 0.031833
v -0.056541 1.250736 0.080920
v -0.053983 1.252194 0.084146
v -0.054138 1.249414 0.083164
v -0.055944 1.245049 0.079271
v -0.068234 1.228175 0.056294
v -0.073982 1.259010 0.062013
v -0.071455 1.286597 0.045817
v -0.074177 1.287674 0.034658
v -0.075398 1.282908 0.031426
v -0.073744 1.289926 0.029427
v -0.072074 1.295739 0.037138
v -0.070644 1.307320 0.037269
v -0.061200 1.302249 0.062710
v -0.053083 1.248456 0.084011
v -0.052324 1.246906 0.084308
v -0.051100 1.243213 0.084353
v -0.049121 1.247809 0.086685
v -0.043130 1.248660 0.088780
v -0.043516 1.251365 0.087240
v -0.037250 1.249025 0.090193
v -0.065401 1.212980 0.053476
v -0.055192 1.174073 0.036847
v -0.047745 1.185540 0.058250
v -0.048414 1.179872 0.056290
v -0.049169 1.173865 0.053365
v -0.046811 1.171402 0.059360
v -0.050764 1.161512 0.046538
v -0.045761 1.164205 0.060828
v -0.044963 1.145066 0.059204
v -0.043448 1.162387 0.066822
v -0.041509 1.154223 0.070512
v -0.058352 1.189397 0.025283
v -0.061113 1.196873 0.017158
v -0.057074 1.187886 0.016068
v -0.053544 1.181586 0.012629
v -0.051792 1.178332 0.014794
v -0.048640 1.172859 0.015419
v -0.051754 1.176392 0.020089
v -0.037140 1.135875 0.073535
v -0.041012 1.141597 0.067527
v -0.039569 1.135545 0.064800
v -0.035773 1.130281 0.059740
v -0.039138 1.156683 0.075356
v -0.031941 1.130041 0.075598
v -0.031969 1.129794 0.073305
v -0.028946 1.129373 0.075688
v -0.028125 1.128589 0.073741
v -0.029826 1.129138 0.068384
v -0.035788 1.131591 0.067104
v -0.044565 1.191017 0.067502
v 0.008064 1.142796 0.065310
v -0.001527 1.136763 0.061138
v 0.000015 1.136899 0.068512
v -0.004680 1.133832 0.069381
v -0.010711 1.130515 0.068779
v -0.049370 1.249644 0.070613
v -0.050829 1.249556 0.077327
v -0.054467 1.253649 0.075707
v -0.052388 1.252952 0.066759
v -0.053822 1.260484 0.083763
v -0.053954 1.258976 0.074673
v -0.053399 1.255555 0.083675
v -0.050324 1.251659 0.086822
v -0.043374 1.249442 0.079011
v -0.042581 1.248954 0.069545
v -0.035942 1.252026 0.072497
v -0.035847 1.252372 0.079927
v -0.031994 1.257411 0.079243
v -0.037161 1.253703 0.090126
v -0.035273 1.258157 0.088411
v -0.036031 1.262708 0.089713
v -0.031948 1.262276 0.077832
v -0.043516 1.251365 0.087240
v -0.031538 1.256436 0.069283
v 0.042548 1.181899 0.003090
v 0.041314 1.179724 0.013536
v 0.059013 1.221011 0.024137
v 0.060248 1.223176 0.013689
v 0.061396 1.225189 0.003978
v 0.040156 1.177681 0.023338
v 0.048359 1.196582 0.024322
v 0.057777 1.218846 0.034584
v 0.050650 1.202160 0.029392
v 0.052926 1.207589 0.032620
v 0.057464 1.218297 0.037235
v 0.047122 1.316991 -0.000577
v 0.066077 1.271111 0.014050
v 0.056566 1.311920 0.024864
v 0.022607 1.342373 0.019396
v 0.011412 1.344377 0.008756
v -0.003518 1.345174 0.003701
v 0.026952 1.320481 -0.019775
v 0.061093 1.277393 -0.016904
v 0.027848 1.339559 0.033515
v 0.017109 1.341984 0.031371
v 0.012812 1.342274 0.035711
v 0.016161 1.341107 0.038898
v 0.020557 1.340902 0.034656
v 0.024136 1.340107 0.035143
v 0.027058 1.339720 0.033797
v 0.024387 1.340352 0.033140
v 0.026555 1.337294 0.044446
v 0.017892 1.340008 0.043058
v -0.069485 1.309352 0.027464
v -0.070644 1.307320 0.037269
v -0.073744 1.289926 0.029427
v -0.068535 1.224139 -0.001120
v -0.075073 1.272183 -0.002201
v -0.076219 1.270171 0.007510
v -0.069770 1.221974 0.009327
v -0.051813 1.180419 0.002839
v -0.060422 1.197395 0.011813
v -0.071006 1.219809 0.019775
v -0.063568 1.203014 0.016258
v -0.066292 1.208481 0.018911
v -0.071319 1.219260 0.022426
v -0.078999 1.265292 0.031056
v -0.078686 1.265841 0.028406
v -0.076712 1.276749 0.031833
v -0.075398 1.282908 0.031426
v -0.077452 1.268006 0.017958
v -0.068250 1.311517 0.017017
v -0.051792 1.178332 0.014794
v -0.053544 1.181586 0.012629
v -0.052006 1.180876 0.008815
v -0.057074 1.187886 0.016068
v -0.061113 1.196873 0.017158
v -0.054384 1.232290 -0.039706
v -0.040576 1.210339 -0.031828
v -0.027826 1.196391 -0.025734
v -0.017974 1.190125 -0.023176
v -0.024415 1.172228 -0.014902
v -0.012766 1.157667 -0.012136
v -0.016094 1.154693 -0.009510
v -0.021778 1.157484 -0.009272
v -0.026744 1.153033 -0.005087
v -0.049820 1.183931 -0.014026
v -0.050579 1.182596 -0.007607
v -0.067387 1.226151 -0.010831
v -0.044710 1.186224 -0.018426
v -0.034936 1.189103 -0.021148
v -0.071319 1.219260 0.022426
v -0.063129 1.200878 0.020287
v -0.066292 1.208481 0.018911
v -0.063568 1.203014 0.016258
v 0.015843 1.249843 0.076800
v 0.007978 1.248647 0.082631
v 0.009808 1.248594 0.074450
v 0.003098 1.251287 0.075484
v 0.000816 1.251236 0.081680
v 0.020064 1.253799 0.074166
v 0.019420 1.255127 0.082584
v 0.015291 1.249798 0.082881
v 0.012338 1.252198 0.091094
v 0.006273 1.250829 0.089711
v -0.000274 1.252319 0.090635
v -0.002863 1.257128 0.079875
v -0.003057 1.258250 0.088215
v -0.003680 1.264627 0.088513
v -0.002673 1.263137 0.078577
v 0.016003 1.257509 0.089563
v 0.016233 1.263685 0.090330
v 0.019621 1.261308 0.081985
v -0.052006 1.180876 0.008815
v -0.051813 1.180419 0.002839
v -0.060422 1.197395 0.011813
v -0.042814 1.167323 0.007939
v 0.071465 1.227530 0.012954
v 0.070219 1.221338 0.019524
v 0.068522 1.231381 0.015217
v 0.072520 1.234017 0.008711
v 0.069019 1.217045 0.027642
v 0.067876 1.231372 0.025151
v 0.068456 1.243992 0.025305
v 0.072131 1.247522 0.016116
v 0.073685 1.243608 0.006604
v 0.066612 1.244104 0.035126
v 0.067857 1.256657 0.035342
v 0.068814 1.258858 0.027565
v 0.073364 1.257568 0.018791
v 0.074506 1.251136 0.005945
v 0.075189 1.267477 0.016133
v 0.074967 1.257076 0.007404
v 0.074378 1.268753 0.026062
v 0.060222 1.242598 0.032119
v 0.060644 1.247809 0.033211
v 0.065598 1.249041 0.037977
v 0.064956 1.241118 0.036317
v 0.067182 1.250415 0.042715
v 0.066413 1.240679 0.040478
v 0.070845 1.249649 0.043058
v 0.070141 1.240576 0.040833
v 0.063515 1.230726 0.044136
v 0.065354 1.231509 0.044318
v 0.063205 1.217407 0.038463
v 0.065389 1.219067 0.038684
v 0.064454 1.215445 0.034313
v 0.068353 1.217060 0.034698
v 0.065121 1.215431 0.027257
v 0.065368 1.231550 0.034910
v 0.063177 1.222096 0.034874
v 0.063320 1.220585 0.031744
v 0.059503 1.237187 0.033952
v 0.063864 1.232893 0.039103
v 0.063778 1.231539 0.038573
v 0.059051 1.230083 0.031170
v 0.059146 1.229089 0.029110
v 0.059469 1.229082 0.025692
v 0.063811 1.220574 0.026548
v 0.069474 1.266816 0.035955
v 0.070854 1.270917 0.025743
v 0.073026 1.264932 0.036279
v 0.068329 1.260909 0.041773
v 0.071920 1.259429 0.042104
v 0.067411 1.262389 0.033021
v 0.068459 1.265728 0.025506
v 0.066522 1.257581 0.037298
v 0.061837 1.256590 0.029951
v 0.062526 1.258787 0.025007
v 0.061252 1.253427 0.032764
v 0.059146 1.229089 0.029110
v 0.059503 1.237187 0.033952
v 0.059051 1.230083 0.031170
v 0.059928 1.237162 0.029434
v 0.060222 1.242598 0.032119
v 0.059469 1.229082 0.025692
v 0.064753 1.224325 0.020581
v 0.065121 1.215431 0.027257
v 0.066352 1.220039 0.019145
v 0.063811 1.220574 0.026548
v 0.060089 1.231550 0.021766
v 0.060382 1.237153 0.024635
v 0.060643 1.244374 0.029558
v 0.060644 1.247809 0.033211
v 0.061358 1.251585 0.029682
v 0.061252 1.253427 0.032764
v 0.061837 1.256590 0.029951
v 0.061842 1.252851 0.025918
v 0.062526 1.258787 0.025007
v 0.062208 1.252330 0.021493
v 0.061746 1.246533 0.020203
v 0.061967 1.244346 0.015542
v 0.061316 1.238835 0.016548
v 0.066620 1.235399 0.012648
v 0.065755 1.229734 0.015757
v 0.067643 1.226684 0.012583
v 0.060747 1.235108 0.018593
v 0.060835 1.237143 0.019835
v 0.061097 1.244364 0.024759
v 0.070854 1.270917 0.025743
v 0.075189 1.267477 0.016133
v 0.074378 1.268753 0.026062
v 0.071656 1.269549 0.015812
v 0.068459 1.265728 0.025506
v 0.069039 1.264617 0.018192
v 0.062908 1.258056 0.020195
v 0.062432 1.248670 0.015234
v 0.067609 1.243776 0.011119
v 0.068745 1.233645 0.008348
v 0.071465 1.227530 0.012954
v 0.070219 1.221338 0.019524
v 0.069019 1.217045 0.027642
v 0.072520 1.234017 0.008711
v 0.069980 1.243938 0.006253
v 0.073685 1.243608 0.006604
v 0.068315 1.250350 0.010651
v 0.070855 1.252016 0.005603
v 0.074506 1.251136 0.005945
v 0.074967 1.257076 0.007404
v 0.071359 1.258389 0.007070
v 0.068735 1.255537 0.011740
v 0.062708 1.252082 0.015950
v 0.068434 1.251818 0.010959
v 0.065368 1.231550 0.034910
v 0.065354 1.231509 0.044318
v 0.070141 1.240576 0.040833
v 0.066612 1.244104 0.035126
v 0.070845 1.249649 0.043058
v 0.067857 1.256657 0.035342
v 0.071920 1.259429 0.042104
v 0.073026 1.264932 0.036279
v 0.068814 1.258858 0.027565
v 0.371948 0.723882 -0.031849
v 0.162466 0.913105 -0.042166
v 0.177379 0.904588 -0.014613
v 0.169225 0.917420 -0.018840
v 0.171491 0.920582 -0.049437
v 0.185858 0.922312 0.006525
v 0.201936 0.917485 0.008696
v 0.128542 1.051672 0.022503
v 0.118440 1.044581 -0.002057
v 0.110572 1.062265 -0.032948
v 0.136528 1.077557 0.032084
v 0.213721 0.933474 0.014234
v 0.229654 0.938993 0.013703
v 0.383658 0.732235 -0.010102
v 0.393032 0.733677 -0.017571
v 0.395460 0.722999 -0.014604
v 0.398262 0.723194 -0.029450
v 0.403814 0.715906 -0.027548
v 0.400468 0.715645 -0.010552
v 0.420677 0.661551 -0.017181
v 0.416112 0.667120 0.006101
v 0.420986 0.653287 -0.015944
v 0.416883 0.658223 0.005540
v 0.417510 0.647531 -0.015448
v 0.414814 0.651555 0.000819
v 0.410933 0.646176 -0.015889
v 0.410289 0.648397 -0.006960
v 0.149116 1.102372 0.023209
v 0.240421 0.945081 -0.000067
v 0.252866 0.951366 -0.008263
v 0.393738 0.731824 -0.028854
v 0.123793 1.129004 0.001762
v 0.253928 0.948677 -0.028431
v 0.257327 0.953651 -0.043278
v 0.392311 0.731301 -0.042513
v 0.375104 0.727944 -0.016560
v 0.387842 0.719865 -0.008769
v 0.391608 0.712172 -0.003828
v 0.405240 0.670733 0.007734
v 0.409072 0.663166 0.009514
v 0.409991 0.656068 0.006446
v 0.409475 0.650560 -0.003796
v 0.379934 0.715607 -0.015399
v 0.382791 0.707345 -0.011480
v 0.408817 0.647604 -0.016701
v 0.408075 0.651085 -0.008249
v 0.405222 0.657496 -0.001898
v 0.400110 0.664044 0.002052
v 0.398898 0.666682 0.002089
v 0.395835 0.673356 0.002176
v 0.378822 0.704042 -0.028814
v 0.376305 0.712734 -0.030572
v 0.392633 0.670890 -0.022764
v 0.397096 0.661748 -0.020947
v 0.403204 0.654872 -0.019211
v 0.391793 0.696940 0.015362
v 0.396149 0.709434 -0.010943
v 0.401443 0.699642 -0.008029
v 0.397489 0.692562 0.016648
v 0.392334 0.691972 0.021870
v 0.396933 0.687485 0.022394
v 0.400886 0.686922 0.015152
v 0.400240 0.682812 0.019908
v 0.404734 0.688736 -0.007349
v 0.404587 0.681945 -0.009336
v 0.401276 0.683508 0.011526
v 0.386843 0.697943 0.012187
v 0.391068 0.713494 -0.014545
v 0.387627 0.693416 0.018557
v 0.367872 0.662795 0.018263
v 0.366797 0.660730 0.018849
v 0.366674 0.658086 0.018425
v 0.367287 0.656175 0.016954
v 0.385006 0.695438 0.008387
v 0.389110 0.710137 -0.017575
v 0.385654 0.691422 0.014159
v 0.369281 0.663290 0.016887
v 0.370018 0.662112 0.015040
v 0.369697 0.659835 0.013542
v 0.369071 0.658006 0.013471
v 0.368920 0.657381 0.013497
v 0.368115 0.655906 0.014962
v 0.414540 0.660600 -0.046685
v 0.394473 0.709334 -0.049637
v 0.396435 0.683676 0.007240
v 0.399576 0.684302 -0.013861
v 0.395667 0.689966 -0.016664
v 0.392180 0.685699 0.005529
v 0.391182 0.700935 -0.018611
v 0.387103 0.690610 0.005762
v 0.389110 0.710137 -0.017575
v 0.385006 0.695438 0.008387
v 0.397865 0.682996 0.007797
v 0.400914 0.682416 -0.012950
v 0.401276 0.683508 0.011526
v 0.404587 0.681945 -0.009336
v 0.404734 0.688736 -0.007349
v 0.401443 0.699642 -0.008029
v 0.396149 0.709434 -0.010943
v 0.391068 0.713494 -0.014545
v 0.400240 0.682812 0.019908
v 0.400886 0.686922 0.015152
v 0.400604 0.679989 0.015629
v 0.397617 0.680191 0.011520
v 0.396396 0.680995 0.011008
v 0.392756 0.683331 0.009548
v 0.387710 0.687367 0.010713
v 0.385654 0.691422 0.014159
v 0.370018 0.662112 0.015040
v 0.369281 0.663290 0.016887
v 0.367287 0.656175 0.016954
v 0.368115 0.655906 0.014962
v 0.368920 0.657381 0.013497
v 0.369071 0.658006 0.013471
v 0.369697 0.659835 0.013542
v 0.089188 1.044581 0.016202
v 0.107277 1.077557 0.050343
v 0.099290 1.051672 0.040762
v 0.119865 1.102372 0.041467
v 0.081320 1.062265 -0.014689
v 0.094542 1.129004 0.020020
v 0.097262 1.091936 -0.031081
v 0.083328 1.133624 -0.007276
v 0.112091 1.129713 -0.021407
vn -0.3703 0.3642 -0.8545
vn -0.8910 0.2402 -0.3852
vn -0.9594 -0.2191 -0.1778
vn -0.8990 -0.1941 0.3927
vn -0.9501 0.2261 0.2150
vn -0.8842 0.1007 0.4561
vn -0.8968 0.2975 0.3276
vn -0.9066 0.4143 0.0801
vn -0.9282 0.1624 0.3349
vn -0.7486 0.4071 -0.5233
vn -0.7298 -0.2067 -0.6517
vn -0.6161 0.2693 -0.7402
vn -0.2883 -0.5624 -0.7750
vn -0.5719 0.1333 -0.8094
vn -0.0494 -0.5989 -0.7993
vn -0.3134 -0.4274 -0.8480
vn 0.3985 -0.6847 -0.6102
vn -0.3286 -0.8816 -0.3388
vn 0.8151 -0.5775 0.0463
vn -0.5145 -0.8214 0.2463
vn 0.7510 -0.2045 0.6279
vn -0.7212 0.4331 -0.5407
vn -0.9715 0.2359 -0.0238
vn -0.9985 0.0546 -0.0085
vn -0.8319 -0.4767 -0.2841
vn -0.5428 -0.7707 -0.3336
vn -0.2990 -0.8775 -0.3750
vn -0.0038 -0.9572 -0.2893
vn 0.9053 -0.4214 -0.0543
vn 0.9371 0.2475 0.2460
vn -0.0306 0.9572 -0.2878
vn 0.7402 0.6674 -0.0819
vn -0.4155 0.4197 -0.8070
vn -0.2463 -0.1102 -0.9629
vn 0.9058 0.3875 -0.1713
vn -0.1553 -0.3744 -0.9141
vn 0.9628 0.1639 -0.2148
vn -0.0757 -0.4887 -0.8692
vn 0.6929 -0.6575 -0.2959
vn 0.0358 -0.6852 -0.7275
vn 0.0173 -0.1215 -0.9924
vn 0.7400 0.0644 -0.6695
vn 0.0683 -0.5223 -0.8500
vn -0.0314 0.0293 -0.9991
vn 0.5231 0.2353 -0.8192
vn -0.1386 0.1561 -0.9780
vn 0.4640 0.2330 -0.8546
vn 0.7728 0.3742 -0.5125
vn 0.7519 0.3651 -0.5490
vn 0.9166 0.0727 -0.3931
vn -0.3287 -0.8815 -0.3389
vn -0.3134 -0.4275 -0.8480
vn -0.5718 0.1333 -0.8095
vn -0.7475 -0.3776 0.5465
vn -0.6163 0.2694 -0.7400
vn -0.8587 0.1361 0.4941
vn -0.8655 0.4978 -0.0558
vn -0.5705 0.5660 0.5951
vn -0.9715 0.2359 -0.0237
vn -0.6043 0.6864 0.4045
vn -0.9985 0.0547 -0.0084
vn -0.0308 0.9572 -0.2878
vn 0.7509 -0.2044 0.6280
vn 0.4465 0.1733 0.8778
vn 0.0253 0.5074 0.8614
vn 0.1739 0.8451 0.5055
vn 0.7402 0.6673 -0.0820
vn 0.9053 -0.4213 -0.0543
vn 0.6928 -0.6576 -0.2959
vn 0.9371 0.2477 0.2461
vn 0.9628 0.1639 -0.2147
vn 0.6868 0.6055 0.4020
vn 0.9058 0.3874 -0.1713
vn -0.7621 -0.6431 0.0750
vn -0.7457 -0.6236 0.2344
vn -0.8394 -0.5410 0.0528
vn -0.7634 -0.4825 0.4295
vn -0.7934 -0.3507 0.4975
vn -0.7752 -0.1694 0.6086
vn -0.9156 -0.4015 0.0203
vn -0.9487 -0.3143 0.0349
vn -0.2343 -0.3639 0.9015
vn -0.6781 -0.5727 0.4606
vn -0.6573 -0.4415 0.6108
vn -0.8128 -0.5735 0.1021
vn -0.8361 -0.1576 0.5255
vn -0.9477 -0.3161 0.0437
vn -0.8409 -0.0877 0.5340
vn -0.1839 0.1130 0.9764
vn 0.0381 -0.0066 0.9993
vn -0.0778 -0.5968 0.7986
vn -0.6282 -0.6980 0.3438
vn -0.8045 -0.5689 0.1706
vn -0.7451 -0.6665 0.0252
vn -0.3536 -0.8925 0.2801
vn -0.2239 -0.9653 0.1343
vn -0.1558 0.3456 0.9254
vn -0.1620 0.2796 0.9463
vn 0.3825 -0.7766 0.5006
vn 0.6657 -0.2889 0.6880
vn 0.6927 0.1865 0.6967
vn 0.6824 0.5312 0.5022
vn 0.6967 0.4982 0.5162
vn 0.1045 0.0609 0.9927
vn 0.8671 0.3671 -0.3368
vn 0.2026 0.9710 -0.1270
vn 0.8753 0.4749 -0.0907
vn 0.2352 0.9156 0.3261
vn -0.2583 0.9651 -0.0442
vn 0.0886 0.8960 0.4351
vn 0.7903 0.5773 -0.2053
vn 0.8668 0.4931 0.0743
vn 0.8533 0.5104 -0.1067
vn 0.8131 0.4343 0.3876
vn -0.0106 0.5788 0.8154
vn 0.1145 -0.1563 0.9810
vn 0.2410 0.0153 0.9704
vn 0.5829 -0.7926 0.1790
vn 0.9676 -0.2360 0.0901
vn 0.9856 0.1685 0.0161
vn 0.8870 0.4595 -0.0456
vn -0.4383 -0.4263 0.7913
vn -0.5126 -0.3154 0.7986
vn -0.8926 -0.3980 0.2119
vn -0.7816 -0.2499 -0.5716
vn -0.8694 0.4826 -0.1064
vn -0.8896 -0.3259 0.3199
vn -0.9921 -0.0510 -0.1147
vn 0.8946 0.3962 0.2069
vn 0.8918 0.2614 0.3692
vn 0.9283 -0.3074 0.2090
vn 0.9511 -0.2598 -0.1668
vn 0.7847 0.1113 0.6098
vn 0.7732 -0.1349 0.6196
vn 0.9849 -0.0633 -0.1609
vn 0.9043 -0.1180 0.4102
vn 0.9980 -0.0269 0.0580
vn 0.4648 0.0547 0.8837
vn 0.7827 0.2184 -0.5828
vn 0.7544 -0.0355 -0.6555
vn -0.3873 0.4353 -0.8127
vn -0.4590 0.1182 -0.8805
vn -0.8123 0.2779 -0.5129
vn -0.9968 0.0797 0.0080
vn -0.7958 0.1168 -0.5943
vn -0.8620 0.1049 -0.4959
vn -0.8612 0.2339 -0.4513
vn -0.8682 0.3959 -0.2992
vn -0.8467 0.4440 -0.2933
vn -0.2432 0.8571 -0.4541
vn 0.8554 0.4505 -0.2556
vn 0.7686 -0.1894 -0.6110
vn -0.4863 -0.0695 -0.8710
vn -0.7821 0.0075 -0.6231
vn 0.8001 -0.3779 -0.4658
vn -0.4515 -0.2891 -0.8442
vn 0.9080 -0.3299 -0.2581
vn 0.8333 -0.5506 -0.0486
vn -0.3848 -0.8865 -0.2569
vn -0.3886 -0.7134 -0.5832
vn 0.8534 -0.4499 -0.2631
vn -0.4270 -0.5248 -0.7364
vn -0.8056 -0.1081 -0.5825
vn -0.8711 0.0350 -0.4898
vn -0.9906 0.0998 -0.0937
vn -0.8984 0.4381 -0.0292
vn -0.8536 0.5206 -0.0200
vn -0.2634 0.9610 0.0849
vn 0.8946 0.3961 0.2069
vn -0.8238 -0.2362 -0.5153
vn -0.9017 -0.1302 -0.4122
vn -0.8744 -0.0454 -0.4830
vn -0.9227 -0.1839 -0.3389
vn -0.8524 -0.3176 -0.4153
vn -0.9134 0.3824 0.1399
vn -0.9140 0.2293 0.3346
vn -0.9233 0.0496 0.3810
vn -0.9458 0.1078 0.3064
vn -0.9498 -0.2344 -0.2072
vn -0.9090 -0.3520 -0.2232
vn -0.9777 -0.2089 -0.0238
vn -0.8977 0.1448 0.4162
vn -0.9682 -0.1285 0.2145
vn -0.8592 0.0505 0.5092
vn -0.8871 0.2846 0.3634
vn -0.9232 0.0496 0.3810
vn -0.9140 0.2294 0.3347
vn -0.8645 0.4664 0.1875
vn -0.9133 0.3825 0.1400
vn -0.8536 0.5206 -0.0199
vn -0.8984 0.4383 -0.0291
vn 0.7732 -0.1348 0.6197
vn -0.6093 0.0199 0.7927
vn -0.4889 0.4700 0.7349
vn -0.3663 0.8124 0.4536
vn -0.2634 0.9609 0.0851
vn 0.8919 0.2613 0.3692
vn 0.8946 0.3962 0.2068
vn -0.9408 0.1286 0.3137
vn -0.8976 0.1448 0.4163
vn -0.9605 -0.0463 0.2744
vn -0.3849 -0.8865 -0.2567
vn -0.3832 -0.9094 0.1620
vn -0.9090 -0.3520 -0.2230
vn -0.9510 -0.3073 -0.0338
vn -0.9498 -0.2345 -0.2071
vn -0.9776 -0.2091 -0.0238
vn -0.9849 -0.1273 0.1170
vn -0.9682 -0.1286 0.2146
vn -0.6678 -0.0036 0.7443
vn -0.6535 0.1409 0.7437
vn -0.7925 0.1329 0.5952
vn -0.4991 -0.6671 0.5530
vn 0.9980 -0.0268 0.0580
vn 0.4648 0.0549 0.8837
vn 0.8044 -0.5036 0.3151
vn 0.4619 -0.4838 0.7433
vn 0.9701 -0.0968 0.2228
vn 0.9850 -0.0633 -0.1607
vn 0.9861 0.0415 0.1609
vn 0.8333 -0.5507 -0.0486
vn 0.8554 0.4505 -0.2557
vn 0.8945 0.3963 0.2068
vn 0.9300 -0.2096 0.3021
vn 0.9283 -0.3073 0.2091
vn 0.7826 0.2185 -0.5829
vn 0.7542 -0.0354 -0.6557
vn 0.7685 -0.1894 -0.6112
vn 0.9392 -0.1675 0.2999
vn 0.9512 -0.2597 -0.1667
vn 0.8001 -0.3780 -0.4658
vn 0.9358 0.0708 0.3454
vn 0.8533 -0.4500 -0.2632
vn 0.9080 -0.3299 -0.2582
vn -0.7799 -0.5840 -0.2250
vn -0.8584 -0.4998 -0.1154
vn -0.8520 -0.5090 -0.1230
vn -0.9091 -0.3806 -0.1693
vn -0.9119 -0.4045 -0.0690
vn -0.9142 0.3078 -0.2636
vn -0.2349 -0.3743 0.8971
vn -0.8900 0.4092 0.2012
vn -0.1692 0.6073 0.7763
vn -0.5015 0.8368 -0.2197
vn 0.9383 0.2956 0.1794
vn 0.8391 -0.4496 0.3062
vn 0.7169 -0.2475 0.6518
vn 0.9364 0.2860 0.2034
vn 0.4046 0.5481 0.7320
vn 0.6146 0.7830 0.0961
vn 0.0863 0.9907 -0.1051
vn -0.0082 0.9853 0.1705
vn -0.4694 0.8459 0.2532
vn -0.7915 0.3528 0.4990
vn 0.4789 0.7668 0.4275
vn 0.0103 0.8621 0.5066
vn -0.7508 -0.2578 0.6081
vn -0.8569 -0.3411 0.3866
vn -0.5788 -0.2344 0.7811
vn -0.8994 -0.2359 0.3680
vn -0.9993 0.0140 0.0354
vn -0.9616 -0.2731 -0.0259
vn -0.9263 -0.3713 -0.0637
vn -0.9141 -0.4002 -0.0661
vn -0.9114 -0.3963 -0.1109
vn -0.9141 -0.3816 -0.1373
vn -0.9120 -0.3763 -0.1633
vn -0.7799 -0.5840 -0.2251
vn -0.4536 -0.8383 -0.3025
vn -0.8436 -0.4971 -0.2032
vn -0.9533 -0.2530 -0.1651
vn -0.9189 -0.2353 -0.3165
vn -0.9675 0.0646 -0.2445
vn -0.6390 -0.2198 -0.7371
vn -0.3793 -0.4610 -0.8023
vn -0.1872 -0.4848 -0.8544
vn -0.1219 -0.4393 -0.8900
vn -0.0949 -0.4703 -0.8774
vn -0.1745 -0.3888 -0.9047
vn -0.0184 -0.4558 -0.8899
vn -0.6957 -0.4629 -0.5493
vn -0.3991 -0.7274 -0.5582
vn -0.1406 -0.8699 -0.4728
vn -0.2815 -0.4594 -0.8424
vn -0.2169 -0.5821 -0.7837
vn -0.2568 -0.4814 -0.8381
vn -0.1077 -0.8839 -0.4550
vn -0.1311 -0.9360 -0.3266
vn -0.1236 -0.8790 -0.4606
vn 0.0471 -0.6788 -0.7328
vn 0.0820 -0.4199 -0.9038
vn -0.0656 -0.5291 -0.8460
vn -0.1142 -0.5275 -0.8418
vn -0.2431 -0.2394 -0.9400
vn -0.7488 0.1975 -0.6327
vn -0.8427 0.5081 -0.1781
vn -0.9933 0.0347 -0.1101
vn -0.9091 -0.3805 -0.1694
vn -0.8983 -0.4255 -0.1096
vn -0.8657 -0.4720 -0.1668
vn -0.8584 -0.4998 -0.1156
vn -0.8492 -0.5194 -0.0952
vn -0.8326 -0.5166 -0.2000
vn -0.9933 0.0331 -0.1110
vn -0.9933 0.0344 -0.1104
vn -0.9533 -0.2529 -0.1651
vn -0.8876 0.4605 -0.0095
vn -0.8874 0.4608 -0.0097
vn -0.9772 0.2103 -0.0306
vn -0.9772 0.2117 -0.0171
vn -0.9797 0.1937 0.0520
vn -0.9993 0.0140 0.0352
vn -0.9616 -0.2731 -0.0261
vn -0.8899 0.4194 0.1794
vn 0.2085 0.9635 0.1677
vn 0.2344 0.9538 0.1879
vn 0.5009 0.8357 0.2251
vn 0.1905 0.9744 0.1197
vn 0.1912 0.9719 0.1374
vn 0.1917 0.9716 0.1387
vn 0.2110 0.9761 0.0529
vn 0.5142 0.8514 0.1034
vn 0.2355 0.9571 0.1688
vn 0.2272 0.9474 0.2254
vn 0.2084 0.9636 0.1677
vn -0.0155 0.9795 0.2009
vn 0.4226 0.9001 -0.1063
vn 0.8773 0.4798 -0.0046
vn 0.9959 0.0876 -0.0216
vn 0.9684 -0.2358 -0.0808
vn 0.8806 0.2200 -0.4197
vn 0.7301 0.5914 -0.3424
vn 0.4399 0.6551 -0.6142
vn 0.2595 0.9280 -0.2675
vn 0.0464 0.9385 -0.3420
vn 0.8591 -0.5088 0.0553
vn 0.6725 -0.7391 0.0377
vn 0.6287 -0.7678 -0.1231
vn 0.8537 -0.5207 -0.0088
vn 0.5326 -0.8231 -0.1973
vn 0.8525 -0.5227 -0.0080
vn 0.8127 -0.5151 -0.2723
vn 0.7837 -0.2301 -0.5769
vn 0.5060 0.2746 -0.8176
vn 0.0897 0.6725 -0.7346
vn -0.1783 0.9312 -0.3181
vn 0.9014 -0.4227 0.0939
vn 0.9629 -0.2632 0.0593
vn 0.9369 -0.2847 0.2029
vn 0.9074 -0.4163 0.0572
vn 0.9101 -0.4114 0.0493
vn -0.9446 0.2721 -0.1837
vn -0.8002 0.3268 0.5029
vn -0.5603 0.8075 0.1843
vn -0.6013 0.7916 -0.1082
vn -0.1402 0.9820 -0.1268
vn -0.6146 0.4203 0.6676
vn -0.2294 0.9036 0.3619
vn -0.2000 0.6068 0.7693
vn -0.8532 -0.5097 -0.1104
vn -0.7819 -0.2447 0.5734
vn -0.9924 0.1062 -0.0623
vn -0.1586 0.8860 0.4356
vn 0.3062 0.8968 0.3194
vn 0.4443 0.8938 -0.0615
vn 0.9436 0.3271 0.0521
vn 0.6702 0.5570 0.4904
vn 0.1394 -0.3099 0.9405
vn 0.8700 -0.4472 0.2074
vn 0.6220 0.3435 0.7036
vn 0.5072 -0.8560 0.1001
vn 0.5550 -0.8316 -0.0195
vn 0.5132 -0.8507 0.1140
vn 0.6293 -0.7523 0.1952
vn 0.7436 -0.5717 0.3467
vn -0.3800 -0.2224 0.8979
vn -0.8092 -0.0060 0.5875
vn -0.8407 -0.2276 0.4914
vn -0.9346 -0.0545 0.3516
vn -0.9364 -0.0114 0.3508
vn -0.1726 0.1957 0.9653
vn -0.9064 -0.2272 0.3560
vn -0.8531 -0.5060 0.1271
vn -0.7845 -0.3970 0.4763
vn -0.5830 -0.7713 0.2556
vn -0.5361 -0.8305 -0.1511
vn -0.3486 -0.9369 0.0252
vn -0.2769 -0.9484 -0.1546
vn -0.3253 -0.9408 0.0953
vn -0.2590 -0.9560 0.1376
vn -0.3233 -0.7929 0.5165
vn -0.1886 -0.7243 0.6631
vn -0.3434 -0.2881 0.8939
vn -0.4716 -0.6821 0.5588
vn -0.5124 -0.1983 0.8355
vn -0.5059 0.0526 0.8610
vn -0.7843 -0.0473 0.6185
vn -0.9034 -0.0850 0.4203
vn -0.9256 -0.0354 0.3769
vn -0.5803 -0.8137 -0.0345
vn -0.9380 -0.3419 0.0573
vn -0.8866 -0.4027 -0.2273
vn -0.8326 -0.5165 -0.1999
vn -0.8492 -0.5194 -0.0951
vn -0.8657 -0.4720 -0.1667
vn -0.9356 -0.3531 -0.0014
vn -0.9341 -0.0531 0.3531
vn -0.9269 -0.0429 0.3729
vn -0.9485 -0.3159 0.0239
vn -0.9259 -0.0330 0.3763
vn -0.9334 -0.0523 0.3550
vn -0.6316 -0.4744 0.6133
vn -0.5108 -0.4680 0.7211
vn -0.5525 -0.0739 0.8302
vn -0.3367 0.0123 0.9415
vn -0.2860 -0.0254 0.9579
vn -0.1844 -0.1052 0.9772
vn 0.3835 0.0542 0.9219
vn 0.4331 0.0875 0.8971
vn -0.1824 0.1843 0.9658
vn 0.3228 0.0656 0.9442
vn -0.1756 0.1455 0.9737
vn -0.1129 0.4496 0.8861
vn -0.6636 0.1924 0.7229
vn -0.7878 0.2233 0.5740
vn -0.8697 0.3061 0.3871
vn -0.8444 0.1222 0.5216
vn -0.7325 0.3788 0.5657
vn -0.3775 0.0125 0.9259
vn -0.0955 -0.1650 0.9817
vn -0.6146 0.4202 0.6676
vn -0.2293 0.9036 0.3617
vn -0.1998 0.6069 0.7692
vn -0.3902 -0.2308 0.8913
vn -0.6861 -0.1719 0.7069
vn -0.6574 -0.2069 0.7246
vn -0.7041 -0.2113 0.6780
vn -0.6593 -0.1225 0.7419
vn -0.6009 0.0156 0.7992
vn -0.7589 -0.1709 0.6284
vn -0.7666 0.1376 0.6272
vn -0.9033 -0.0025 0.4291
vn -0.6428 0.3236 0.6944
vn -0.6885 0.4113 0.5974
vn -0.4560 0.7691 0.4478
vn -0.8898 0.4195 0.1795
vn -0.5438 0.8056 0.2349
vn -0.8873 0.4610 -0.0097
vn -0.5255 0.8442 0.1056
vn -0.9378 0.2049 0.2804
vn -0.9767 0.1410 0.1620
vn -0.9688 0.2095 0.1326
vn -0.9772 0.2117 -0.0170
vn -0.9797 0.1936 0.0522
vn -0.9577 0.1689 0.2330
vn 0.4464 -0.2471 0.8600
vn 0.3284 -0.2552 0.9094
vn 0.3851 -0.3280 0.8626
vn -0.1692 0.6073 0.7762
vn 0.2769 -0.3651 0.8888
vn 0.2593 -0.2841 0.9231
vn 0.4178 -0.2380 0.8768
vn 0.3888 -0.3359 0.8579
vn 0.6649 -0.3418 0.6641
vn 0.5680 -0.2790 0.7743
vn 0.4160 -0.2474 0.8751
vn 0.5794 -0.1464 0.8018
vn 0.3171 -0.3862 0.8662
vn 0.1010 -0.4660 0.8790
vn -0.3344 -0.7208 0.6072
vn -0.0177 0.0733 0.9972
vn 0.0689 0.1534 0.9858
vn 0.4047 0.5481 0.7320
vn -0.0083 0.9853 0.1705
vn 0.1218 -0.2826 0.9515
vn 0.6983 0.1950 0.6887
vn 0.6682 0.0646 0.7412
vn 0.8866 0.1523 0.4367
vn 0.7803 -0.0064 0.6254
vn 0.3650 -0.0920 0.9265
vn 0.2250 -0.0522 0.9729
vn 0.3387 0.1702 0.9254
vn 0.0447 -0.0071 0.9990
vn -0.0961 -0.0390 0.9946
vn -0.1025 -0.0374 0.9940
vn -0.1259 0.0632 0.9900
vn -0.1177 -0.0537 0.9916
vn 0.0148 -0.0786 0.9968
vn 0.7916 0.0356 0.6100
vn 0.1886 0.1804 0.9653
vn 0.2114 0.2156 0.9533
vn 0.6611 0.2829 0.6949
vn 0.9317 0.1337 0.3378
vn 0.9032 0.1552 0.4002
vn 0.8117 0.2489 0.5284
vn 0.3700 0.1023 0.9234
vn 0.4879 -0.1053 0.8665
vn 0.6176 0.1528 0.7715
vn 0.5692 0.3305 0.7529
vn 0.8235 0.1535 0.5462
vn 0.7050 -0.1978 0.6811
vn -0.2737 -0.4738 0.8370
vn -0.0748 -0.5628 0.8232
vn -0.0671 -0.7218 0.6888
vn 0.2487 -0.1505 0.9568
vn 0.2841 -0.5415 0.7912
vn 0.4919 -0.3413 0.8010
vn 0.5177 -0.5710 0.6371
vn 0.7003 -0.2761 0.6583
vn 0.7726 -0.0002 0.6349
vn 0.5954 -0.1416 0.7909
vn -0.7204 0.2375 0.6516
vn -0.6679 0.2196 0.7111
vn 0.6158 -0.3704 0.6954
vn -0.1919 0.1262 0.9733
vn 0.1989 -0.9262 0.3203
vn 0.1717 -0.8985 0.4040
vn 0.4970 -0.6898 0.5264
vn 0.5485 -0.5848 0.5977
vn 0.3262 -0.3817 0.8648
vn 0.2625 -0.0745 0.9620
vn -0.2046 -0.0181 0.9787
vn 0.2845 -0.7556 0.5900
vn -0.5521 0.0073 0.8337
vn -0.1413 -0.7792 0.6106
vn -0.2001 -0.3304 0.9224
vn -0.5699 -0.3160 0.7585
vn -0.7864 0.0720 0.6135
vn -0.4610 -0.7171 0.5227
vn -0.2551 -0.8908 0.3761
vn -0.2853 -0.9157 0.2830
vn -0.6008 -0.5668 0.5637
vn -0.5850 -0.6809 0.4405
vn -0.6394 -0.5707 0.5151
vn -0.7762 -0.3074 0.5504
vn -0.7149 -0.3464 0.6074
vn -0.0457 -0.9698 0.2395
vn -0.7199 0.1281 0.6822
vn -0.7836 -0.2439 0.5714
vn -0.4495 -0.5815 0.6781
vn -0.5374 -0.3384 0.7724
vn -0.3819 -0.5702 0.7274
vn -0.6379 -0.2229 0.7372
vn -0.7539 -0.3128 0.5777
vn -0.6979 -0.2552 0.6692
vn 0.1522 -0.7465 0.6477
vn -0.3995 -0.2192 0.8901
vn 0.2056 -0.9302 0.3041
vn -0.5361 -0.3349 0.7749
vn 0.0367 -0.0309 0.9989
vn -0.2022 0.6444 0.7375
vn -0.2265 0.6517 0.7239
vn -0.4035 0.8869 0.2248
vn -0.0996 0.9583 0.2679
vn -0.0897 0.9465 0.3100
vn 0.2355 0.9167 0.3229
vn 0.0695 0.7279 0.6821
vn 0.7363 0.4982 0.4578
vn -0.1091 0.0419 0.9932
vn 0.6981 -0.1895 0.6905
vn 0.7172 -0.5814 0.3843
vn 0.9284 -0.1186 0.3522
vn 0.7052 -0.6538 0.2743
vn 0.2199 -0.9630 0.1560
vn -0.0402 -0.9530 0.3002
vn -0.2342 -0.0116 0.9721
vn 0.8349 -0.2786 0.4746
vn 0.5590 0.7520 0.3492
vn 0.8850 0.2729 0.3772
vn 0.7207 0.5826 0.3758
vn 0.1428 0.6201 0.7715
vn -0.1630 0.6890 0.7062
vn -0.4305 0.0205 0.9023
vn -0.2328 -0.6640 0.7105
vn 0.7268 -0.6785 0.1065
vn 0.3082 -0.0428 0.9504
vn -0.4920 0.0401 0.8697
vn 0.3479 0.4742 0.8088
vn -0.4350 -0.3402 0.8337
vn -0.1245 -0.9743 0.1876
vn -0.0869 -0.9930 -0.0796
vn 0.2205 -0.9527 0.2092
vn 0.3723 -0.9281 0.0089
vn 0.3050 -0.9027 0.3036
vn 0.6077 -0.7936 0.0310
vn 0.7840 -0.4001 0.4746
vn 0.5405 -0.8413 -0.0045
vn 0.3815 -0.9011 -0.2063
vn 0.4087 -0.9019 -0.1398
vn 0.5072 -0.8560 0.1002
vn 0.4727 -0.8601 0.1917
vn 0.5971 -0.5463 0.5874
vn 0.4460 -0.3469 0.8251
vn 0.4751 -0.0542 0.8783
vn -0.2364 0.5960 0.7674
vn 0.5132 -0.8507 0.1142
vn 0.6293 -0.7522 0.1953
vn -0.6275 0.7579 0.1784
vn 0.6678 -0.1599 0.7270
vn 0.6735 -0.1807 0.7168
vn 0.7010 -0.1475 0.6977
vn -0.0671 0.2155 0.9742
vn 0.7044 -0.1905 0.6838
vn 0.6893 -0.3787 0.6177
vn -0.3026 0.5315 0.7912
vn -0.6916 0.6924 0.2055
vn -0.7893 0.5602 0.2515
vn -0.2430 0.7367 0.6311
vn -0.2800 -0.9272 0.2487
vn -0.2738 -0.9563 0.1025
vn -0.0317 -0.9931 0.1133
vn 0.0018 -0.7023 0.7119
vn 0.5871 -0.6602 0.4685
vn -0.8937 0.4171 0.1656
vn -0.9912 0.0006 0.1327
vn -0.8309 -0.1100 0.5455
vn -0.8040 -0.5521 0.2209
vn -0.6567 -0.6619 0.3615
vn -0.7858 -0.6083 0.1119
vn -0.9377 -0.1866 0.2933
vn 0.1073 -0.2090 0.9720
vn 0.2454 -0.9385 -0.2430
vn 0.3321 -0.9077 -0.2563
vn 0.6723 -0.7393 0.0378
vn 0.6286 -0.7679 -0.1231
vn 0.5596 -0.0451 0.8275
vn 0.7063 -0.1412 0.6936
vn 0.7005 -0.1145 0.7044
vn 0.6943 -0.1209 0.7095
vn 0.7266 -0.1275 0.6751
vn 0.7194 -0.0779 0.6903
vn 0.7963 -0.4900 0.3548
vn 0.7939 -0.4086 0.4502
vn 0.6984 -0.1495 0.7000
vn 0.6596 -0.1509 0.7363
vn 0.8739 -0.4470 0.1910
vn 0.8864 -0.4067 0.2213
vn 0.8862 -0.4441 0.1318
vn 0.8939 -0.4164 0.1660
vn 0.8591 -0.5088 0.0554
vn 0.6725 -0.7392 0.0378
vn 0.6057 -0.7927 0.0682
vn 0.9369 -0.2846 0.2030
vn 0.9075 -0.4163 0.0572
vn 0.8744 0.4442 0.1954
vn 0.9918 0.0328 0.1239
vn 0.8774 0.4798 -0.0044
vn 0.9959 0.0875 -0.0214
vn 0.9630 -0.2630 0.0593
vn 0.9685 -0.2358 -0.0807
vn 0.8516 -0.2179 0.4767
vn 0.9629 0.0130 0.2697
vn 0.9919 0.0313 0.1230
vn 0.9918 0.0326 0.1236
vn 0.8742 0.4446 0.1952
vn 0.5010 0.8356 0.2252
vn 0.4993 0.8328 0.2391
vn 0.2355 0.9571 0.1690
vn 0.5143 0.8513 0.1036
vn 0.9613 0.1914 0.1983
vn 0.8062 0.4091 0.4275
vn 0.9118 0.1189 0.3930
vn 0.4964 0.7822 0.3765
vn 0.2392 0.9378 0.2515
vn 0.1692 0.9537 0.2485
vn 0.1475 0.9259 0.3479
vn 0.1760 0.9517 0.2515
vn 0.1853 0.9181 0.3505
vn -0.0155 0.9795 0.2011
vn 0.3883 0.7399 0.5494
vn 0.5627 0.3362 0.7552
vn 0.8292 0.2018 0.5212
vn 0.9108 0.1910 0.3660
vn 0.9578 0.1934 0.2125
vn 0.9428 0.1742 0.2842
vn 0.8728 0.1487 0.4649
vn 0.3087 -0.0209 0.9509
vn 0.4999 0.1252 0.8570
vn 0.6057 0.0468 0.7943
vn 0.4608 -0.1492 0.8749
vn 0.6956 -0.0421 0.7172
vn 0.4217 -0.2663 0.8668
vn 0.6295 -0.3548 0.6913
vn 0.5687 -0.2856 0.7714
vn 0.6221 -0.1326 0.7716
vn 0.4224 -0.2648 0.8669
vn 0.4089 -0.1096 0.9060
vn 0.5138 0.2182 0.8297
vn 0.6499 0.2473 0.7187
vn -0.2348 -0.3743 0.8971
vn -0.8900 0.4092 0.2010
vn 0.3330 0.1469 0.9314
vn 0.1265 0.2436 0.9616
vn -0.0546 -0.5660 0.8226
vn -0.1022 -0.9791 0.1757
vn -0.4716 -0.8746 0.1126
vn -0.2848 -0.7045 0.6501
vn 0.5329 0.2830 0.7974
vn 0.2075 0.3705 0.9054
vn -0.0214 0.4528 0.8913
vn -0.1412 0.2735 0.9514
vn -0.1000 -0.0651 0.9929
vn 0.0077 0.3370 0.9415
vn 0.0430 0.1614 0.9859
vn 0.1747 0.1629 0.9711
vn 0.3060 0.1520 0.9398
vn 0.4070 0.1748 0.8966
vn -0.3661 0.1302 0.9214
vn -0.2780 -0.0993 0.9554
vn -0.7818 -0.2447 0.5735
vn -0.4476 0.2315 0.8638
vn -0.2563 0.4765 0.8410
vn -0.4518 0.3895 0.8026
vn -0.4494 0.5792 0.6802
vn -0.4321 0.4763 0.7658
vn -0.2942 0.4159 0.8605
vn -0.3627 0.3147 0.8772
vn -0.2099 0.2030 0.9564
vn 0.0196 0.3430 0.9391
vn -0.0078 0.2005 0.9797
vn -0.0630 0.3359 0.9398
vn 0.3701 0.3845 0.8457
vn 0.4217 0.2363 0.8754
vn -0.4945 0.4062 0.7684
vn 0.5621 0.3597 0.7448
vn 0.0130 0.5393 0.8420
vn 0.0581 0.5154 0.8550
vn -0.6058 0.2163 0.7656
vn -0.4881 0.1484 0.8601
vn -0.4477 0.0352 0.8935
vn -0.5186 0.0289 0.8546
vn -0.9924 0.1062 -0.0622
vn -0.0424 -0.0508 0.9978
vn -0.6280 0.4088 0.6623
vn -0.7699 0.1200 0.6268
vn -0.7079 -0.0416 0.7051
vn -0.3255 -0.0399 0.9447
vn 0.0904 -0.0256 0.9956
vn -0.1244 -0.0447 0.9912
vn -0.6851 0.0298 0.7279
vn -0.4374 -0.0915 0.8946
vn -0.6031 0.3344 0.7242
vn 0.0248 0.5751 0.8177
vn 0.6492 0.4429 0.6184
vn 0.6701 0.3099 0.6745
vn 0.0129 -0.1048 0.9944
vn 0.7475 0.2185 0.6273
vn 0.6896 0.2355 0.6848
vn 0.7381 0.3143 0.5970
vn 0.6744 0.1881 0.7140
vn 0.4770 0.1575 0.8647
vn 0.1416 -0.8406 0.5228
vn 0.2957 -0.9223 0.2488
vn 0.0039 -0.0093 0.9999
vn 0.5332 0.1364 0.8349
vn 0.4767 0.0190 0.8789
vn 0.6206 0.2203 0.7526
vn 0.9364 0.2860 0.2036
vn 0.9383 0.2957 0.1795
vn 0.5948 0.3272 0.7343
vn 0.7046 -0.2840 0.6504
vn 0.8391 -0.4497 0.3062
vn 0.6147 0.7829 0.0962
vn 0.4789 0.7667 0.4276
vn -0.1179 0.1833 0.9760
vn 0.2138 -0.4969 0.8411
vn -0.1676 -0.8351 0.5239
vn -0.8769 -0.3031 0.3731
vn -0.9143 0.3077 -0.2635
vn -0.9119 -0.4046 -0.0689
vn -0.5043 -0.5022 0.7025
vn -0.9446 0.2720 -0.1836
vn -0.8884 -0.3377 0.3110
vn -0.8532 -0.5097 -0.1103
vn -0.3230 -0.9442 0.0645
vn 0.4502 -0.8633 0.2282
vn 0.2974 -0.7210 0.6259
vn 0.8700 -0.4473 0.2075
vn 0.7110 -0.3939 0.5826
vn 0.9436 0.3270 0.0521
vn -0.1593 0.2115 0.9643
vn 0.3061 0.8968 0.3195
vn -0.1586 0.8860 0.4357
vn -0.5602 0.8075 0.1844
vn -0.4914 -0.4741 0.7306
vn 0.0730 -0.8540 0.5152
vn 0.0993 -0.9760 0.1938
vn 0.3176 -0.5115 0.7984
vn -0.1000 0.1747 0.9795
vn -0.1625 -0.6655 0.7285
vn -0.4536 -0.8488 0.2715
vn -0.2427 -0.0071 0.9701
vn -0.3574 0.0834 0.9302
vn -0.4497 0.0072 0.8932
vn -0.6566 0.1528 0.7386
vn -0.7391 0.1720 0.6512
vn -0.7453 0.3047 0.5930
vn -0.5377 0.3359 0.7734
vn -0.3412 0.2786 0.8978
vn -0.2720 0.1150 0.9554
vn -0.2306 0.3025 0.9248
vn -0.7079 0.0735 0.7025
vn 0.6703 0.5570 0.4903
vn -0.5335 0.4510 0.7155
vn -0.2085 0.9288 0.3064
vn -0.2461 0.9215 0.3003
vn -0.2758 0.9419 0.1915
vn -0.2140 0.9549 0.2060
vn -0.2700 0.7560 0.5962
vn -0.0666 0.7286 0.6817
vn 0.1394 0.7434 0.6541
vn -0.2563 0.9577 0.1306
vn -0.2262 0.9670 0.1169
vn -0.2065 0.9568 0.2045
vn -0.5105 0.8597 -0.0160
vn -0.8426 0.5082 -0.1780
vn -0.8875 0.4607 -0.0094
vn -0.5269 0.8416 0.1190
vn -0.2529 0.9610 0.1116
vn -0.2579 0.9514 0.1686
vn -0.2263 0.9670 0.1169
vn 0.5478 0.7469 0.3769
vn 0.5461 0.7405 0.3917
vn 0.5919 0.4964 0.6350
vn 0.6439 0.6902 0.3301
vn 0.6945 0.7134 0.0937
vn 0.6746 0.7367 -0.0476
vn 0.5883 0.7782 -0.2200
vn 0.5472 0.8083 0.2174
vn 0.4377 0.4261 0.7917
vn 0.8065 0.5381 0.2448
vn -0.2583 0.9651 -0.0441
vn -0.8693 0.4827 -0.1064
vn -0.7378 0.4368 -0.5146
vn -0.4437 0.8543 -0.2708
vn -0.1310 0.1114 -0.9851
vn -0.2079 0.9626 -0.1738
vn 0.6810 0.3599 0.6377
vn -0.3002 0.9538 0.0100
vn -0.3280 0.6673 -0.6687
vn 0.0682 0.8704 -0.4875
vn -0.6393 -0.7588 -0.1246
vn -0.7621 -0.6431 0.0749
vn -0.7191 -0.6072 -0.3381
vn -0.8394 -0.5410 0.0527
vn -0.7522 -0.3961 -0.5266
vn -0.9156 -0.4015 0.0201
vn -0.7970 -0.2923 -0.5286
vn -0.9487 -0.3144 0.0347
vn -0.7942 -0.2557 -0.5513
vn -0.9477 -0.3162 0.0435
vn -0.7474 -0.5108 -0.4249
vn -0.8128 -0.5735 0.1020
vn -0.4243 -0.2686 -0.8648
vn 0.3662 0.0020 -0.9305
vn 0.8671 0.3670 -0.3369
vn 0.8349 -0.3838 -0.3944
vn -0.1816 -0.8789 -0.4410
vn 0.5137 -0.8306 -0.2149
vn -0.4775 -0.8641 -0.1590
vn -0.7018 -0.7084 -0.0749
vn 0.8753 0.4749 -0.0908
vn 0.8533 0.5104 -0.1068
vn 0.8870 0.4594 -0.0458
vn 0.9856 0.1685 0.0159
vn 0.9676 -0.2360 0.0900
vn 0.5829 -0.7926 0.1789
vn -0.1002 -0.9948 -0.0182
vn -0.7452 -0.6664 0.0251
vn -0.8083 -0.5883 0.0224
vn -0.8045 -0.5689 0.1705
vn -0.7458 -0.6236 0.2344
vn -0.0863 -0.9416 0.3254
vn 0.8921 -0.3903 0.2278
vn 0.1828 -0.9554 -0.2319
vn 0.6783 0.0482 0.7332
vn 0.8641 -0.2942 -0.4083
vn 0.6609 0.2209 -0.7172
vn -0.7200 -0.6227 0.3062
vn -0.2550 -0.3636 0.8960
vn 0.7655 0.4293 -0.4793
vn -0.3444 0.7227 -0.5992
vn 0.1685 0.4980 0.8507
vn 0.0685 0.6081 0.7909
vn 0.2286 0.5764 -0.7845
vn -0.2501 0.6828 0.6865
vn -0.3388 0.7960 -0.5016
vn -0.5407 0.8270 0.1538
vn -0.9317 0.3112 0.1872
vn -0.5536 0.7473 -0.3676
vn 0.0583 0.9794 0.1932
vn 0.6602 0.6230 -0.4195
vn 0.6591 0.7510 0.0392
vn 0.4312 0.7511 0.4999
vn 0.7030 0.7112 0.0077
vn 0.2998 0.7906 0.5340
vn 0.1366 0.7102 0.6906
vn -0.2915 0.6055 0.7405
vn -0.7884 0.5200 0.3287
vn -0.5904 0.8032 -0.0787
vn 0.2035 0.5917 0.7801
vn -0.8037 0.4546 0.3840
vn 0.2653 0.0586 -0.9624
vn -0.4452 0.2554 0.8582
vn -0.3712 -0.4280 -0.8241
vn 0.1747 -0.9845 0.0170
vn 0.4602 0.7356 -0.4971
vn 0.0453 0.7049 -0.7079
vn -0.3592 0.6390 -0.6801
vn -0.7590 0.5567 -0.3377
vn -0.6265 -0.6927 -0.3573
vn -0.0724 -0.9764 -0.2034
vn 0.6609 0.2210 -0.7172
vn 0.2286 0.5765 -0.7845
vn -0.5406 0.8271 0.1539
vn 0.0584 0.9794 0.1931
vn 0.6591 0.7511 0.0391
vn 0.4312 0.7511 0.5000
vn 0.1366 0.7101 0.6907
vn -0.2916 0.6054 0.7406
vn -0.7200 -0.6228 0.3061
vn 0.8921 -0.3902 0.2278
vn 0.5119 0.4502 0.7316
vn 0.0358 0.7973 0.6026
vn -0.0576 0.9219 0.3832
vn 0.5361 0.2749 -0.7981
vn 0.0316 0.5751 -0.8175
vn 0.8216 -0.1153 -0.5583
vn 0.7786 -0.0511 0.6254
vn -0.0567 0.0099 0.9983
vn -0.1418 0.4205 0.8962
vn 0.1705 0.6972 0.6963
vn -0.3702 0.7999 -0.4723
vn -0.0859 0.8300 0.5512
vn 0.5029 0.7611 0.4097
vn -0.4540 0.8874 -0.0802
vn -0.4222 0.8633 0.2764
vn -0.4581 0.8134 -0.3586
vn -0.6128 0.7902 0.0042
vn 0.5151 0.7357 -0.4398
vn 0.4438 0.8702 -0.2138
vn 0.3169 0.8559 0.4086
vn 0.1465 0.8534 0.5002
vn 0.0927 0.7809 0.6177
vn -0.1160 -0.1550 0.9811
vn 0.1305 -0.6163 0.7766
vn 0.9573 -0.2849 0.0485
vn -0.0633 0.6843 0.7265
vn -0.5514 -0.5926 0.5872
vn 0.0734 -0.9864 0.1471
vn -0.7046 0.4568 0.5430
vn -0.6421 -0.7393 -0.2029
vn -0.7918 0.5973 -0.1279
vn 0.9574 -0.2848 0.0484
vn -0.6129 0.7902 0.0043
vn -0.4448 0.7751 0.4488
vn 0.2334 0.2779 -0.9318
vn 0.5151 0.7356 -0.4399
vn 0.2093 0.7527 -0.6242
vn 0.4437 0.8702 -0.2140
vn 0.3169 0.8560 0.4085
vn 0.1466 0.8534 0.5002
vn -0.1350 0.6251 -0.7688
vn -0.0633 0.6842 0.7266
vn -0.5178 0.5670 -0.6406
vn -0.7045 0.4568 0.5431
vn -0.7918 0.5972 -0.1280
vn -0.2823 -0.8761 -0.3908
vn -0.6421 -0.7393 -0.2031
vn 0.1491 -0.8493 -0.5064
vn 0.5362 0.2750 -0.7980
vn 0.1173 -0.6172 -0.7780
vn 0.2710 -0.7827 0.5603
vn 0.0317 0.5751 -0.8174
vn -0.4581 0.8134 -0.3585
vn -0.5907 0.7855 -0.1848
vn -0.3313 0.6961 -0.6369
vn -0.2616 0.9143 0.3092
vn 0.1758 0.3922 -0.9029
vn 0.1072 -0.9830 0.1494
vn 0.5901 0.0638 -0.8048
vn 0.8545 -0.3345 -0.3974
vn 0.0345 -0.9133 -0.4059
vn -0.4175 -0.8275 -0.3753
vn 0.1771 -0.7988 -0.5750
vn 0.1689 0.1108 -0.9794
vn 0.4952 0.5972 -0.6309
vn -0.4466 0.8191 -0.3600
vn -0.4596 0.8862 -0.0584
vn -0.1617 0.9401 0.3002
vn -0.0784 0.8932 0.4429
vn 0.4582 0.6442 0.6124
vn 0.7704 0.1202 0.6261
vn 0.9121 -0.3390 0.2304
vn 0.0059 -0.9520 0.3060
vn -0.7311 -0.6534 0.1963
vn -0.8741 0.4853 0.0218
vn -0.6487 0.4429 -0.6189
vn -0.1517 0.5345 -0.8315
vn 0.2117 0.6789 -0.7030
vn 0.4360 0.8137 -0.3843
vn 0.5382 0.8368 -0.1003
vn 0.4554 0.8866 0.0803
vn -0.8852 0.4649 0.0171
vn -0.7373 -0.6562 0.1605
vn -0.5239 0.5940 0.6105
vn -0.3985 -0.4707 0.7872
vn -0.0259 0.7434 0.6684
vn -0.0721 -0.9722 0.2229
vn -0.0798 0.1406 0.9868
vn 0.2686 0.8385 0.4741
vn 0.1364 -0.5459 0.8267
vn 0.9272 -0.3409 0.1550
vn -0.0477 0.5276 0.8482
vn 0.3512 0.9143 0.2017
vn -0.0767 0.1893 0.9789
vn 0.7551 0.0672 0.6522
vn 0.8523 -0.2584 -0.4547
vn 0.6161 0.1392 -0.7753
vn 0.2565 0.4835 -0.8369
vn 0.4701 0.5610 0.6813
vn 0.0199 0.8586 0.5123
vn -0.0879 0.9116 0.4015
vn -0.2379 0.7056 -0.6675
vn -0.2402 0.9635 0.1185
vn 0.1601 0.9014 0.4024
vn -0.2914 0.8001 -0.5243
vn -0.3923 0.9167 0.0764
vn -0.4495 0.7753 -0.4438
vn 0.4237 0.8928 0.1529
vn 0.4369 0.8939 0.1006
vn 0.8523 -0.2583 -0.4547
vn -0.0721 -0.9722 0.2227
vn 0.0507 -0.9181 -0.3932
vn -0.7373 -0.6562 0.1603
vn -0.4345 -0.8361 -0.3349
vn -0.6399 0.4396 -0.6303
vn -0.5239 0.5940 0.6104
vn -0.1744 0.5245 -0.8334
vn -0.0260 0.7432 0.6685
vn 0.1820 0.6644 -0.7249
vn 0.3511 0.9144 0.2015
vn 0.4242 0.8276 -0.3675
vn 0.4368 0.8939 0.1004
vn 0.4237 0.8928 0.1527
vn 0.4141 0.6118 -0.6740
vn 0.1035 0.0464 -0.9935
vn 0.1079 -0.8012 -0.5887
vn -0.4495 0.7753 -0.4437
vn -0.5985 0.7973 0.0778
vn -0.4862 0.7579 0.4349
vn 0.1877 -0.5251 -0.8301
vn 0.6161 0.1394 -0.7752
vn -0.3922 0.9167 0.0764
vn -0.2913 0.8002 -0.5243
vn 0.2566 0.4836 -0.8368
vn -0.9841 -0.1697 -0.0524
vn -0.8078 -0.4143 0.4192
vn -0.7564 0.5973 0.2665
vn -0.4888 0.2011 0.8489
vn -0.5433 0.8050 0.2386
vn -0.4063 0.3072 0.8605
vn -0.2119 -0.1272 0.9690
vn -0.2264 -0.0796 0.9708
vn 0.1461 -0.6671 0.7305
vn 0.7147 0.0732 0.6956
vn 0.2518 0.5497 0.7965
vn 0.0764 0.7651 0.6393
vn -0.0855 0.9704 0.2257
vn 0.4216 0.4365 -0.7948
vn -0.0220 0.4134 -0.9103
vn -0.1246 0.3516 -0.9278
vn -0.2903 -0.1747 -0.9409
vn 0.0417 -0.6624 -0.7480
vn -0.6056 -0.6151 0.5048
vn -0.3367 -0.2875 -0.8967
vn -0.2290 -0.9359 0.2678
vn 0.2658 -0.6187 0.7393
vn 0.1580 -0.6445 -0.7481
vn -0.0860 0.7557 0.6492
vn -0.0845 0.0637 0.9944
vn 0.2373 0.8517 0.4673
vn 0.1867 0.6888 0.7005
vn 0.3427 0.9213 0.1837
vn -0.5319 0.6254 0.5709
vn -0.3498 -0.5064 0.7882
vn 0.1754 -0.5347 0.8267
vn 0.0560 0.2299 0.9716
vn -0.3723 0.8107 -0.4519
vn 0.4631 0.8587 0.2196
vn 0.4553 0.8867 0.0805
vn 0.4359 0.8138 -0.3843
vn 0.2117 0.6789 -0.7031
vn -0.1518 0.5344 -0.8315
vn -0.6486 0.4430 -0.6189
vn -0.8741 0.4853 0.0217
vn -0.7311 -0.6534 0.1965
vn 0.0059 -0.9520 0.3062
vn 0.9122 -0.3390 0.2304
vn 0.7705 0.1203 0.6260
vn 0.4582 0.6444 0.6122
vn -0.0783 0.8932 0.4428
vn -0.4390 0.8549 -0.2764
vn 0.5381 0.8369 -0.1001
vn -0.4466 0.8191 -0.3599
vn -0.1616 0.9401 0.3002
vn -0.4595 0.8862 -0.0583
vn 0.9142 -0.0906 -0.3950
vn 0.6979 0.3697 -0.6134
vn 0.9554 -0.2198 0.1972
vn 0.8179 0.5519 0.1625
vn 0.7522 0.2658 -0.6030
vn 0.9065 0.3727 0.1985
vn 0.5609 0.7108 -0.4245
vn 0.4734 0.8622 0.1805
vn -0.5300 0.5487 -0.6465
vn -0.8682 0.4411 -0.2274
vn 0.4920 0.7892 -0.3675
vn -0.8728 0.4834 0.0674
vn -0.9140 -0.3214 0.2478
vn -0.9055 -0.3754 -0.1980
vn -0.8235 -0.5011 0.2660
vn -0.8179 -0.5519 -0.1624
vn -0.2069 -0.9364 0.2835
vn -0.1996 -0.9789 -0.0446
vn 0.5583 0.7914 0.2491
vn -0.5439 0.6976 0.4665
vn 0.7347 0.4154 0.5364
vn -0.5512 -0.0486 0.8330
vn -0.4788 -0.1901 0.8571
vn 0.0055 -0.6565 0.7543
vn 0.6730 0.5215 0.5245
vn 0.8980 0.0118 0.4399
vn 0.9265 -0.1893 -0.3252
vn 0.5205 -0.5048 -0.6886
vn 0.4331 0.6776 -0.5943
vn 0.2284 0.0824 -0.9701
vn 0.5805 0.4920 -0.6488
vn 0.4073 -0.3067 -0.8603
vn 0.2144 0.1298 -0.9681
vn 0.4908 -0.1989 -0.8483
vn 0.0415 -0.6625 -0.7479
vn -0.2903 -0.1746 -0.9409
vn -0.1245 0.3516 -0.9278
vn -0.0220 0.4135 -0.9102
vn -0.0855 0.9704 0.2258
vn 0.0764 0.7651 0.6394
vn 0.2519 0.5496 0.7965
vn 0.6115 -0.4632 -0.6415
vn 0.1579 -0.6445 -0.7481
vn -0.3368 -0.2876 -0.8966
vn 0.4921 0.7892 -0.3675
vn 0.5582 0.7914 0.2491
vn 0.7347 0.4155 0.5363
vn -0.8727 0.4835 0.0673
vn -0.5439 0.6975 0.4666
vn 0.0054 -0.6564 0.7544
vn -0.2071 -0.9363 0.2835
vn 0.9601 -0.2601 -0.1027
vn 0.8235 0.5011 -0.2660
vn 0.9150 0.3188 -0.2473
vn -0.8681 0.4411 -0.2274
vn -0.5300 0.5488 -0.6465
vn -0.9054 -0.3754 -0.1982
vn -0.5269 -0.2554 -0.8106
vn 0.7521 0.2658 -0.6031
vn -0.4518 -0.3967 -0.7991
vn 0.0331 -0.8240 -0.5656
vn 0.9142 -0.0907 -0.3950
vn -0.1995 -0.9789 -0.0445
vn 0.8179 0.5519 0.1623
vn 0.9065 0.3727 0.1984
vn -0.8179 -0.5519 -0.1626
vn -0.8391 -0.1132 0.5320
vn -0.9708 -0.1379 -0.1964
vn -0.8020 -0.2695 0.5331
vn -0.9199 -0.3333 -0.2065
vn -0.3835 -0.8010 0.4598
vn -0.4258 -0.8970 -0.1186
vn -0.7505 -0.2781 -0.5995
vn -0.7921 -0.0823 -0.6048
vn -0.1882 0.0865 -0.9783
vn 0.4721 0.6491 0.5965
vn -0.6379 0.6819 -0.3580
vn 0.6983 0.7094 0.0951
vn -0.7541 0.6511 -0.0855
vn 0.5121 0.5457 0.6633
vn -0.5871 0.6741 0.4482
vn -0.1494 0.8021 -0.5782
vn 0.7730 0.6330 0.0431
vn 0.9585 0.2119 -0.1909
vn -0.1437 -0.0673 -0.9873
vn -0.2936 -0.8590 -0.4195
vn 0.9272 0.3252 -0.1856
vn 0.1462 -0.6441 -0.7509
vn 0.9749 -0.2130 -0.0652
vn 0.9876 -0.0175 -0.1559
vn 0.8112 0.4715 -0.3459
vn 0.8842 -0.2433 0.3989
vn 0.7220 0.5225 0.4536
vn 0.8661 0.3676 -0.3388
vn 0.8074 0.3403 0.4820
vn 0.6142 0.7753 -0.1470
vn 0.3696 0.8229 0.4316
vn -0.3758 0.6455 -0.6649
vn -0.8031 0.4671 -0.3700
vn 0.5295 0.8427 -0.0974
vn 0.9309 0.3616 0.0508
vn 0.8382 0.5439 0.0386
vn 0.9664 -0.2333 0.1078
vn -0.2257 -0.9719 0.0675
vn -0.1335 -0.9590 -0.2501
vn 0.2154 -0.7180 -0.6618
vn -0.8841 0.4597 -0.0834
vn 0.4374 0.7424 0.5074
vn -0.6778 0.6062 0.4160
vn 0.5536 0.3249 0.7668
vn -0.7408 -0.1906 0.6441
vn -0.8841 0.4598 -0.0834
vn -0.9299 -0.3643 -0.0504
vn -0.6700 -0.3337 0.6631
vn -0.8382 -0.5439 -0.0384
vn -0.1529 -0.7731 0.6156
vn 0.7559 -0.0556 0.6523
vn 0.4920 0.4311 0.7564
vn -0.2012 0.9791 0.0290
vn -0.8082 0.5373 -0.2412
vn -0.1502 0.9640 0.2192
vn -0.9055 0.4091 0.1122
vn -0.2117 0.9124 0.3504
vn -0.6345 0.4035 0.6592
vn -0.2868 0.7081 0.6453
vn -0.1173 0.2315 0.9657
vn -0.3660 0.3789 0.8500
vn -0.0724 0.2913 0.9539
vn -0.1585 0.2696 0.9498
vn -0.0447 0.1934 0.9801
vn -0.0667 0.3661 0.9282
vn 0.4036 0.2848 0.8695
vn 0.1081 0.8873 0.4483
vn 0.7747 0.3659 0.5158
vn 0.1377 0.9562 0.2584
vn 0.8316 0.5471 0.0953
vn 0.1477 0.9290 0.3393
vn 0.1635 0.9396 0.3007
vn 0.1117 0.9937 0.0061
vn 0.1099 0.9880 0.1086
vn 0.1477 0.9290 0.3395
vn 0.2156 -0.7181 -0.6617
vn 0.8112 0.4716 -0.3459
vn -0.8030 0.4673 -0.3699
vn -0.3758 0.6456 -0.6648
vn -0.8063 -0.3431 -0.4818
vn -0.2919 -0.1201 -0.9489
vn 0.8660 0.3677 -0.3388
vn -0.2151 -0.2608 -0.9411
vn -0.7221 -0.5225 -0.4535
vn -0.1333 -0.9590 -0.2500
vn -0.2256 -0.9719 0.0674
vn -0.8382 -0.5439 -0.0386
vn -0.9299 -0.3643 -0.0506
vn -0.8841 0.4598 -0.0833
vn 0.9664 -0.2332 0.1077
vn 0.8382 0.5439 0.0384
vn 0.7560 -0.0557 0.6522
vn 0.9309 0.3616 0.0507
vn 0.5295 0.8427 -0.0976
vn 0.4374 0.7425 0.5073
vn -0.8841 0.4597 -0.0833
vn -0.6778 0.6061 0.4161
vn 0.9927 -0.0846 -0.0857
vn 0.8731 0.4274 -0.2345
vn 0.7454 -0.3698 0.5547
vn 0.6952 0.3391 0.6339
vn 0.9141 0.3238 -0.2439
vn 0.7745 0.1788 0.6067
vn 0.6876 0.7260 -0.0120
vn 0.4144 0.7157 0.5622
vn -0.2771 0.7586 -0.5896
vn -0.7307 0.5896 -0.3441
vn -0.0786 -0.8718 -0.4835
vn 0.2061 -0.6373 -0.7426
vn -0.2301 -0.9069 -0.3530
vn 0.8331 -0.4041 0.3778
vn 0.8078 0.3675 0.4608
vn 0.3598 0.1316 0.9237
vn 0.6556 0.7431 0.1342
vn -0.7864 0.6087 -0.1052
vn 0.5761 -0.3198 0.7522
vn -0.3904 -0.8504 0.3525
vn -0.8155 -0.3738 -0.4418
vn -0.8474 -0.3029 0.4361
vn -0.3832 -0.1435 -0.9125
vn 0.1275 -0.9845 -0.1208
vn -0.7863 0.6088 -0.1051
vn -0.4680 0.5797 0.6670
vn -0.2124 -0.0844 0.9735
vn 0.6222 0.4510 0.6399
vn 0.2842 0.2278 0.9313
vn -0.5898 0.8059 -0.0507
vn -0.3999 0.8742 -0.2755
vn -0.8362 0.4031 -0.3719
vn -0.6589 0.7323 0.1719
vn -0.9606 0.2777 -0.0104
vn -0.9605 0.2782 -0.0078
vn -0.8158 0.4178 -0.3999
vn -0.6860 0.4587 -0.5649
vn -0.5012 0.5033 -0.7039
vn -0.0560 0.9132 -0.4037
vn -0.0387 0.5530 -0.8323
vn 0.1263 0.9409 -0.3141
vn 0.2073 0.5480 -0.8104
vn 0.3191 0.8964 -0.3077
vn 0.4361 0.5462 -0.7151
vn 0.5343 0.8425 -0.0677
vn 0.6296 0.5134 -0.5831
vn 0.7926 0.4652 -0.3942
vn 0.7799 0.4755 -0.4071
vn 0.9395 0.3425 0.0054
vn 0.6049 0.7729 0.1916
vn 0.9332 0.3589 -0.0199
vn 0.2062 -0.6374 -0.7425
vn -0.1787 -0.1108 -0.9776
vn 0.9141 0.3238 -0.2440
vn -0.0784 -0.8719 -0.4834
vn -0.2434 0.0322 -0.9694
vn -0.2772 0.7587 -0.5896
vn -0.7307 0.5897 -0.3440
vn -0.7822 -0.1858 -0.5947
vn -0.7034 -0.3476 -0.6200
vn -0.2301 -0.9069 -0.3531
vn -0.3830 -0.1434 -0.9125
vn -0.7863 0.6088 -0.1052
vn 0.8331 -0.4041 0.3777
vn 0.8078 0.3676 0.4608
vn 0.5761 -0.3199 0.7522
vn 0.2841 0.2277 0.9314
vn 0.3600 0.1316 0.9236
vn 0.6556 0.7431 0.1340
vn -0.4681 0.5797 0.6670
vn -0.2938 -0.8589 -0.4195
vn 0.1461 -0.6440 -0.7509
vn -0.4260 -0.8969 -0.1186
vn 0.7585 -0.4883 0.4315
vn 0.9273 0.3252 -0.1857
vn 0.9712 0.1352 0.1964
vn 0.5072 0.0794 0.8582
vn 0.4705 0.1970 0.8601
vn 0.9199 0.3333 0.2065
vn 0.6403 -0.3157 0.7002
vn 0.8770 -0.4546 0.1552
vn 0.7505 0.2781 0.5995
vn 0.7925 0.0794 0.6047
vn 0.9585 0.2118 -0.1908
vn 0.7730 0.6329 0.0431
vn 0.6982 0.7096 0.0950
vn -0.5871 0.6742 0.4481
vn -0.8392 -0.1132 0.5320
vn -0.3835 -0.8010 0.4597
vn -0.6378 0.6820 -0.3579
vn 0.4324 -0.8335 -0.3440
vn 0.3306 -0.8108 -0.4831
vn -0.1648 -0.9753 0.1471
vn -0.1539 -0.9672 0.2018
vn 0.2649 -0.8198 -0.5077
vn 0.0218 -0.9543 0.2982
vn 0.0369 -0.7969 -0.6029
vn -0.1294 -0.9786 0.1601
vn 0.0116 -0.7966 -0.6044
vn 0.1727 -0.9454 0.2765
vn -0.1675 -0.8176 -0.5509
vn -0.0149 -0.9036 0.4280
vn -0.1864 -0.7848 -0.5911
vn -0.0067 -0.9932 0.1162
vn -0.4214 -0.8250 -0.3765
vn 0.1666 -0.9727 0.1617
vn -0.5168 -0.7800 -0.3528
vn 0.2608 -0.9644 -0.0443
vn -0.4893 -0.8239 -0.2860
vn 0.2919 -0.9554 0.0448
vn 0.0329 -0.9867 -0.1594
vn -0.4723 -0.8405 -0.2657
vn 0.5157 -0.8540 -0.0691
vn 0.4855 -0.8387 -0.2468
vn -0.3208 -0.9465 0.0345
vn 0.5402 -0.8395 -0.0581
vn 0.5156 -0.8540 -0.0690
vn -0.3277 -0.9283 -0.1757
vn -0.2633 -0.9635 0.0492
vn -0.9889 0.0670 -0.1327
vn -0.9129 0.1036 -0.3949
vn -0.3278 -0.9283 -0.1757
vn -0.2573 -0.9522 -0.1645
vn -0.2076 -0.9043 -0.3730
vn 0.4601 -0.8790 0.1252
vn 0.4628 -0.8651 0.1933
vn -0.9579 0.2638 -0.1136
vn -0.9056 0.4091 0.1122
vn -0.8082 0.5373 -0.2411
vn -0.9993 -0.0374 -0.0098
vn -0.6768 0.1221 -0.7260
vn -0.9873 0.0990 -0.1240
vn -0.7194 0.1234 -0.6836
vn -0.9872 0.0547 -0.1497
vn -0.8100 0.1523 -0.5663
vn -0.7616 0.3076 -0.5704
vn -0.7769 0.1198 -0.6182
vn -0.5931 0.1340 -0.7939
vn -0.1796 -0.9450 -0.2734
vn -0.0267 -0.8992 -0.4367
vn -0.1144 0.1908 -0.9749
vn -0.0629 -0.9401 -0.3350
vn -0.3650 0.1367 -0.9209
vn -0.2731 0.3516 -0.8955
vn -0.4038 0.2832 -0.8699
vn -0.2972 0.1878 -0.9361
vn -0.2230 0.3632 -0.9046
vn -0.5946 0.3928 -0.7016
vn -0.3455 0.7588 -0.5522
vn -0.2011 0.9791 0.0288
vn -0.0696 0.8695 -0.4890
vn -0.4289 0.6600 -0.6168
vn -0.1501 0.9641 0.2191
vn -0.0372 0.9957 -0.0853
vn -0.0322 0.9584 -0.2837
vn -0.1767 0.8413 -0.5108
vn -0.0762 0.9626 -0.2600
vn 0.0228 0.9810 -0.1926
vn -0.0215 0.8044 -0.5936
vn -0.0647 0.6600 -0.7485
vn 0.0518 0.9824 -0.1793
vn 0.0624 0.9643 -0.2573
vn 0.1446 0.9413 -0.3049
vn 0.1456 0.8260 -0.5446
vn 0.0018 0.2985 -0.9544
vn 0.1099 0.9880 0.1084
vn 0.1117 0.9937 0.0059
vn 0.5976 0.7811 -0.1809
vn 0.4141 0.6475 -0.6397
vn 0.3295 0.2596 -0.9078
vn 0.1283 0.2123 -0.9687
vn 0.1477 0.9290 0.3394
vn 0.8316 0.5472 0.0952
vn 0.6965 0.6973 -0.1692
vn 0.9532 0.0196 -0.3016
vn 0.9970 -0.0032 -0.0771
vn 0.1552 0.3820 -0.9110
vn 0.1014 0.1911 -0.9763
vn 0.2959 0.2124 -0.9313
vn 0.4938 0.0051 -0.8696
vn 0.7522 0.1336 -0.6452
vn 0.7165 0.0407 -0.6964
vn 0.6069 0.0297 -0.7942
vn 0.8637 0.1873 -0.4680
vn 0.9761 0.0853 -0.1997
vn 0.7785 0.1617 -0.6064
vn 0.3501 0.5135 -0.7834
vn 0.1776 0.3473 -0.9208
vn 0.1553 -0.9012 -0.4047
vn 0.3665 0.2781 -0.8879
vn 0.9823 0.0835 -0.1676
vn 0.6953 0.4774 -0.5373
vn 0.4909 0.3987 -0.7747
vn 0.4409 -0.7724 -0.4571
vn 0.2589 -0.9199 -0.2946
vn 0.9280 0.3494 -0.1292
vn 0.2789 -0.9074 -0.3143
vn 0.5069 -0.7345 -0.4512
vn 0.7105 0.3416 -0.6152
vn 0.8616 0.2732 -0.4277
vn 0.9635 0.1813 -0.1969
vn 0.9948 0.0752 0.0694
vn 0.3927 -0.8525 -0.3450
vn 0.2979 -0.9051 -0.3033
vn -0.4286 -0.9005 -0.0738
vn -0.4723 -0.8405 -0.2656
vn 0.2616 -0.8159 -0.5157
vn -0.4893 -0.8239 -0.2859
vn 0.2919 -0.9554 0.0449
vn 0.2980 -0.9052 -0.3031
vn 0.9947 0.0751 0.0696
vn 0.6310 -0.0594 0.7735
vn 0.3873 -0.0875 0.9178
vn 0.1667 -0.9726 0.1619
vn -0.0067 -0.9932 0.1164
vn -0.0147 -0.9037 0.4280
vn 0.2470 0.0931 0.9645
vn 0.1728 -0.9453 0.2767
vn 0.0773 0.0205 0.9968
vn -0.1295 -0.9786 0.1602
vn 0.1857 -0.0061 0.9826
vn 0.5667 0.0210 0.8236
vn 0.7911 -0.0344 0.6107
vn 0.2609 -0.9643 -0.0442
vn 0.9322 -0.0842 0.3521
vn 0.8900 0.1697 0.4231
vn 0.9281 0.3494 -0.1291
vn 0.9823 0.0835 -0.1675
vn 0.9040 0.0224 0.4269
vn 0.5690 -0.0223 0.8220
vn 0.0928 -0.0794 0.9925
vn -0.4042 -0.1111 0.9079
vn -0.2036 0.0899 0.9749
vn -0.1513 -0.0673 0.9862
vn -0.3825 -0.0104 0.9239
vn 0.0218 -0.9542 0.2982
vn -0.1540 -0.9672 0.2019
vn -0.1649 -0.9753 0.1472
vn -0.7904 0.0122 0.6125
vn -0.3208 -0.9465 0.0346
vn -0.6075 -0.0068 0.7943
vn -0.5652 0.1690 0.8074
vn -0.6870 -0.0392 0.7256
vn -0.5907 0.0359 0.8061
vn -0.2504 0.0869 0.9642
vn 0.1199 0.1097 0.9867
vn 0.5169 0.1001 0.8502
vn 0.9026 0.1111 0.4159
vn 0.9762 0.0854 -0.1996
vn 0.9970 -0.0033 -0.0769
vn 0.9824 -0.0048 0.1867
vn 0.7492 0.1072 0.6536
vn 0.1576 0.2051 0.9660
vn -0.1544 0.1669 0.9738
vn -0.6100 0.0476 0.7909
vn -0.9542 -0.1589 0.2533
vn -0.8839 0.0528 0.4646
vn -0.9061 -0.0007 0.4231
vn -0.8939 0.2053 0.3986
vn -0.9203 0.0297 0.3902
vn -0.9885 0.0555 0.1404
vn -0.9993 -0.0374 -0.0096
vn -0.9873 0.0990 -0.1239
vn -0.9872 0.0547 -0.1496
vn -0.9579 0.2638 -0.1134
vn -0.9889 0.0670 -0.1325
vn -0.3278 -0.9283 -0.1756
vn -0.2633 -0.9635 0.0493
vn 0.5157 -0.8540 -0.0690
vn 0.5403 -0.8395 -0.0581
vn 0.4629 -0.8651 0.1933
vn -0.2077 -0.9043 -0.3729
vn -0.1795 -0.9450 -0.2733
vn -0.2658 -0.9483 0.1734
vn -0.1711 -0.9379 0.3019
vn 0.2788 -0.9075 -0.3142
vn 0.4410 -0.7724 -0.4570
vn -0.1111 -0.9235 0.3673
vn 0.2588 -0.9200 -0.2944
vn 0.0844 -0.9039 0.4193
vn 0.1553 -0.9012 -0.4046
vn 0.2440 -0.9219 0.3009
vn -0.0629 -0.9402 -0.3348
vn 0.3320 -0.8549 0.3985
vn -0.0267 -0.8993 -0.4366
vn 0.3046 -0.8913 0.3359
vn 0.4601 -0.8790 0.1253
vn -0.2572 -0.9523 -0.1645
vn -0.4723 -0.8404 -0.2657
vn -0.3758 -0.9240 0.0699
vn 0.3926 -0.8525 -0.3450
vn 0.2615 -0.8159 -0.5156
vn -0.3397 -0.9384 0.0636
vn 0.5070 -0.7345 -0.4512
vn 0.8997 0.2070 0.3843
vn 0.5893 0.6876 0.4241
vn 0.6910 0.0407 0.7217
vn -0.9606 0.2776 -0.0102
vn -0.9605 0.2782 -0.0077
vn -0.9086 0.1157 0.4014
vn -0.9078 0.1128 0.4039
vn -0.7887 0.0218 0.6144
vn -0.6495 0.6339 0.4199
vn -0.6221 -0.0533 0.7811
vn -0.5185 0.5209 0.6781
vn -0.2155 -0.1546 0.9642
vn -0.2021 0.4488 0.8705
vn 0.2350 -0.1334 0.9628
vn 0.1975 0.4869 0.8508
vn 0.6601 0.0063 0.7512
vn 0.9018 0.1998 0.3832
vn 0.9332 0.3588 -0.0197
vn 0.9395 0.3424 0.0056
vn 0.6049 0.7729 0.1917
vn 0.4780 0.5927 0.6482
vn 0.5344 0.8425 -0.0678
vn 0.3192 0.8963 -0.3078
vn 0.1263 0.9409 -0.3143
vn -0.0559 0.9131 -0.4038
vn -0.3999 0.8741 -0.2756
vn -0.5899 0.8059 -0.0508
vn -0.6589 0.7323 0.1720
vn -0.6478 0.6784 -0.3466
vn -0.8379 0.5457 0.0097
vn -0.3058 0.2901 0.9068
vn -0.7521 0.3613 0.5511
vn -0.2741 0.7667 -0.5805
vn 0.1428 0.3438 0.9281
vn 0.4725 -0.4258 0.7716
vn -0.1543 -0.3308 0.9310
vn -0.8205 -0.0147 0.5714
vn -0.8421 -0.1256 0.5245
vn -0.1728 -0.3757 0.9105
vn 0.4766 -0.4584 0.7502
vn 0.6938 -0.4336 0.5750
vn 0.7013 -0.4216 0.5749
vn 0.2216 0.4228 0.8787
vn 0.5250 0.4917 0.6947
vn 0.3341 0.8154 -0.4729
vn 0.6892 0.7145 0.1201
vn 0.9536 -0.2320 -0.1921
vn 0.8409 -0.3883 0.3769
vn 0.9546 -0.1888 -0.2306
vn 0.8464 -0.3909 0.3616
vn 0.8517 -0.4537 -0.2623
vn 0.7631 -0.6289 0.1488
vn 0.6818 -0.7075 0.1860
vn 0.5413 -0.7529 0.3744
vn 0.1306 -0.8674 0.4802
vn 0.8654 -0.3934 0.3103
vn -0.9680 0.1715 -0.1833
vn -0.5332 -0.6952 -0.4821
vn 0.1305 -0.8673 0.4803
vn 0.5414 -0.7528 0.3745
vn -0.2170 -0.4827 -0.8485
vn -0.6703 0.3344 -0.6625
vn -0.6888 0.3846 -0.6145
vn -0.9535 0.2828 -0.1043
vn -0.8206 -0.0147 0.5713
vn -0.7522 0.3612 0.5511
vn -0.6478 0.6784 -0.3465
vn -0.2742 0.7668 -0.5804
vn -0.1552 0.3372 -0.9285
vn -0.1750 0.3538 -0.9188
vn 0.1599 -0.3662 -0.9167
vn 0.6817 -0.7076 0.1860
vn 0.5744 -0.3336 -0.7475
vn 0.7631 -0.6290 0.1488
vn 0.9545 -0.1887 -0.2308
vn 0.5251 0.1751 -0.8329
vn 0.9536 -0.2319 -0.1922
vn 0.5876 0.0650 -0.8065
vn 0.6893 0.7145 0.1201
vn 0.3342 0.8153 -0.4729
vn -0.3557 0.2965 -0.8863
vn 0.9217 0.1908 -0.3378
vn 0.9039 0.3019 -0.3032
vn -0.3334 0.1443 -0.9317
vn 0.9510 -0.2070 -0.2297
vn 0.0647 -0.5653 -0.8223
vn -0.8652 -0.0937 -0.4925
vn -0.3759 -0.7463 -0.5493
vn -0.9645 -0.2508 -0.0833
vn -0.9979 -0.0604 -0.0241
vn -0.9040 0.0882 -0.4182
vn -0.2753 0.8382 -0.4708
vn 0.7768 0.6289 -0.0323
vn -0.6868 0.7242 -0.0620
vn -0.7591 0.6058 0.2382
vn -0.5658 0.3660 0.7388
vn -0.3101 -0.4494 0.8377
vn -0.6828 -0.4148 0.6015
vn -0.4367 -0.8553 -0.2789
vn 0.9247 -0.3205 -0.2053
vn 0.8001 -0.5228 0.2943
vn -0.1697 -0.9648 0.2008
vn 0.8087 -0.4384 0.3921
vn 0.9039 0.3018 -0.3032
vn 0.9041 -0.0882 0.4182
vn 0.5752 0.6135 0.5411
vn 0.6387 0.7221 0.2657
vn 0.9510 -0.2069 -0.2296
vn 0.8645 0.0965 0.4932
vn 0.9978 0.0241 0.0619
vn 0.5948 0.3277 0.7341
vn 0.0646 -0.5652 -0.8224
vn 0.8001 -0.5228 0.2942
vn 0.9605 0.2609 0.0974
vn -0.3100 -0.4495 0.8377
vn -0.5659 0.3659 0.7388
vn -0.7592 0.6057 0.2381
vn -0.6869 0.7241 -0.0621
vn -0.2752 0.8381 -0.4709
vn -0.3758 -0.7464 -0.5492
vn 0.9247 -0.3207 -0.2053
vn -0.1697 -0.9648 0.2007
vn 0.6426 -0.0490 0.7647
vn 0.8088 -0.4384 0.3921
vn -0.0817 0.4690 0.8794
vn -0.5377 0.4281 0.7264
vn 0.2229 -0.1513 0.9630
vn 0.7389 -0.2627 0.6205
vn 0.7389 -0.2956 0.6055
vn 0.8833 -0.3087 0.3528
vn 0.7911 -0.6059 0.0841
vn 0.8531 -0.5216 -0.0143
vn 0.9500 -0.3073 0.0560
vn 0.7304 -0.4454 -0.5179
vn 0.7796 -0.1966 -0.5947
vn 0.9537 -0.2914 0.0748
vn 0.8908 -0.2923 0.3479
vn 0.6355 0.7171 0.2862
vn 0.4045 0.6410 0.6523
vn 0.3538 0.5602 0.7490
vn 0.8014 -0.2268 -0.5535
vn 0.5066 0.7684 -0.3911
vn -0.0507 0.6649 -0.7452
vn -0.5564 0.5826 -0.5924
vn -0.8115 0.5316 -0.2426
vn -0.8439 0.4747 0.2501
vn -0.4954 0.0625 0.8664
vn 0.2132 -0.1833 0.9596
vn 0.7219 -0.6088 0.3290
vn -0.9313 0.2447 0.2698
vn -0.5016 -0.0145 0.8650
vn 0.4581 -0.6947 0.5546
vn -0.9609 0.1265 0.2462
vn 0.4369 -0.4703 0.7668
vn -0.5249 -0.8506 -0.0316
vn 0.8530 -0.5217 -0.0143
vn 0.7911 -0.6059 0.0840
vn 0.7302 -0.4455 -0.5180
vn 0.7795 -0.1965 -0.5948
vn 0.3325 -0.4610 -0.8227
vn 0.7218 -0.6088 0.3291
vn 0.8013 -0.2267 -0.5536
vn 0.1367 0.0357 -0.9900
vn -0.0630 -0.5323 -0.8442
vn 0.4580 -0.6946 0.5547
vn -0.8439 0.4746 0.2500
vn -0.8116 0.5316 -0.2425
vn -0.9313 0.2447 0.2697
vn -0.8904 0.2643 -0.3706
vn -0.5565 0.5827 -0.5923
vn -0.4875 0.1623 -0.8579
vn -0.0507 0.6648 -0.7453
vn 0.2119 -0.0492 -0.9760
vn 0.5066 0.7683 -0.3911
vn -0.5032 0.1791 -0.8454
vn -0.4357 -0.6759 -0.5944
vn 0.4370 -0.4703 0.7667
vn -0.9610 0.1265 0.2461
vn -0.8867 0.2047 -0.4145
vn 0.8819 -0.4099 -0.2331
vn 0.8285 -0.4629 0.3150
vn 0.9684 0.2181 -0.1207
vn 0.9277 0.1832 0.3252
vn 0.9915 0.0147 -0.1295
vn 0.9541 -0.0166 0.2992
vn 0.6779 0.7344 -0.0330
vn 0.8538 0.1628 -0.4945
vn 0.9054 -0.3089 -0.2912
vn -0.0613 -0.7694 -0.6358
vn -0.4593 -0.8476 -0.2658
vn -0.4815 -0.8759 0.0297
vn -0.3316 0.6917 -0.6416
vn -0.6809 0.7135 -0.1651
vn 0.7706 0.5571 -0.3096
vn 0.6540 0.7076 0.2675
vn 0.8651 0.0457 -0.4994
vn -0.7102 0.6848 0.1633
vn -0.4492 0.5800 0.6796
vn -0.9914 -0.0147 0.1297
vn -0.6207 -0.0702 0.7809
vn -0.9690 -0.2154 0.1212
vn -0.6025 -0.2291 0.7645
vn -0.4814 -0.8760 0.0297
vn -0.1488 -0.8648 0.4796
vn 0.7597 0.0656 0.6469
vn 0.8523 -0.3554 0.3838
vn 0.6956 0.4899 0.5255
vn -0.3316 0.6917 -0.6415
vn -0.4768 0.0626 -0.8768
vn -0.6808 0.7136 -0.1651
vn -0.9540 0.0166 -0.2992
vn -0.7103 0.6847 0.1632
vn -0.4630 -0.0972 -0.8810
vn 0.7705 0.5571 -0.3096
vn 0.8651 0.0458 -0.4995
vn 0.8538 0.1628 -0.4946
vn 0.9054 -0.3090 -0.2911
vn -0.0613 -0.7695 -0.6357
vn -0.9284 -0.1803 -0.3250
vn -0.9915 -0.0147 0.1295
vn -0.4592 -0.8476 -0.2659
vn -0.9690 -0.2154 0.1210
vn -0.4814 -0.8760 0.0298
vn -0.1489 -0.8647 0.4797
vn 0.8523 -0.3554 0.3837
vn 0.8818 -0.4098 -0.2332
vn 0.7598 0.0657 0.6469
vn 0.9684 0.2181 -0.1209
vn 0.4369 -0.4704 0.7668
vn 0.9914 0.0147 -0.1297
vn 0.6780 0.7343 -0.0329
vn 0.9330 -0.2820 0.2237
vn 0.8162 -0.2420 0.5247
vn 0.9243 -0.3042 0.2304
vn 0.8136 -0.2778 0.5107
vn 0.3477 -0.1144 0.9306
vn 0.4536 0.7049 0.5454
vn 0.4185 0.6187 0.6649
vn -0.0112 0.5056 0.8627
vn -0.4495 0.4605 0.7655
vn -0.3485 0.0941 0.9326
vn 0.3407 -0.1411 0.9295
vn 0.7692 -0.5737 0.2813
vn 0.8083 -0.5885 0.0177
vn 0.8573 -0.5023 -0.1129
vn 0.9449 -0.3152 -0.0882
vn 0.9551 -0.2876 -0.0713
vn 0.6319 0.7691 0.0957
vn 0.3623 0.7519 -0.5508
vn -0.2003 0.6018 -0.7731
vn -0.6481 0.5317 -0.5452
vn -0.8566 0.4930 -0.1524
vn -0.8001 0.4759 0.3652
vn -0.8697 0.2615 0.4186
vn -0.3464 0.0372 0.9373
vn 0.4703 -0.6904 0.5497
vn -0.8959 0.1594 0.4148
vn -0.3330 -0.6564 0.6770
vn -0.2453 -0.9638 0.1047
vn -0.0071 -0.0005 -1.0000
vn 0.2480 -0.4996 -0.8300
vn 0.1926 -0.6133 -0.7660
vn 0.6668 -0.2174 -0.7128
vn 0.6452 -0.4669 -0.6047
vn 0.6952 -0.2369 -0.6786
vn 0.0668 -0.0756 -0.9949
vn -0.6048 0.1573 -0.7807
vn -0.3960 -0.6674 -0.6306
vn -0.3330 -0.6563 0.6770
vn 0.4702 -0.6903 0.5499
vn 0.8082 -0.5886 0.0176
vn 0.8572 -0.5024 -0.1130
vn 0.9449 -0.3152 -0.0884
vn 0.9551 -0.2876 -0.0715
vn 0.6319 0.7691 0.0956
vn 0.3624 0.7517 -0.5509
vn -0.2003 0.6017 -0.7732
vn -0.5932 0.1360 -0.7935
vn -0.9395 0.2116 -0.2694
vn -0.2453 -0.9638 0.1046
vn -0.8959 0.1594 0.4146
vn -0.9340 0.2651 -0.2395
vn -0.6481 0.5318 -0.5451
vn -0.8698 0.2615 0.4184
vn -0.8002 0.4759 0.3651
vn 0.6189 0.7845 -0.0392
vn 0.4871 0.7610 0.4285
vn 0.9669 -0.2365 -0.0957
vn 0.9542 -0.2066 0.2164
vn 0.9594 -0.2599 -0.1099
vn 0.9474 -0.2226 0.2300
vn 0.8783 -0.4661 -0.1066
vn 0.8330 -0.5501 0.0595
vn 0.6458 -0.4995 -0.5774
vn 0.7893 -0.5109 0.3407
vn 0.2782 -0.5758 -0.7688
vn 0.5314 -0.5796 0.6178
vn 0.1006 -0.6086 -0.7871
vn 0.0958 -0.6777 0.7291
vn 0.3076 -0.3997 -0.8635
vn -0.4925 -0.7384 0.4607
vn -0.8806 0.0993 0.4634
vn -0.3374 0.0758 0.9383
vn 0.3226 -0.0366 0.9458
vn 0.8255 -0.1787 0.5354
vn 0.4438 0.6833 0.5799
vn 0.8270 -0.1394 0.5446
vn 0.3318 -0.0044 0.9433
vn -0.3351 0.1435 0.9312
vn -0.8622 0.2269 0.4529
vn -0.0226 0.5954 0.8031
vn -0.4489 0.5314 0.7184
vn -0.8075 0.4662 0.3613
vn -0.9599 0.0957 -0.2635
vn 0.3076 -0.3996 -0.8635
vn -0.4925 -0.7384 0.4608
vn -0.8807 0.0993 0.4632
vn -0.9564 0.1719 -0.2361
vn -0.8623 0.2269 0.4528
vn -0.8894 0.4145 -0.1930
vn -0.8075 0.4663 0.3612
vn -0.6505 0.4514 -0.6108
vn -0.0225 0.5954 0.8031
vn -0.2359 0.5517 -0.8000
vn 0.4437 0.6833 0.5799
vn 0.2824 0.7160 -0.6384
vn 0.4870 0.7611 0.4285
vn 0.6188 0.7845 -0.0392
vn 0.6795 -0.2511 -0.6893
vn 0.9669 -0.2366 -0.0958
vn 0.6474 -0.2248 -0.7282
vn 0.0003 -0.0903 -0.9959
vn -0.5756 0.0061 -0.8177
vn 0.0821 -0.1636 -0.9831
vn -0.5974 0.0329 -0.8013
vn 0.9593 -0.2599 -0.1101
vn 0.8783 -0.4660 -0.1068
vn 0.6458 -0.4994 -0.5775
vn 0.2784 -0.5758 -0.7687
vn 0.1007 -0.6087 -0.7870
vn -0.8214 -0.0077 -0.5702
vn -0.9856 0.0669 0.1554
vn 0.0471 0.7997 -0.5985
vn 0.0471 0.7998 -0.5985
vn 0.3077 -0.3997 -0.8634
vn -0.3540 -0.8362 -0.4189
vn -0.5429 -0.8342 0.0965
vn -0.9777 -0.1437 0.1531
vn -0.8128 -0.1698 -0.5573
vn 0.5404 0.0288 -0.8409
vn 0.6710 -0.4159 -0.6138
vn -0.4300 -0.8228 0.3718
vn -0.5430 -0.8342 0.0965
vn 0.6747 -0.5067 -0.5368
vn 0.8741 -0.4853 -0.0213
vn 0.6711 -0.4159 -0.6138
vn 0.9773 0.1466 -0.1530
vn 0.5404 0.0287 -0.8409
vn 0.9873 -0.0140 -0.1580
vn 0.3077 -0.3997 -0.8635
vn 0.0471 0.7998 -0.5984
vn 0.0472 0.7998 -0.5985
vn -0.9856 0.0669 0.1556
vn 0.1295 0.9517 0.2783
vn -0.8268 0.0807 0.5566
vn -0.9777 -0.1437 0.1533
vn -0.8128 -0.1186 0.5703
vn -0.1953 -0.0806 0.9774
vn 0.0704 -0.7819 0.6194
vn 0.9711 0.0848 0.2231
vn 0.9280 -0.3725 0.0131
vn -0.1498 0.1777 0.9726
vn 0.9613 0.1498 0.2313
vn 0.1295 0.9518 0.2782
vn 0.1294 0.9517 0.2784
vn -0.4299 -0.8228 0.3717
vn 0.9280 -0.3724 0.0130
vn 0.6747 -0.5066 -0.5368
vn 0.9711 0.0849 0.2231
vn 0.8124 0.1214 -0.5703
vn 0.8741 -0.4854 -0.0214
vn 0.9773 0.1466 -0.1532
vn 0.8275 -0.0277 -0.5608
vn 0.9873 -0.0141 -0.1581
vn 0.0470 0.7997 -0.5985
vn 0.1296 0.9517 0.2783
vn -0.3546 0.7087 -0.6099
vn 0.7925 0.4454 -0.4167
vn -0.2086 -0.7702 -0.6027
vn -0.5818 -0.0693 -0.8103
vn 0.8302 -0.3895 -0.3989
vn 0.7955 0.1312 -0.5916
vn -0.9750 -0.1044 -0.1964
vn -0.9600 -0.1202 0.2529
vn -0.8072 -0.5764 0.1272
vn -0.6347 0.7671 -0.0928
vn -0.8073 -0.5763 0.1273
vn -0.6480 0.7084 0.2796
vn -0.3545 0.7087 -0.6099
vn -0.5594 -0.8086 -0.1822
vn -0.5448 -0.8307 0.1144
vn -0.1559 -0.8418 0.5168
vn -0.5449 -0.8307 0.1144
vn 0.8629 -0.4220 0.2780
vn 0.8060 -0.4875 -0.3358
vn 0.8443 0.0547 0.5331
vn 0.9528 0.1754 -0.2479
vn -0.3331 -0.6563 0.6770
vn -0.8073 -0.5763 0.1272
vn 0.7965 0.4241 0.4310
vn 0.7131 0.6865 -0.1425
vn -0.5595 -0.8086 -0.1821
vn -0.2086 -0.7701 -0.6028
vn 0.8214 -0.5279 0.2157
vn 0.9670 0.1624 0.1965
vn 0.7955 0.1311 -0.5915
vn -0.3960 -0.6674 -0.6307
vn 0.8060 -0.4875 -0.3357
vn 0.9528 0.1755 -0.2478
vn 0.7131 0.6864 -0.1425
vn 0.7465 0.6526 0.1300
vn -0.3961 -0.6674 -0.6306
vn -0.6480 0.7086 0.2793
vn -0.8072 -0.5763 0.1272
vn -0.3440 0.6139 0.7105
vn -0.3546 0.7086 -0.6100
vn -0.6349 0.7670 -0.0928
vn -0.9600 -0.1201 0.2531
vn -0.5132 -0.1657 0.8421
vn -0.1558 -0.8418 0.5168
vn 0.8442 0.0547 0.5332
vn 0.8629 -0.4220 0.2781
vn -0.3330 -0.6564 0.6769
vn -0.6133 -0.5050 0.6073
vn -0.6061 -0.6079 -0.5129
vn -0.0205 -0.8382 -0.5449
vn -0.4472 0.8871 0.1144
vn -0.6492 0.4551 0.6095
vn 0.1221 0.9585 0.2576
vn 0.0558 0.5025 0.8628
vn 0.4377 0.8757 0.2036
vn 0.4681 0.3995 0.7882
vn 0.7278 0.6200 -0.2930
vn 0.9349 0.0362 0.3530
vn 0.7565 -0.6277 -0.1836
vn 0.3400 -0.6969 -0.6315
vn 0.9142 -0.0966 0.3937
vn 0.3416 -0.4197 -0.8409
vn 0.4555 -0.7892 0.4120
vn 0.0409 -0.7704 -0.6363
vn 0.1508 -0.5541 0.8186
vn -0.5487 -0.6981 -0.4600
vn -0.1320 -0.4761 0.8694
vn 0.0123 0.3255 0.9455
vn -0.6663 0.3110 0.6777
vn 0.4418 0.2168 0.8705
vn 0.8711 -0.3835 0.3067
vn 0.8217 -0.4825 -0.3033
vn 0.8480 -0.4596 -0.2639
vn 0.7789 -0.5557 -0.2908
vn 0.8520 -0.4962 0.1669
vn 0.7957 -0.5980 0.0964
vn 0.6454 -0.7634 -0.0250
vn 0.6539 -0.7096 -0.2624
vn 0.7558 -0.5176 -0.4011
vn 0.5001 -0.3857 0.7753
vn 0.8142 -0.5798 0.0286
vn 0.6368 -0.3996 0.6594
vn 0.8623 -0.4212 -0.2810
vn 0.1876 -0.1106 0.9760
vn 0.8158 -0.4067 0.4111
vn 0.8193 -0.5203 -0.2408
vn 0.1495 -0.0374 0.9881
vn -0.2230 0.2217 0.9493
vn -0.4119 0.3502 0.8412
vn 0.4203 -0.1761 0.8901
vn 0.8121 -0.5022 0.2972
vn 0.8854 -0.3895 0.2537
vn 0.8400 -0.4793 -0.2543
vn 0.9087 -0.3082 0.2816
vn 0.4526 -0.1093 0.8850
vn 0.3455 -0.3103 0.8856
vn 0.1498 -0.6965 0.7017
vn 0.1930 -0.9615 0.1957
vn 0.4624 -0.8834 -0.0755
vn -0.7788 0.5446 0.3113
vn -0.1559 0.1597 0.9748
vn 0.2168 -0.2015 0.9552
vn 0.4407 0.0831 0.8938
vn 0.4102 0.1486 0.8998
vn -0.3720 -0.8814 0.2910
vn -0.5779 -0.5134 0.6344
vn -0.5144 -0.1220 0.8488
vn -0.4093 0.1744 0.8956
vn -0.4325 0.5337 0.7267
vn -0.4324 0.5257 0.7326
vn -0.6805 0.2636 0.6837
vn -0.6939 0.3880 0.6066
vn -0.7930 0.4893 -0.3628
vn -0.7884 0.5415 0.2920
vn -0.5078 0.3932 0.7665
vn 0.0952 -0.9905 -0.0991
vn -0.5777 -0.8045 0.1384
vn -0.9297 -0.2057 0.3056
vn -0.9190 0.2156 0.3302
vn -0.8663 0.3826 0.3213
vn -0.7637 0.5935 0.2542
vn -0.7286 0.6580 0.1902
vn -0.8775 0.4257 0.2209
vn -0.8897 0.4551 -0.0366
vn -0.9306 0.3622 -0.0519
vn -0.6133 -0.5051 0.6073
vn -0.6663 0.3110 0.6778
vn -0.7535 -0.1308 -0.6443
vn -0.7680 -0.2368 -0.5950
vn -0.4472 0.8871 0.1145
vn -0.5304 0.2090 -0.8216
vn 0.1220 0.9585 0.2578
vn 0.0579 0.2675 -0.9618
vn 0.4378 0.8757 0.2038
vn -0.2587 0.4331 -0.8634
vn 0.7278 0.6200 -0.2929
vn -0.5112 -0.4238 -0.7477
vn -0.4412 -0.2143 -0.8715
vn 0.3415 -0.4196 -0.8410
vn -0.5487 -0.6982 -0.4598
vn 0.0410 -0.7704 -0.6363
vn -0.0205 -0.8383 -0.5448
vn -0.0559 -0.5025 -0.8628
vn -0.0119 -0.3227 -0.9464
vn 0.1327 -0.9095 -0.3940
vn 0.0119 -0.3615 0.9323
vn -0.2881 -0.8920 -0.3483
vn 0.2088 -0.8707 -0.4453
vn 0.4843 -0.3123 0.8173
vn 0.5605 -0.7717 -0.3005
vn 0.7905 -0.4266 0.4395
vn 0.7565 -0.6277 -0.1835
vn 0.8761 0.2260 0.4259
vn 0.9607 -0.1503 -0.2332
vn 0.7274 0.5731 0.3775
vn 0.9405 0.0015 -0.3397
vn 0.3189 0.4891 0.8118
vn 0.1144 0.6985 0.7064
vn -0.3863 0.6464 0.6580
vn -0.3003 0.5307 0.7926
vn -0.6139 -0.7749 0.1505
vn -0.4513 -0.5540 0.6996
vn -0.7792 0.3641 0.5101
vn -0.7386 0.4369 0.5133
vn -0.9298 0.3442 0.1302
vn -0.7822 0.5967 0.1795
vn -0.5417 0.8104 0.2232
vn 0.1848 0.9688 -0.1649
vn 0.2995 0.4673 -0.8318
vn -0.8638 -0.4744 -0.1696
vn -0.9675 -0.2088 0.1424
vn 0.1847 0.9689 -0.1649
vn 0.2995 0.4674 -0.8318
vn -0.5415 0.8105 0.2233
vn 0.0016 0.0586 -0.9983
vn -0.7821 0.5967 0.1796
vn -0.2136 -0.1477 -0.9657
vn -0.4476 -0.8204 -0.3559
vn -0.5536 -0.5423 -0.6320
vn -0.9946 -0.0842 -0.0609
vn -0.1503 -0.8056 -0.5730
vn -0.2981 -0.2368 -0.9247
vn 0.4037 -0.6754 -0.6171
vn 0.6795 -0.3596 -0.6395
vn 0.9405 0.0014 -0.3398
vn 0.6009 -0.4426 -0.6656
vn 0.9607 -0.1504 -0.2334
vn 0.1636 -0.6480 -0.7439
vn -0.1736 -0.6458 -0.7435
vn -0.3628 -0.4735 -0.8026
vn -0.9675 -0.2089 0.1423
vn -0.7793 0.3640 0.5100
vn -0.4513 -0.5541 0.6995
vn -0.6140 -0.7749 0.1504
vn -0.2880 -0.8920 -0.3483
vn 0.1328 -0.9096 -0.3938
vn 0.2089 -0.8707 -0.4452
vn 0.5605 -0.7716 -0.3006
vn -0.7387 0.4369 0.5133
vn 0.3051 -0.9026 0.3036
vn 0.7268 -0.6785 0.1064
vn -0.7884 0.5415 0.2919
vn -0.6546 0.4896 -0.5760
vn -0.7930 0.4893 -0.3630
vn -0.4116 0.2296 -0.8819
vn -0.1375 0.1990 -0.9703
vn 0.1632 -0.1209 -0.9792
vn 0.2241 -0.0353 -0.9739
vn 0.6212 -0.4379 -0.6499
vn 0.7559 -0.5176 -0.4009
vn 0.8143 -0.5798 0.0284
vn 0.7788 -0.5557 -0.2910
vn 0.5307 -0.5615 -0.6348
vn 0.5275 -0.3556 -0.7716
vn 0.8217 -0.4824 -0.3035
vn 0.5845 -0.3145 -0.7479
vn 0.8480 -0.4596 -0.2640
vn 0.5626 -0.2997 -0.7705
vn 0.8400 -0.4793 -0.2545
vn 0.6208 -0.3855 -0.6827
vn 0.8193 -0.5203 -0.2410
vn 0.8623 -0.4212 -0.2812
vn 0.4911 -0.2216 -0.8425
vn -0.1071 0.0874 -0.9904
vn -0.6560 0.3564 -0.6654
vn -0.8897 0.4551 -0.0367
vn 0.6454 -0.7635 -0.0251
vn 0.4625 -0.8834 -0.0756
vn 0.6539 -0.7096 -0.2625
vn 0.4782 -0.8514 -0.2155
vn 0.0953 -0.9905 -0.0992
vn -0.5330 -0.8407 -0.0957
vn -0.5778 -0.8044 0.1382
vn -0.9298 -0.2056 0.3054
vn -0.7752 0.5872 -0.2329
vn -0.7286 0.6581 0.1900
vn -0.8775 0.4258 0.2209
vn -0.7760 0.5724 -0.2650
vn -0.7637 0.5935 0.2540
vn -0.9214 0.3684 -0.1239
vn -0.8663 0.3826 0.3211
vn -0.9836 0.0560 -0.1715
vn -0.9190 0.2156 0.3300
vn -0.8922 -0.4235 -0.1566
vn -0.0756 -0.9247 -0.3731
vn 0.3573 -0.8768 -0.3217
vn 0.4638 -0.7546 -0.4642
vn 0.2354 -0.1122 -0.9654
vn -0.0635 0.2906 -0.9547
vn -0.5931 0.4529 -0.6657
vn -0.6456 0.4654 -0.6054
vn -0.8328 0.3654 -0.4159
vn -0.3732 -0.2811 -0.8842
vn -0.3132 -0.7270 -0.6110
vn -0.2005 0.2204 -0.9546
vn -0.3045 0.1253 -0.9442
vn -0.5108 0.1158 -0.8519
vn -0.9306 0.3623 -0.0519
vn 0.7029 -0.6397 -0.3110
vn 0.5634 -0.6844 -0.4629
vn -0.6759 -0.7370 -0.0075
vn -0.6471 -0.7294 0.2221
vn -0.5963 0.7987 -0.0806
vn -0.9106 0.0594 -0.4089
vn -0.5050 0.8318 -0.2304
vn -0.7555 0.1092 -0.6460
vn -0.5543 -0.7074 -0.4384
vn 0.7502 -0.6345 0.1861
vn 0.6779 -0.7237 0.1293
vn 0.5787 -0.7320 0.3596
vn -0.4673 -0.7013 -0.5384
vn -0.4003 -0.5947 -0.6972
vn -0.1974 -0.5987 -0.7763
vn -0.2413 0.8680 -0.4340
vn 0.0473 0.8780 -0.4763
vn 0.0674 -0.6230 -0.7793
vn 0.3229 0.8689 -0.3753
vn 0.3290 -0.5976 -0.7312
vn 0.5381 0.8341 -0.1215
vn 0.5976 0.8006 0.0433
vn 0.9737 0.0646 -0.2186
vn 0.6469 -0.6954 -0.3129
vn -0.7570 -0.6527 0.0319
vn 0.3643 -0.7996 0.4775
vn 0.7501 -0.6346 0.1860
vn 0.6861 0.5648 0.4584
vn 0.6778 -0.7238 0.1293
vn 0.3643 -0.7997 0.4773
vn 0.7555 -0.1064 0.6464
vn 0.2670 -0.7710 0.5782
vn 0.5785 -0.7322 0.3595
vn 0.5568 0.5421 0.6294
vn -0.5964 0.7986 -0.0808
vn -0.5051 0.8317 -0.2305
vn 0.2331 0.5005 0.8337
vn -0.2413 0.8679 -0.4342
vn -0.0919 0.4902 0.8668
vn 0.0473 0.8779 -0.4765
vn -0.4012 0.4986 0.7684
vn 0.3230 0.8688 -0.3754
vn -0.6769 0.5393 0.5010
vn 0.5382 0.8340 -0.1216
vn -0.7689 0.5608 0.3071
vn 0.5977 0.8006 0.0432
vn -0.9724 -0.0658 0.2237
vn -0.6758 -0.7371 -0.0076
vn -0.6469 -0.7295 0.2220
vn -0.7569 -0.6528 0.0319
vn -0.6371 0.0527 0.7690
vn -0.9689 -0.1216 0.2153
vn -0.9884 -0.0307 -0.1488
vn -0.9305 -0.0669 -0.3602
vn -0.8837 -0.1380 0.4472
vn -0.8954 -0.2634 -0.3589
vn -0.8939 0.1080 0.4351
vn -0.9497 0.2579 0.1776
vn -0.9538 -0.2991 0.0273
vn -0.9195 0.3928 0.0180
vn -0.6260 -0.1912 -0.7560
vn -0.6049 -0.0391 -0.7954
vn 0.6300 0.1202 -0.7672
vn -0.6857 -0.3808 -0.6204
vn 0.6554 -0.0674 -0.7522
vn 0.9006 0.1200 -0.4178
vn 0.8994 0.2811 -0.3348
vn 0.9348 0.2373 -0.2643
vn 0.5446 0.4371 -0.7158
vn -0.6467 0.2157 -0.7316
vn -0.8342 -0.3332 -0.4394
vn 0.6167 -0.2870 -0.7330
vn 0.8936 0.0107 -0.4487
vn 0.9452 0.1084 -0.3079
vn 0.9097 0.3993 -0.1143
vn 0.8872 0.4473 -0.1129
vn 0.3282 0.8582 -0.3946
vn -0.7862 0.4473 -0.4265
vn 0.4327 -0.8850 -0.1719
vn -0.8034 -0.5537 -0.2189
vn 0.5030 -0.7117 -0.4904
vn -0.7793 -0.4531 -0.4330
vn 0.5714 -0.5229 -0.6325
vn 0.9087 -0.1048 -0.4041
vn 0.9532 0.0384 -0.3000
vn 0.9883 0.1036 0.1122
vn 0.8835 0.4416 0.1562
vn 0.8374 0.5238 0.1559
vn 0.2366 0.9619 0.1369
vn -0.9195 0.3927 0.0181
vn 0.7921 0.1481 0.5921
vn 0.9038 -0.1249 0.4092
vn 0.9624 -0.2052 0.1780
vn 0.8620 0.1113 0.4945
vn 0.9730 -0.2308 -0.0071
vn 0.9883 0.1036 0.1121
vn 0.9553 -0.0419 -0.2927
vn 0.8636 0.3857 0.3248
vn 0.8247 0.2326 0.5155
vn 0.8249 0.0530 0.5628
vn 0.9734 -0.1802 -0.1417
vn 0.9368 -0.3485 -0.0311
vn 0.9209 -0.3142 -0.2308
vn 0.9678 -0.1267 -0.2177
vn 0.9131 -0.2329 -0.3346
vn 0.8620 0.1113 0.4946
vn 0.6514 0.1368 0.7463
vn 0.7921 0.1481 0.5922
vn 0.8558 0.1318 0.5003
vn 0.8836 -0.0428 0.4662
vn 0.9038 -0.1250 0.4094
vn 0.9402 -0.1236 0.3173
vn 0.9624 -0.2053 0.1781
vn 0.5002 -0.0015 0.8659
vn 0.8484 0.1606 0.5043
vn 0.7345 0.0510 0.6767
vn 0.8248 0.0529 0.5629
vn 0.7922 0.2878 0.5381
vn 0.8246 0.2327 0.5156
vn 0.8056 0.4696 0.3613
vn 0.8635 0.3859 0.3249
vn 0.2620 0.8136 0.5190
vn 0.3253 0.4716 0.8196
vn 0.4336 0.0209 0.9009
vn 0.4551 0.1836 0.8713
vn 0.8835 0.4417 0.1563
vn 0.8374 0.5238 0.1560
vn 0.2366 0.9619 0.1372
vn -0.9497 0.2579 0.1775
vn -0.8939 0.1081 0.4351
vn -0.8837 -0.1380 0.4473
vn -0.6369 0.0527 0.7691
vn 0.3771 -0.6655 0.6441
vn 0.9388 -0.3037 0.1629
vn 0.9730 -0.2309 -0.0070
vn -0.7861 0.4474 -0.4264
vn -0.6466 0.2158 -0.7317
vn -0.6047 -0.0392 -0.7955
vn -0.9884 -0.0307 -0.1487
vn -0.9305 -0.0670 -0.3600
vn -0.9983 0.0377 -0.0455
vn -0.9929 -0.1161 0.0273
vn -0.8955 -0.2633 -0.3588
vn -0.9539 -0.2990 0.0275
vn -0.9795 -0.1859 0.0780
vn -0.9194 0.3928 0.0180
vn -0.9871 0.0672 0.1453
vn -0.9794 -0.1880 0.0733
vn -0.9831 -0.1796 0.0360
vn -0.6259 -0.1913 -0.7561
vn -0.6856 -0.3808 -0.6204
vn -0.8342 -0.3333 -0.4394
vn -0.7791 -0.4532 -0.4331
vn -0.8501 -0.5068 0.1430
vn -0.6032 -0.4859 0.6325
vn 0.3451 -0.9080 0.2378
vn 0.9368 -0.3486 -0.0310
vn 0.4328 -0.8850 -0.1717
vn -0.6087 0.7917 0.0521
vn -0.5652 -0.6501 -0.5078
vn -0.5572 0.8236 -0.1061
vn -0.4569 -0.6517 -0.6054
vn 0.7832 -0.6145 0.0949
vn 0.6073 -0.7529 0.2537
vn -0.1983 -0.5286 -0.8254
vn 0.3184 -0.8081 0.4956
vn 0.0691 -0.5604 -0.8254
vn -0.0623 -0.8686 0.4915
vn 0.3380 -0.5269 -0.7798
vn -0.4277 -0.8108 0.3997
vn 0.5699 -0.6277 -0.5302
vn -0.6597 -0.7431 0.1127
vn 0.6771 -0.6315 -0.3779
vn -0.7724 -0.6308 -0.0741
vn -0.2925 0.8971 -0.3310
vn 0.0377 0.9222 -0.3848
vn 0.3518 0.8983 -0.2634
vn 0.5630 0.8264 0.0106
vn 0.5823 0.7937 0.1757
vn -0.6596 -0.7431 0.1126
vn -0.6901 0.4909 0.5317
vn -0.7723 -0.6309 -0.0742
vn -0.7475 0.5551 0.3648
vn 0.7831 -0.6146 0.0949
vn 0.6534 0.5588 0.5107
vn 0.6071 -0.7530 0.2537
vn 0.5636 0.4937 0.6623
vn -0.5360 -0.8305 -0.1513
vn -0.5744 -0.7495 -0.3291
vn -0.2769 -0.9484 -0.1548
vn -0.3021 -0.9058 -0.2970
vn -0.0869 -0.9930 -0.0797
vn -0.0379 -0.9672 -0.2511
vn 0.4085 -0.9020 -0.1399
vn -0.9380 -0.3419 0.0572
vn -0.9485 -0.3160 0.0237
vn -0.9355 -0.3532 -0.0016
vn -0.5822 -0.7348 -0.3481
vn -0.2759 -0.8864 -0.3717
vn -0.0263 -0.9380 -0.3456
vn 0.3814 -0.9011 -0.2064
vn -0.8109 -0.5315 -0.2446
vn -0.8544 -0.4432 -0.2712
vn -0.8429 -0.4962 -0.2081
vn -0.8031 -0.5444 -0.2422
vn -0.7926 -0.5570 -0.2481
vn -0.5645 -0.7485 -0.3479
vn -0.2659 -0.8881 -0.3749
vn -0.0361 -0.9367 -0.3483
vn -0.9263 -0.3713 -0.0638
vn -0.8866 -0.4028 -0.2272
vn -0.7823 -0.5746 -0.2406
vn -0.5259 -0.7729 -0.3552
vn 0.2453 -0.9385 -0.2430
vn 0.6723 -0.7393 0.0377
vn 0.6056 -0.7928 0.0680
vn 0.3314 -0.9192 -0.2126
vn 0.6077 -0.7936 0.0309
vn 0.0556 -0.8756 -0.4798
vn -0.0207 -0.8986 -0.4383
vn -0.2652 -0.8680 -0.4199
vn 0.3320 -0.9077 -0.2565
vn 0.2318 -0.8290 -0.5090
vn 0.5278 -0.7874 -0.3185
vn 0.5731 -0.5431 -0.6137
vn 0.3899 -0.6087 -0.6910
vn 0.3784 -0.3891 -0.8399
vn 0.3660 -0.4759 -0.7997
vn 0.0828 -0.9128 -0.3999
vn 0.0636 -0.8991 -0.4332
vn 0.5367 -0.4707 -0.7003
vn 0.2793 -0.3210 -0.9049
vn 0.3855 -0.5107 -0.7685
vn 0.0804 -0.9220 -0.3788
vn 0.3552 -0.4852 -0.7990
vn 0.2897 -0.5269 -0.7990
vn 0.4214 -0.2553 -0.8702
vn 0.3196 -0.4245 -0.8471
vn 0.2841 -0.4570 -0.8429
vn 0.2470 -0.5287 -0.8121
vn 0.1985 -0.4252 -0.8831
vn -0.2784 0.6613 -0.6965
vn -0.3730 0.9063 -0.1989
vn 0.1118 0.2776 -0.9542
vn 0.1084 -0.2579 -0.9601
vn -0.3114 0.2711 -0.9108
vn -0.6003 0.6225 -0.5020
vn -0.5104 0.8598 -0.0162
vn -0.1979 0.9774 0.0745
vn -0.2025 0.9793 0.0046
vn -0.2034 0.9747 0.0926
vn -0.2529 0.9611 0.1114
vn -0.2578 0.9514 0.1686
vn -0.2262 0.9670 0.1168
vn -0.2025 0.9750 0.0914
vn -0.2263 0.9670 0.1168
vn -0.5254 0.8443 0.1055
vn -0.2563 0.9577 0.1305
vt 0.399024 -0.396768
vt 0.393885 -0.378599
vt 0.396487 -0.407691
vt 0.388214 -0.407315
vt 0.391875 -0.367508
vt 0.382768 -0.399681
vt 0.379887 -0.368336
vt 0.380750 -0.389738
vt 0.376002 -0.377258
vt 0.853484 -0.880152
vt 0.833319 -0.881775
vt 0.854789 -0.880614
vt 0.836828 -0.882857
vt 0.855687 -0.881068
vt 0.839082 -0.883962
vt 0.855987 -0.881220
vt 0.839833 -0.884331
vt 0.856515 -0.881686
vt 0.840927 -0.885505
vt 0.856128 -0.881794
vt 0.839599 -0.885831
vt 0.852680 -0.880051
vt 0.830948 -0.881589
vt 0.828072 -0.882211
vt 0.830907 -0.882307
vt 0.834772 -0.883320
vt 0.837086 -0.884414
vt 0.837857 -0.884778
vt 0.838719 -0.885997
vt 0.836955 -0.886408
vt 0.817736 -0.887728
vt 0.821574 -0.888671
vt 0.818711 -0.886630
vt 0.824044 -0.885889
vt 0.828430 -0.889016
vt 0.831238 -0.885853
vt 0.835095 -0.888602
vt 0.835506 -0.886367
vt 0.838452 -0.887624
vt 0.836929 -0.886538
vt 0.845722 -0.887725
vt 0.848401 -0.889340
vt 0.851409 -0.887385
vt 0.817642 -0.888423
vt 0.818066 -0.889885
vt 0.812316 -0.888440
vt 0.812436 -0.890166
vt 0.812808 -0.891541
vt 0.818201 -0.891947
vt 0.850007 -0.890308
vt 0.036642 -0.372324
vt 0.037030 -0.372432
vt 0.037171 -0.371858
vt 0.037470 -0.371706
vt 0.038152 -0.372132
vt 0.038368 -0.371252
vt 0.039484 -0.371565
vt 0.039673 -0.370790
vt 0.040402 -0.370994
vt 0.040477 -0.370689
vt 0.062333 -0.373026
vt 0.062209 -0.372227
vt 0.065566 -0.373716
vt 0.065086 -0.372849
vt 0.075422 -0.378367
vt 0.074446 -0.377268
vt 0.053558 -0.376469
vt 0.056687 -0.375795
vt 0.060153 -0.374435
vt 0.063466 -0.375141
vt 0.071584 -0.379309
vt 0.054438 -0.376636
vt 0.054705 -0.378262
vt 0.056203 -0.377046
vt 0.058062 -0.379240
vt 0.059768 -0.376456
vt 0.064727 -0.379654
vt 0.040951 -0.373817
vt 0.039602 -0.374094
vt 0.047050 -0.373135
vt 0.045288 -0.373497
vt 0.046981 -0.373488
vt 0.051266 -0.373464
vt 0.053174 -0.373073
vt 0.074979 -0.373287
vt 0.248803 -0.371442
vt 0.252226 -0.362266
vt 0.087564 -0.375544
vt 0.087504 -0.374510
vt 0.079683 -0.374996
vt 0.080370 -0.374000
vt 0.074198 -0.374420
vt 0.046981 -0.376048
vt 0.041329 -0.375884
vt 0.036572 -0.375921
vt 0.033434 -0.376153
vt 0.035074 -0.375165
vt 0.032393 -0.376546
vt 0.031845 -0.377401
vt 0.031238 -0.378178
vt 0.073639 -0.377944
vt 0.079191 -0.378096
vt 0.033636 -0.378227
vt 0.037493 -0.378897
vt 0.042829 -0.379309
vt 0.073629 -0.381796
vt 0.079182 -0.381484
vt 0.086933 -0.378867
vt 0.086566 -0.383188
vt 0.236283 -0.398429
vt 0.085381 -0.383105
vt 0.238396 -0.395045
vt 0.275742 -0.396433
vt 0.276738 -0.396591
vt 0.079662 -0.383175
vt 0.085668 -0.382644
vt 0.243341 -0.384387
vt 0.278099 -0.389190
vt 0.032514 -0.379662
vt 0.036027 -0.380771
vt 0.041242 -0.381338
vt 0.074175 -0.383718
vt 0.279188 -0.377692
vt 0.278878 -0.363328
vt 0.279496 -0.367479
vt 0.252009 -0.361154
vt 0.493590 -0.969782
vt 0.493415 -0.968879
vt 0.490392 -0.966164
vt 0.490303 -0.965743
vt 0.493115 -0.967113
vt 0.492528 -0.963483
vt 0.489542 -0.961007
vt 0.491967 -0.959952
vt 0.488782 -0.956272
vt 0.489350 -0.956744
vt 0.492780 -0.964411
vt 0.492412 -0.962100
vt 0.490635 -0.964911
vt 0.490241 -0.962436
vt 0.489372 -0.964093
vt 0.489142 -0.962653
vt 0.489052 -0.962085
vt 0.485864 -0.961725
vt 0.486075 -0.963046
vt 0.486460 -0.965516
vt 0.489957 -0.967848
vt 0.491358 -0.969568
vt 0.493457 -0.968782
vt 0.491961 -0.959301
vt 0.489756 -0.959430
vt 0.488657 -0.959635
vt 0.491392 -0.955802
vt 0.489145 -0.955666
vt 0.491023 -0.953583
vt 0.490471 -0.950407
vt 0.488148 -0.949802
vt 0.488382 -0.951111
vt 0.490685 -0.951597
vt 0.488748 -0.953269
vt 0.488159 -0.956563
vt 0.485604 -0.960113
vt 0.486120 -0.963430
vt 0.486530 -0.966043
vt 0.490065 -0.968649
vt 0.491496 -0.970603
vt 0.487833 -0.954594
vt 0.485063 -0.956797
vt 0.485277 -0.958092
vt 0.485193 -0.957628
vt 0.485763 -0.961180
vt 0.485657 -0.960603
vt 0.486177 -0.963857
vt 0.486121 -0.963578
vt 0.485684 -0.960858
vt 0.485220 -0.957882
vt 0.484865 -0.955624
vt 0.487533 -0.952811
vt 0.486425 -0.965475
vt 0.486249 -0.964432
vt 0.485912 -0.962342
vt 0.485591 -0.960323
vt 0.485247 -0.958137
vt 0.484738 -0.954901
vt 0.487339 -0.951712
vt 0.484757 -0.955082
vt 0.485274 -0.958383
vt 0.484829 -0.955564
vt 0.404033 -0.453661
vt 0.403520 -0.456839
vt 0.407245 -0.452980
vt 0.406908 -0.455070
vt 0.403253 -0.458424
vt 0.406732 -0.456113
vt 0.403093 -0.459287
vt 0.406627 -0.456681
vt 0.400629 -0.454121
vt 0.400043 -0.457751
vt 0.402807 -0.454414
vt 0.402177 -0.458313
vt 0.401852 -0.460232
vt 0.401661 -0.461241
vt 0.399742 -0.459517
vt 0.399568 -0.460420
vt 0.405003 -0.447643
vt 0.407884 -0.449021
vt 0.405088 -0.447105
vt 0.405009 -0.440440
vt 0.404969 -0.440815
vt 0.405818 -0.442350
vt 0.405789 -0.442626
vt 0.408420 -0.445539
vt 0.408400 -0.445721
vt 0.405680 -0.443359
vt 0.408329 -0.446203
vt 0.404903 -0.447089
vt 0.403408 -0.450633
vt 0.404521 -0.450592
vt 0.407566 -0.450961
vt 0.405448 -0.441777
vt 0.404376 -0.446910
vt 0.403807 -0.447382
vt 0.402646 -0.441419
vt 0.404146 -0.442401
vt 0.403131 -0.451084
vt 0.403615 -0.451646
vt 0.403497 -0.446323
vt 0.402686 -0.441045
vt 0.401190 -0.450590
vt 0.399700 -0.459420
vt 0.400623 -0.455834
vt 0.402765 -0.456802
vt 0.400378 -0.455049
vt 0.400745 -0.452738
vt 0.401197 -0.449940
vt 0.401525 -0.451916
vt 0.402855 -0.456381
vt 0.401765 -0.446440
vt 0.403725 -0.445808
vt 0.402472 -0.442235
vt 0.402134 -0.444222
vt 0.469846 -0.421972
vt 0.475192 -0.427180
vt 0.475445 -0.426694
vt 0.479948 -0.433609
vt 0.464746 -0.970205
vt 0.464657 -0.967907
vt 0.463264 -0.971553
vt 0.463074 -0.969187
vt 0.461003 -0.967287
vt 0.462236 -0.965939
vt 0.451364 -0.968657
vt 0.451403 -0.970854
vt 0.451420 -0.971936
vt 0.451762 -0.969513
vt 0.453543 -0.967386
vt 0.453635 -0.966507
vt 0.457911 -0.965537
vt 0.457343 -0.966736
vt 0.462189 -0.965638
vt 0.464519 -0.966967
vt 0.454600 -0.966192
vt 0.458488 -0.965082
vt 0.473120 -0.455035
vt 0.480310 -0.441670
vt 0.469957 -0.454577
vt 0.481789 -0.447561
vt 0.489638 -0.460310
vt 0.485694 -0.442466
vt 0.477912 -0.431280
vt 0.481020 -0.435377
vt 0.480028 -0.433693
vt 0.482960 -0.438191
vt 0.481523 -0.435976
vt 0.423312 -0.931334
vt 0.417712 -0.936056
vt 0.431896 -0.924874
vt 0.417802 -0.936324
vt 0.407666 -0.952431
vt 0.407749 -0.952680
vt 0.403801 -0.970524
vt 0.413647 -0.953420
vt 0.420601 -0.937091
vt 0.422241 -0.945470
vt 0.426197 -0.937975
vt 0.430113 -0.940446
vt 0.432761 -0.931863
vt 0.436068 -0.938152
vt 0.417857 -0.936488
vt 0.431969 -0.925154
vt 0.435178 -0.924782
vt 0.434644 -0.926574
vt 0.437976 -0.925472
vt 0.439781 -0.926430
vt 0.438591 -0.924611
vt 0.438177 -0.924602
vt 0.442340 -0.924564
vt 0.445353 -0.924795
vt 0.445694 -0.937545
vt 0.436633 -0.945723
vt 0.428398 -0.945640
vt 0.425534 -0.953893
vt 0.409167 -0.971264
vt 0.409099 -0.986467
vt 0.403719 -0.970275
vt 0.411634 -0.945338
vt 0.413209 -0.942971
vt 0.413129 -0.943055
vt 0.415431 -0.939588
vt 0.417293 -0.937016
vt 0.417965 -0.936541
vt 0.418454 -0.935894
vt 0.420343 -0.933848
vt 0.403542 -0.969740
vt 0.403630 -0.970008
vt 0.407486 -0.951896
vt 0.407576 -0.952164
vt 0.409044 -0.986303
vt 0.408954 -0.986035
vt 0.406543 -0.978841
vt 0.405683 -0.976309
vt 0.404927 -0.974017
vt 0.403519 -0.969672
vt 0.407463 -0.951828
vt 0.410198 -0.947553
vt 0.408870 -0.985784
vt 0.460155 -0.998073
vt 0.461429 -0.997864
vt 0.466616 -0.996860
vt 0.460253 -0.998009
vt 0.457988 -0.998369
vt 0.462485 -0.997750
vt 0.464648 -0.997440
vt 0.466710 -0.997140
vt 0.466262 -0.997220
vt 0.464623 -0.997453
vt 0.446175 -1.000000
vt 0.462759 -0.997502
vt 0.483070 -0.986099
vt 0.487965 -0.970100
vt 0.484538 -0.952298
vt 0.483137 -0.970895
vt 0.475951 -0.986751
vt 0.462893 -0.987196
vt 0.455513 -0.997775
vt 0.446406 -0.997904
vt 0.473155 -0.935528
vt 0.461575 -0.925758
vt 0.458801 -0.924740
vt 0.473239 -0.935780
vt 0.458811 -0.924987
vt 0.473329 -0.936047
vt 0.473384 -0.936212
vt 0.479173 -0.953093
vt 0.466855 -0.971509
vt 0.446484 -0.987430
vt 0.437244 -0.997866
vt 0.481283 -0.947199
vt 0.484275 -0.951513
vt 0.484252 -0.951445
vt 0.479738 -0.944999
vt 0.478071 -0.942648
vt 0.484365 -0.951781
vt 0.484454 -0.952049
vt 0.434161 -0.968909
vt 0.433818 -0.968023
vt 0.431415 -0.966554
vt 0.431927 -0.967068
vt 0.427433 -0.965963
vt 0.431779 -0.968106
vt 0.427855 -0.967114
vt 0.423819 -0.967245
vt 0.434107 -0.970669
vt 0.432430 -0.971472
vt 0.432792 -0.969685
vt 0.427318 -0.965284
vt 0.423385 -0.965641
vt 0.422937 -0.965964
vt 0.420698 -0.967445
vt 0.421818 -0.968569
vt 0.421580 -0.970434
vt 0.420943 -0.969396
vt 0.421374 -0.966707
vt 0.445903 -0.920526
vt 0.450854 -0.922420
vt 0.449498 -0.921764
vt 0.452214 -0.922840
vt 0.456769 -0.924833
vt 0.465569 -0.436186
vt 0.465587 -0.438060
vt 0.468715 -0.435757
vt 0.467198 -0.433991
vt 0.469645 -0.431468
vt 0.464999 -0.431156
vt 0.465165 -0.415396
vt 0.464495 -0.413012
vt 0.462523 -0.413533
vt 0.462130 -0.411622
vt 0.462574 -0.410744
vt 0.458542 -0.410733
vt 0.455620 -0.409936
vt 0.454394 -0.410192
vt 0.457212 -0.410790
vt 0.455833 -0.410942
vt 0.457575 -0.411189
vt 0.458021 -0.413537
vt 0.459345 -0.411453
vt 0.460343 -0.413982
vt 0.461205 -0.420907
vt 0.463559 -0.421435
vt 0.465257 -0.420281
vt 0.466615 -0.423172
vt 0.459502 -0.411244
vt 0.467999 -0.416290
vt 0.474359 -0.426078
vt 0.472814 -0.424486
vt 0.474703 -0.426532
vt 0.475864 -0.427655
vt 0.477726 -0.430226
vt 0.475359 -0.426093
vt 0.470798 -0.426831
vt 0.470166 -0.429236
vt 0.472172 -0.421848
vt 0.469044 -0.426199
vt 0.468344 -0.423564
vt 0.469388 -0.441808
vt 0.465575 -0.445663
vt 0.463118 -0.450520
vt 0.459477 -0.455065
vt 0.464983 -0.456810
vt 0.461431 -0.456985
vt 0.447668 -0.453754
vt 0.447223 -0.455684
vt 0.449063 -0.456267
vt 0.447075 -0.457399
vt 0.448703 -0.457941
vt 0.448454 -0.459791
vt 0.450368 -0.457349
vt 0.450808 -0.458277
vt 0.453294 -0.454105
vt 0.453341 -0.456647
vt 0.455814 -0.452309
vt 0.458131 -0.455970
vt 0.459718 -0.456775
vt 0.461378 -0.458744
vt 0.465302 -0.457753
vt 0.469339 -0.457883
vt 0.468642 -0.456418
vt 0.471140 -0.456547
vt 0.470676 -0.455974
vt 0.471812 -0.456871
vt 0.471658 -0.457969
vt 0.472503 -0.459427
vt 0.473365 -0.457268
vt 0.476254 -0.461118
vt 0.484791 -0.459514
vt 0.470014 -0.471728
vt 0.477168 -0.475770
vt 0.463675 -0.487241
vt 0.484287 -0.476422
vt 0.467625 -0.487603
vt 0.484203 -0.476673
vt 0.467592 -0.487702
vt 0.484264 -0.469059
vt 0.485151 -0.472059
vt 0.486551 -0.468904
vt 0.486614 -0.469479
vt 0.487474 -0.466947
vt 0.488230 -0.464655
vt 0.486892 -0.466825
vt 0.430509 -0.457253
vt 0.431383 -0.457008
vt 0.430641 -0.456060
vt 0.432155 -0.457925
vt 0.432041 -0.456514
vt 0.433139 -0.455275
vt 0.425893 -0.448308
vt 0.435482 -0.444777
vt 0.415875 -0.439744
vt 0.431719 -0.435930
vt 0.438675 -0.443545
vt 0.436377 -0.439848
vt 0.439632 -0.441669
vt 0.444736 -0.443213
vt 0.439486 -0.439380
vt 0.438582 -0.456995
vt 0.436007 -0.456922
vt 0.439614 -0.458024
vt 0.435814 -0.457375
vt 0.433382 -0.456729
vt 0.445699 -0.458220
vt 0.443969 -0.456724
vt 0.445513 -0.459849
vt 0.444057 -0.459205
vt 0.443349 -0.457169
vt 0.442527 -0.457737
vt 0.442590 -0.455610
vt 0.441801 -0.456575
vt 0.440766 -0.456333
vt 0.441070 -0.457221
vt 0.440318 -0.457149
vt 0.439772 -0.456847
vt 0.438885 -0.456014
vt 0.445233 -0.454360
vt 0.440594 -0.453575
vt 0.441699 -0.454442
vt 0.442744 -0.453225
vt 0.444437 -0.455388
vt 0.444045 -0.453478
vt 0.443460 -0.454993
vt 0.439266 -0.452467
vt 0.437705 -0.450575
vt 0.440900 -0.450583
vt 0.441747 -0.451860
vt 0.443665 -0.451913
vt 0.440634 -0.449077
vt 0.456903 -0.443407
vt 0.450792 -0.443965
vt 0.450759 -0.445957
vt 0.443921 -0.444601
vt 0.441514 -0.445415
vt 0.438960 -0.446969
vt 0.442077 -0.447323
vt 0.443811 -0.448923
vt 0.443515 -0.450470
vt 0.446701 -0.451341
vt 0.451087 -0.455576
vt 0.451771 -0.453624
vt 0.446661 -0.449370
vt 0.449545 -0.454173
vt 0.447452 -0.447152
vt 0.445216 -0.446477
vt 0.444981 -0.447680
vt 0.446741 -0.448283
vt 0.448609 -0.449676
vt 0.448201 -0.451716
vt 0.450015 -0.451922
vt 0.448493 -0.448025
vt 0.452295 -0.451596
vt 0.450551 -0.448050
vt 0.450339 -0.449774
vt 0.452535 -0.449598
vt 0.455051 -0.451073
vt 0.452982 -0.447998
vt 0.456336 -0.446601
vt 0.454132 -0.447164
vt 0.459385 -0.447471
vt 0.456785 -0.447706
vt 0.454985 -0.448246
vt 0.457626 -0.448965
vt 0.455022 -0.449283
vt 0.450683 -0.447070
vt 0.460073 -0.450095
vt 0.460331 -0.449194
vt 0.464465 -0.444355
vt 0.462287 -0.447297
vt 0.459948 -0.445809
vt 0.462685 -0.443256
vt 0.466496 -0.440439
vt 0.464932 -0.440049
vt 0.462236 -0.439581
vt 0.457640 -0.444897
vt 0.456633 -0.441432
vt 0.461979 -0.441961
vt 0.449549 -0.419336
vt 0.448589 -0.425328
vt 0.451771 -0.424975
vt 0.448356 -0.427482
vt 0.451217 -0.427037
vt 0.451017 -0.427886
vt 0.454310 -0.427322
vt 0.452906 -0.428677
vt 0.456588 -0.429684
vt 0.450699 -0.432218
vt 0.456277 -0.433070
vt 0.456779 -0.435738
vt 0.460481 -0.434573
vt 0.459342 -0.437734
vt 0.455729 -0.439062
vt 0.450803 -0.441944
vt 0.452610 -0.419098
vt 0.463511 -0.435890
vt 0.457328 -0.428190
vt 0.460303 -0.431265
vt 0.459966 -0.429498
vt 0.458394 -0.426010
vt 0.455130 -0.425166
vt 0.455587 -0.419226
vt 0.453816 -0.411217
vt 0.447927 -0.411636
vt 0.446562 -0.419940
vt 0.458459 -0.419802
vt 0.461292 -0.427616
vt 0.455787 -0.413238
vt 0.453529 -0.409987
vt 0.452920 -0.409295
vt 0.452589 -0.410086
vt 0.449988 -0.409604
vt 0.449617 -0.411211
vt 0.436640 -0.414822
vt 0.432450 -0.419197
vt 0.436388 -0.415471
vt 0.439826 -0.413830
vt 0.447263 -0.410720
vt 0.448520 -0.409888
vt 0.442304 -0.413058
vt 0.447255 -0.411164
vt 0.448399 -0.411092
vt 0.444027 -0.413507
vt 0.446372 -0.413915
vt 0.443809 -0.420906
vt 0.445529 -0.426220
vt 0.443659 -0.412402
vt 0.440943 -0.413479
vt 0.445681 -0.428415
vt 0.441433 -0.421218
vt 0.435682 -0.422290
vt 0.437464 -0.422455
vt 0.437836 -0.430874
vt 0.439578 -0.419860
vt 0.440261 -0.415179
vt 0.442531 -0.427645
vt 0.443144 -0.429595
vt 0.445615 -0.429783
vt 0.449007 -0.428784
vt 0.444986 -0.441289
vt 0.445699 -0.438865
vt 0.450796 -0.439219
vt 0.450987 -0.435940
vt 0.453860 -0.436069
vt 0.442247 -0.431213
vt 0.441377 -0.434354
vt 0.445160 -0.432930
vt 0.444519 -0.435498
vt 0.447422 -0.435867
vt 0.442029 -0.437433
vt 0.438636 -0.435672
vt 0.436222 -0.436066
vt 0.444046 -0.412530
vt 0.436984 -0.414462
vt 0.431582 -0.416396
vt 0.434357 -0.415378
vt 0.435764 -0.437978
vt 0.429437 -0.426609
vt 0.430155 -0.428900
vt 0.432084 -0.426340
vt 0.434219 -0.433857
vt 0.430725 -0.431231
vt 0.422249 -0.425561
vt 0.427855 -0.422064
vt 0.432837 -0.424487
vt 0.434794 -0.424544
vt 0.413897 -0.435440
vt 0.416973 -0.432566
vt 0.415025 -0.433546
vt 0.417474 -0.430323
vt 0.420002 -0.426167
vt 0.434189 -0.415585
vt 0.408905 -0.442084
vt 0.411874 -0.437837
vt 0.413419 -0.435637
vt 0.415086 -0.433286
vt 0.410143 -0.476573
vt 0.405275 -0.460489
vt 0.410087 -0.476737
vt 0.405192 -0.460738
vt 0.408703 -0.442687
vt 0.408619 -0.442936
vt 0.411080 -0.449308
vt 0.405474 -0.459886
vt 0.408882 -0.442152
vt 0.405452 -0.459954
vt 0.408793 -0.442419
vt 0.405363 -0.460221
vt 0.410232 -0.476305
vt 0.426541 -0.487498
vt 0.426452 -0.487766
vt 0.433002 -0.488712
vt 0.428534 -0.488092
vt 0.426896 -0.487858
vt 0.426448 -0.487778
vt 0.408126 -0.469086
vt 0.410317 -0.476054
vt 0.409616 -0.471549
vt 0.426575 -0.487399
vt 0.430121 -0.488174
vt 0.431728 -0.488502
vt 0.438155 -0.489415
vt 0.435390 -0.488685
vt 0.434484 -0.488887
vt 0.432333 -0.488471
vt 0.446983 -0.490638
vt 0.430754 -0.487077
vt 0.417888 -0.472813
vt 0.410753 -0.468159
vt 0.408295 -0.468453
vt 0.407394 -0.466545
vt 0.406731 -0.464245
vt 0.408056 -0.466297
vt 0.429430 -0.460043
vt 0.426776 -0.461962
vt 0.428714 -0.461889
vt 0.428545 -0.457495
vt 0.410820 -0.459146
vt 0.421084 -0.454596
vt 0.414328 -0.452183
vt 0.417597 -0.449356
vt 0.416794 -0.445760
vt 0.422986 -0.451161
vt 0.430206 -0.458249
vt 0.428941 -0.464662
vt 0.428592 -0.463044
vt 0.429893 -0.462191
vt 0.430083 -0.459825
vt 0.431668 -0.464432
vt 0.433646 -0.465182
vt 0.435251 -0.463996
vt 0.435111 -0.462795
vt 0.431082 -0.462234
vt 0.431977 -0.463282
vt 0.429815 -0.463662
vt 0.432573 -0.466607
vt 0.435245 -0.465737
vt 0.437059 -0.465249
vt 0.439829 -0.464654
vt 0.438065 -0.466653
vt 0.441600 -0.466512
vt 0.444371 -0.469532
vt 0.443650 -0.465343
vt 0.425966 -0.471405
vt 0.459408 -0.461954
vt 0.458896 -0.462640
vt 0.460727 -0.462110
vt 0.459115 -0.462727
vt 0.458694 -0.463072
vt 0.456807 -0.463023
vt 0.456524 -0.463679
vt 0.452626 -0.464513
vt 0.457212 -0.464017
vt 0.452933 -0.466553
vt 0.454159 -0.469118
vt 0.448493 -0.467861
vt 0.448453 -0.471229
vt 0.447546 -0.477702
vt 0.432083 -0.479141
vt 0.445550 -0.467029
vt 0.453011 -0.463010
vt 0.445958 -0.464810
vt 0.448578 -0.465062
vt 0.448393 -0.462344
vt 0.453861 -0.462056
vt 0.457035 -0.462633
vt 0.457429 -0.461790
vt 0.459610 -0.460369
vt 0.460365 -0.460323
vt 0.459519 -0.458647
vt 0.449832 -0.460115
vt 0.452071 -0.460033
vt 0.455250 -0.459195
vt 0.457769 -0.457381
vt 0.459149 -0.457547
vt 0.459637 -0.457395
vt 0.454750 -0.461002
vt 0.457612 -0.459917
vt 0.450939 -0.461140
vt 0.448299 -0.460580
vt 0.446915 -0.460054
vt 0.445936 -0.463013
vt 0.442339 -0.464093
vt 0.445824 -0.461772
vt 0.443967 -0.463110
vt 0.446561 -0.461008
vt 0.444359 -0.464209
vt 0.443373 -0.463707
vt 0.441737 -0.462574
vt 0.439010 -0.463503
vt 0.439098 -0.462603
vt 0.441405 -0.458216
vt 0.442107 -0.460311
vt 0.443228 -0.459940
vt 0.442866 -0.462483
vt 0.441395 -0.460151
vt 0.441793 -0.459295
vt 0.440435 -0.458471
vt 0.440693 -0.460468
vt 0.441754 -0.461492
vt 0.439522 -0.457145
vt 0.438557 -0.456830
vt 0.434452 -0.458408
vt 0.438206 -0.461167
vt 0.434816 -0.461747
vt 0.434669 -0.455721
vt 0.430968 -0.456276
vt 0.428638 -0.457605
vt 0.428763 -0.459747
vt 0.428500 -0.458545
vt 0.428411 -0.460843
vt 0.431176 -0.460780
vt 0.459339 -0.458661
vt 0.458996 -0.459547
vt 0.459180 -0.460372
vt 0.459050 -0.461308
vt 0.461422 -0.462173
vt 0.469261 -0.461448
vt 0.469251 -0.462400
vt 0.471577 -0.461073
vt 0.472214 -0.460035
vt 0.471424 -0.459181
vt 0.472459 -0.458083
vt 0.471783 -0.457345
vt 0.465231 -0.458284
vt 0.469773 -0.456279
vt 0.465839 -0.455922
vt 0.461742 -0.457192
vt 0.461178 -0.460869
vt 0.464795 -0.461255
vt 0.465147 -0.462201
vt 0.468443 -0.460230
vt 0.459865 -0.463286
vt 0.466163 -0.463445
vt 0.462824 -0.462954
vt 0.462246 -0.463970
vt 0.468045 -0.464352
vt 0.469980 -0.463553
vt 0.471951 -0.462771
vt 0.473520 -0.462162
vt 0.472864 -0.464357
vt 0.469294 -0.465254
vt 0.466586 -0.465011
vt 0.464824 -0.464690
vt 0.464144 -0.466189
vt 0.473430 -0.460930
vt 0.471339 -0.459208
vt 0.463242 -0.479348
vt 0.458778 -0.488801
vt 0.461812 -0.488617
vt 0.464016 -0.488343
vt 0.459611 -0.489012
vt 0.456428 -0.486968
vt 0.447322 -0.486838
vt 0.438159 -0.486877
vt 0.462363 -0.488655
vt 0.461013 -0.488851
vt 0.455901 -0.489503
vt 0.467498 -0.487982
vt 0.484058 -0.477105
vt 0.484113 -0.476941
vt 0.467502 -0.487970
vt 0.467053 -0.488058
vt 0.465432 -0.488275
vt 0.514087 -0.397810
vt 0.522856 -0.407392
vt 0.505596 -0.380155
vt 0.526912 -0.405672
vt 0.496323 -0.370027
vt 0.522732 -0.398014
vt 0.503762 -0.368709
vt 0.515414 -0.388782
vt 0.511103 -0.376335
vt 0.496670 -0.917053
vt 0.504943 -0.916677
vt 0.617415 -0.905795
vt 0.641148 -0.870516
vt 0.614279 -0.872690
vt 0.644904 -0.877987
vt 0.615533 -0.876544
vt 0.501282 -0.876870
vt 0.499272 -0.887961
vt 0.616837 -0.886600
vt 0.494133 -0.906130
vt 0.617580 -0.898152
vt 0.656875 -0.907791
vt 0.650441 -0.890546
vt 0.655169 -0.902316
vt 0.853328 -0.884614
vt 0.852206 -0.883179
vt 0.847573 -0.884371
vt 0.846107 -0.882497
vt 0.841570 -0.884463
vt 0.839983 -0.882434
vt 0.817632 -0.884571
vt 0.818178 -0.882649
vt 0.812307 -0.885053
vt 0.812787 -0.883361
vt 0.806363 -0.884974
vt 0.805653 -0.883871
vt 0.807103 -0.887184
vt 0.806812 -0.890621
vt 0.806591 -0.892550
vt 0.855367 -0.889771
vt 0.856264 -0.886920
vt 0.859294 -0.888746
vt 0.859549 -0.886401
vt 0.857960 -0.885153
vt 0.807776 -0.892467
vt 0.813495 -0.892537
vt 0.818982 -0.893080
vt 0.851915 -0.890700
vt 0.857130 -0.890133
vt 0.860643 -0.889023
vt 0.861189 -0.887390
vt 0.860764 -0.885908
vt 0.857353 -0.884376
vt 0.861919 -0.887540
vt 0.858083 -0.884526
vt 0.853555 -0.883456
vt 0.031395 -0.376407
vt 0.039707 -0.379064
vt 0.032707 -0.375747
vt 0.041112 -0.378255
vt 0.040609 -0.379158
vt 0.043396 -0.378493
vt 0.029366 -0.375908
vt 0.030747 -0.375274
vt 0.033536 -0.374356
vt 0.035418 -0.374802
vt 0.044167 -0.377109
vt 0.046623 -0.376399
vt 0.046764 -0.377380
vt 0.047442 -0.376162
vt 0.049138 -0.376339
vt 0.049405 -0.375858
vt 0.039904 -0.373750
vt 0.037995 -0.373960
vt 0.038071 -0.373318
vt 0.036429 -0.373583
vt 0.025314 -0.369754
vt 0.024435 -0.369892
vt 0.035705 -0.373776
vt 0.024050 -0.369992
vt 0.022896 -0.370292
vt 0.021415 -0.370767
vt 0.020687 -0.371095
vt 0.037351 -0.374170
vt 0.855462 -0.883045
vt 0.853578 -0.883498
vt 0.857681 -0.883871
vt 0.855718 -0.884352
vt 0.860704 -0.884771
vt 0.858673 -0.885275
vt 0.868037 -0.879304
vt 0.869213 -0.879731
vt 0.870819 -0.880197
vt 0.872106 -0.880484
vt 0.863117 -0.885323
vt 0.861060 -0.885835
vt 0.849761 -0.887855
vt 0.846393 -0.886741
vt 0.844020 -0.885701
vt 0.843752 -0.885220
vt 0.853253 -0.883112
vt 0.855086 -0.882679
vt 0.867844 -0.879115
vt 0.868722 -0.879253
vt 0.869107 -0.879353
vt 0.870262 -0.879654
vt 0.871742 -0.880129
vt 0.872470 -0.880457
vt 0.863791 -0.885270
vt 0.861762 -0.885769
vt 0.852548 -0.888520
vt 0.853450 -0.888426
vt 0.040569 -0.378657
vt 0.044384 -0.377461
vt 0.031760 -0.374807
vt 0.041861 -0.378852
vt 0.045520 -0.377633
vt 0.038350 -0.379880
vt 0.037507 -0.379752
vt 0.028356 -0.375790
vt 0.028814 -0.374333
vt 0.030703 -0.373892
vt 0.033268 -0.374313
vt 0.046471 -0.376909
vt 0.031333 -0.373745
vt 0.033771 -0.374148
vt 0.047167 -0.376725
vt 0.047615 -0.376793
vt 0.034545 -0.374254
vt 0.031673 -0.373795
vt 0.013365 -0.369680
vt 0.013164 -0.369652
vt 0.012825 -0.369728
vt 0.011808 -0.369955
vt 0.025294 -0.375285
vt 0.025585 -0.376689
vt 0.036631 -0.380235
vt 0.009932 -0.370448
vt 0.022420 -0.376155
vt 0.024744 -0.377083
vt 0.008413 -0.370899
vt 0.021537 -0.376536
vt 0.007962 -0.371098
vt 0.854807 -0.889242
vt 0.856526 -0.889597
vt 0.868413 -0.886445
vt 0.858612 -0.883616
vt 0.860534 -0.884304
vt 0.863484 -0.883822
vt 0.861485 -0.883156
vt 0.880841 -0.879388
vt 0.879793 -0.879041
vt 0.879993 -0.879013
vt 0.880332 -0.879089
vt 0.881349 -0.879317
vt 0.882647 -0.879890
vt 0.883225 -0.879809
vt 0.884367 -0.880314
vt 0.884744 -0.880261
vt 0.885195 -0.880460
vt 0.870099 -0.885611
vt 0.871621 -0.885897
vt 0.866931 -0.886151
vt 0.851296 -0.888214
vt 0.866886 -0.884791
vt 0.863819 -0.885305
vt 0.847637 -0.886995
vt 0.845542 -0.886155
vt 0.857808 -0.882206
vt 0.846046 -0.884831
vt 0.860459 -0.882981
vt 0.849011 -0.885774
vt 0.863802 -0.883985
vt 0.852755 -0.886997
vt 0.855527 -0.887927
vt 0.866274 -0.884746
vt 0.869335 -0.884211
vt 0.866768 -0.883476
vt 0.863316 -0.882504
vt 0.860593 -0.881751
vt 0.857520 -0.881969
vt 0.845248 -0.884607
vt 0.845683 -0.884758
vt 0.846990 -0.885209
vt 0.850457 -0.886354
vt 0.854027 -0.887507
vt 0.856029 -0.888128
vt 0.866717 -0.884909
vt 0.869815 -0.884366
vt 0.882328 -0.878920
vt 0.882048 -0.878843
vt 0.880669 -0.878463
vt 0.878835 -0.877959
vt 0.877405 -0.877567
vt 0.859874 -0.881569
vt 0.877048 -0.877469
vt 0.003851 -0.370425
vt 0.019566 -0.375881
vt 0.004655 -0.370157
vt 0.021120 -0.375369
vt 0.006415 -0.369677
vt 0.023217 -0.376425
vt 0.024447 -0.374445
vt 0.008308 -0.369209
vt 0.024724 -0.375899
vt 0.036452 -0.379657
vt 0.027990 -0.373542
vt 0.009164 -0.369033
vt 0.027933 -0.374946
vt 0.038097 -0.379019
vt 0.037487 -0.379475
vt 0.040717 -0.378557
vt 0.044632 -0.377333
vt 0.041653 -0.377859
vt 0.045455 -0.376719
vt 0.047157 -0.376280
vt 0.032483 -0.373614
vt 0.031344 -0.374012
vt 0.029565 -0.373197
vt 0.047399 -0.376376
vt 0.047724 -0.376133
vt 0.032863 -0.373482
vt 0.030091 -0.373082
vt 0.009449 -0.368973
vt 0.855671 -0.888837
vt 0.856705 -0.889019
vt 0.869940 -0.885787
vt 0.869038 -0.885639
vt 0.873591 -0.885243
vt 0.872646 -0.885104
vt 0.889306 -0.879787
vt 0.888777 -0.879718
vt 0.888502 -0.879519
vt 0.887162 -0.879344
vt 0.886742 -0.879039
vt 0.885218 -0.878840
vt 0.884849 -0.878571
vt 0.883994 -0.878394
vt 0.883854 -0.878441
vt 0.883709 -0.878335
vt 0.863067 -0.882444
vt 0.863391 -0.882642
vt 0.865988 -0.883406
vt 0.869643 -0.884378
vt 0.860295 -0.882844
vt 0.860120 -0.883097
vt 0.862629 -0.883884
vt 0.866151 -0.884888
vt 0.852440 -0.887918
vt 0.845433 -0.885495
vt 0.845758 -0.885737
vt 0.848525 -0.886694
vt 0.034232 -0.369940
vt 0.034216 -0.370443
vt 0.037126 -0.370321
vt 0.037053 -0.370939
vt 0.039607 -0.370688
vt 0.039509 -0.371359
vt 0.036776 -0.371493
vt 0.039205 -0.371965
vt 0.038697 -0.372508
vt 0.040964 -0.372832
vt 0.041452 -0.372328
vt 0.041736 -0.371760
vt 0.041816 -0.371128
vt 0.041683 -0.371086
vt 0.039475 -0.370647
vt 0.036993 -0.370280
vt 0.034221 -0.369922
vt 0.034205 -0.370425
vt 0.033996 -0.370883
vt 0.033985 -0.370865
vt 0.033572 -0.371259
vt 0.036295 -0.371983
vt 0.033561 -0.371241
vt 0.013517 -0.368821
vt 0.028460 -0.373589
vt 0.015226 -0.368351
vt 0.031662 -0.372681
vt 0.015889 -0.368168
vt 0.011780 -0.369298
vt 0.025174 -0.374507
vt 0.028233 -0.375036
vt 0.031423 -0.374089
vt 0.034517 -0.373150
vt 0.032878 -0.372326
vt 0.016109 -0.368108
vt 0.015752 -0.368205
vt 0.014322 -0.368598
vt 0.012489 -0.369101
vt 0.011109 -0.369481
vt 0.010829 -0.369558
vt 0.023343 -0.375004
vt 0.026441 -0.375547
vt 0.037128 -0.378766
vt 0.039130 -0.378145
vt 0.042700 -0.376992
vt 0.046168 -0.375847
vt 0.035357 -0.372743
vt 0.033283 -0.372207
vt 0.035637 -0.372607
vt 0.047474 -0.375396
vt 0.047910 -0.375246
vt 0.013597 -0.370024
vt 0.011082 -0.369324
vt 0.013501 -0.370242
vt 0.010993 -0.369539
vt 0.008796 -0.368350
vt 0.008698 -0.368570
vt 0.006882 -0.367003
vt 0.006762 -0.367231
vt 0.006649 -0.367120
vt 0.006529 -0.367348
vt 0.006845 -0.367196
vt 0.006611 -0.367313
vt 0.008670 -0.368697
vt 0.008566 -0.368740
vt 0.010976 -0.369662
vt 0.010862 -0.369710
vt 0.013476 -0.370368
vt 0.013369 -0.370413
vt 0.007130 -0.366900
vt 0.006897 -0.367016
vt 0.009109 -0.368220
vt 0.008977 -0.368390
vt 0.011293 -0.369352
vt 0.013786 -0.370060
vt 0.011424 -0.369181
vt 0.013917 -0.369890
vt 0.852326 -0.882152
vt 0.854593 -0.881828
vt 0.851838 -0.881648
vt 0.854085 -0.881286
vt 0.851554 -0.881080
vt 0.853781 -0.880679
vt 0.856514 -0.880814
vt 0.856237 -0.880260
vt 0.858953 -0.879787
vt 0.858937 -0.879283
vt 0.856164 -0.879642
vt 0.853683 -0.880009
vt 0.851474 -0.880448
vt 0.851341 -0.880490
vt 0.851421 -0.881122
vt 0.851705 -0.881690
vt 0.852194 -0.882194
vt 0.854460 -0.881870
vt 0.856995 -0.881304
vt 0.856862 -0.881345
vt 0.859596 -0.880603
vt 0.859172 -0.880227
vt 0.859585 -0.880621
vt 0.886312 -0.876558
vt 0.886027 -0.876261
vt 0.884049 -0.877582
vt 0.886546 -0.876675
vt 0.886261 -0.876378
vt 0.879372 -0.879422
vt 0.879681 -0.879730
vt 0.879550 -0.879559
vt 0.879240 -0.879252
vt 0.882050 -0.878853
vt 0.881733 -0.878543
vt 0.884356 -0.877888
vt 0.886628 -0.876710
vt 0.886509 -0.876482
vt 0.884591 -0.878102
vt 0.884493 -0.877883
vt 0.886275 -0.876365
vt 0.884361 -0.877712
vt 0.882207 -0.878856
vt 0.882075 -0.878686
vt 0.879692 -0.879556
vt 0.879560 -0.879385
vt 0.879788 -0.879774
vt 0.879656 -0.879604
vt 0.882164 -0.878901
vt 0.884460 -0.877932
vt 0.886395 -0.876593
vt 0.882296 -0.879072
vt 0.873551 -0.879576
vt 0.873306 -0.879682
vt 0.871978 -0.880667
vt 0.871692 -0.880764
vt 0.870120 -0.881533
vt 0.869864 -0.881636
vt 0.871227 -0.880658
vt 0.872881 -0.879585
vt 0.872276 -0.879287
vt 0.874138 -0.878113
vt 0.874325 -0.878187
vt 0.874475 -0.878189
vt 0.874663 -0.878263
vt 0.874633 -0.878064
vt 0.874821 -0.878138
vt 0.873809 -0.877909
vt 0.873621 -0.877835
vt 0.872160 -0.879156
vt 0.870582 -0.880351
vt 0.869428 -0.881537
vt 0.870465 -0.880220
vt 0.868813 -0.881237
vt 0.868696 -0.881106
vt 0.008291 -0.370895
vt 0.005534 -0.370115
vt 0.007910 -0.371284
vt 0.005143 -0.370511
vt 0.002953 -0.369070
vt 0.002577 -0.369457
vt 0.000724 -0.367640
vt 0.000381 -0.368006
vt 0.000471 -0.367768
vt 0.000128 -0.368134
vt 0.000253 -0.368084
vt 0.002416 -0.369555
vt 0.004966 -0.370619
vt 0.007745 -0.371385
vt 0.007605 -0.371572
vt 0.007771 -0.371471
vt 0.008151 -0.371082
vt 0.000000 -0.368212
vt 0.000339 -0.367875
vt 0.000086 -0.368003
vt 0.002469 -0.369365
vt 0.002330 -0.369553
vt 0.002276 -0.369743
vt 0.004865 -0.370625
vt 0.004826 -0.370806
vt 0.007655 -0.371385
vt 0.007794 -0.371197
vt 0.005004 -0.370438
vt 0.493699 -0.414267
vt 0.526247 -0.410293
vt 0.470479 -0.415980
vt 0.529976 -0.411188
vt 0.473280 -0.413642
vt 0.517333 -0.408146
vt 0.470479 -0.413642
vt 0.487603 -0.392362
vt 0.462717 -0.413642
vt 0.456948 -0.392362
vt 0.451773 -0.413642
vt 0.424401 -0.392362
vt 0.440154 -0.413642
vt 0.379914 -0.408489
vt 0.430522 -0.413642
vt 0.368786 -0.412585
vt 0.425082 -0.413642
vt 0.400169 -0.412563
vt 0.406205 -0.413988
vt 0.430522 -0.415980
vt 0.884866 -0.880257
vt 0.885006 -0.880444
vt 0.887623 -0.879477
vt 0.893029 -0.877496
vt 0.892686 -0.877130
vt 0.890720 -0.879006
vt 0.890343 -0.878619
vt 0.892434 -0.877002
vt 0.890204 -0.878432
vt 0.887762 -0.879664
vt 0.888154 -0.880060
vt 0.885387 -0.880833
vt 0.885552 -0.880934
vt 0.888331 -0.880168
vt 0.890881 -0.879104
vt 0.893157 -0.877574
vt 0.885412 -0.880747
vt 0.888191 -0.879980
vt 0.885363 -0.880559
vt 0.888153 -0.879800
vt 0.890742 -0.878917
vt 0.890688 -0.878727
vt 0.892904 -0.877446
vt 0.892818 -0.877236
vt 0.893071 -0.877364
vt 0.012099 -0.371429
vt 0.009488 -0.370469
vt 0.011604 -0.371855
vt 0.008977 -0.370906
vt 0.007061 -0.369282
vt 0.006573 -0.369704
vt 0.005010 -0.367757
vt 0.004573 -0.368146
vt 0.004747 -0.367864
vt 0.004310 -0.368253
vt 0.011446 -0.372028
vt 0.011940 -0.371602
vt 0.011196 -0.372188
vt 0.011354 -0.372016
vt 0.008709 -0.371078
vt 0.006329 -0.369861
vt 0.004379 -0.368270
vt 0.004116 -0.368377
vt 0.011347 -0.371911
vt 0.011189 -0.372083
vt 0.008551 -0.371250
vt 0.008527 -0.371156
vt 0.006171 -0.370033
vt 0.006170 -0.369924
vt 0.004165 -0.368236
vt 0.006328 -0.369752
vt 0.004428 -0.368129
vt 0.008685 -0.370983
vt 0.429409 -0.935448
vt 0.434382 -0.936270
vt 0.424374 -0.924235
vt 0.427614 -0.934383
vt 0.424374 -0.927869
vt 0.414791 -0.908605
vt 0.418055 -0.910162
vt 0.424374 -0.911002
vt 0.427099 -0.911363
vt 0.441396 -0.936659
vt 0.439850 -0.911932
vt 0.443002 -0.936630
vt 0.443192 -0.911885
vt 0.448841 -0.936526
vt 0.453388 -0.911739
vt 0.455014 -0.935903
vt 0.461367 -0.911091
vt 0.461367 -0.919305
vt 0.464612 -0.910828
vt 0.461367 -0.929053
vt 0.458500 -0.934931
vt 0.470949 -0.909407
vt 0.881059 -0.880791
vt 0.881217 -0.880963
vt 0.883669 -0.879831
vt 0.883827 -0.880003
vt 0.886096 -0.878644
vt 0.881711 -0.881389
vt 0.886254 -0.878816
vt 0.888410 -0.877225
vt 0.888147 -0.877118
vt 0.888847 -0.877615
vt 0.886742 -0.879238
vt 0.884339 -0.880440
vt 0.881961 -0.881550
vt 0.884606 -0.880612
vt 0.886987 -0.879395
vt 0.889041 -0.877739
vt 0.881803 -0.881378
vt 0.884448 -0.880439
vt 0.881810 -0.881273
vt 0.884472 -0.880345
vt 0.886829 -0.879223
vt 0.886829 -0.879113
vt 0.888778 -0.877632
vt 0.888729 -0.877491
vt 0.888992 -0.877598
vt 0.023729 -0.372176
vt 0.024345 -0.371875
vt 0.024461 -0.371744
vt 0.023294 -0.372274
vt 0.023846 -0.372045
vt 0.022692 -0.370858
vt 0.019968 -0.370189
vt 0.019722 -0.370083
vt 0.021296 -0.371175
vt 0.021582 -0.371271
vt 0.023154 -0.372040
vt 0.023410 -0.372143
vt 0.022047 -0.371166
vt 0.020393 -0.370093
vt 0.020997 -0.369794
vt 0.019536 -0.368473
vt 0.019020 -0.368751
vt 0.018682 -0.368828
vt 0.018524 -0.368703
vt 0.018336 -0.368776
vt 0.019606 -0.370214
vt 0.021179 -0.371306
vt 0.023037 -0.372171
vt 0.019348 -0.368547
vt 0.018832 -0.368825
vt 0.369784 -0.543726
vt 0.380058 -0.549679
vt 0.329554 -0.509362
vt 0.356428 -0.511628
vt 0.409015 -0.543726
vt 0.389956 -0.509362
vt 0.430693 -0.549679
vt 0.425679 -0.511628
vt 0.456336 -0.543726
vt 0.462815 -0.509362
vt 0.484453 -0.549679
vt 0.499204 -0.511628
vt 0.500907 -0.543726
vt 0.531439 -0.509362
vt 0.529022 -0.549679
vt 0.560158 -0.511628
vt 0.532517 -0.543726
vt 0.580108 -0.509362
vt 0.554189 -0.549679
vt 0.594578 -0.511628
vt 0.444332 -0.556887
vt 0.543925 -0.543726
vt 0.347632 -0.543726
vt 0.344147 -0.549679
vt 0.307314 -0.511628
vt 0.331187 -0.549679
vt 0.289589 -0.511628
vt 0.295446 -0.509362
vt 0.281787 -0.534890
vt 0.286578 -0.534890
vt 0.306561 -0.576762
vt 0.363181 -0.920550
vt 0.366911 -0.919655
vt 0.341138 -0.873605
vt 0.352958 -0.873605
vt 0.318352 -0.746855
vt 0.332782 -0.746855
vt 0.319428 -0.658175
vt 0.333777 -0.658175
vt 0.322342 -0.576762
vt 0.300405 -0.534890
vt 0.322718 -0.534890
vt 0.386717 -0.534890
vt 0.351995 -0.534890
vt 0.366069 -0.576762
vt 0.366975 -0.682341
vt 0.372767 -0.722732
vt 0.385711 -0.873605
vt 0.370845 -0.896592
vt 0.378754 -0.914260
vt 0.399458 -0.923629
vt 0.390085 -0.915827
vt 0.385566 -0.896078
vt 0.422679 -0.925341
vt 0.430440 -0.925341
vt 0.421459 -0.921649
vt 0.410844 -0.913629
vt 0.407290 -0.923115
vt 0.441384 -0.925341
vt 0.436210 -0.914074
vt 0.407904 -0.894612
vt 0.453003 -0.925341
vt 0.475316 -0.921710
vt 0.489493 -0.913720
vt 0.468756 -0.914074
vt 0.431893 -0.873605
vt 0.462635 -0.925341
vt 0.486952 -0.923349
vt 0.506529 -0.913841
vt 0.497031 -0.894673
vt 0.480925 -0.873605
vt 0.429146 -0.722732
vt 0.492988 -0.921925
vt 0.468075 -0.923003
vt 0.524371 -0.921946
vt 0.515266 -0.915211
vt 0.526835 -0.897225
vt 0.544527 -0.873605
vt 0.427725 -0.576762
vt 0.424739 -0.534890
vt 0.427917 -0.682341
vt 0.489005 -0.722732
vt 0.521573 -0.873605
vt 0.538629 -0.746855
vt 0.492620 -0.682341
vt 0.515577 -0.896312
vt 0.566651 -0.746855
vt 0.538460 -0.658175
vt 0.493185 -0.576762
vt 0.463916 -0.534890
vt 0.501971 -0.534890
vt 0.566324 -0.658175
vt 0.547454 -0.576762
vt 0.536627 -0.534890
vt 0.578098 -0.576762
vt 0.565998 -0.534890
vt 0.588195 -0.534890
vt 0.602153 -0.534890
vt 0.606806 -0.534890
vt 0.597673 -0.509362
vt 0.338968 -0.040317
vt 0.349232 -0.034364
vt 0.298579 -0.002266
vt 0.295484 0.000000
vt 0.286351 -0.025528
vt 0.327159 -0.025528
vt 0.356530 -0.025528
vt 0.332999 -0.002266
vt 0.361718 0.000000
vt 0.393953 -0.002266
vt 0.391186 -0.025528
vt 0.430342 0.000000
vt 0.429242 -0.025528
vt 0.467478 -0.002266
vt 0.399972 -0.067400
vt 0.345703 -0.067400
vt 0.304962 -0.025528
vt 0.313049 0.000000
vt 0.291004 -0.025528
vt 0.315059 -0.067400
vt 0.326834 -0.148813
vt 0.354697 -0.148813
vt 0.404041 -0.148813
vt 0.463561 -0.148813
vt 0.465432 -0.067400
vt 0.468418 -0.025528
vt 0.506440 -0.025528
vt 0.503201 0.000000
vt 0.536730 -0.002266
vt 0.563603 0.000000
vt 0.570439 -0.025528
vt 0.585844 -0.002266
vt 0.541162 -0.025528
vt 0.527088 -0.067400
vt 0.519622 -0.148813
vt 0.520390 -0.237493
vt 0.464011 -0.237493
vt 0.404153 -0.237493
vt 0.354528 -0.237493
vt 0.326507 -0.237493
vt 0.348630 -0.364243
vt 0.371584 -0.364243
vt 0.412233 -0.364243
vt 0.461264 -0.364243
vt 0.507447 -0.364243
vt 0.540199 -0.364243
vt 0.560375 -0.237493
vt 0.559381 -0.148813
vt 0.570815 -0.067400
vt 0.592752 -0.025528
vt 0.606579 -0.025528
vt 0.552020 -0.364243
vt 0.574806 -0.237493
vt 0.573729 -0.148813
vt 0.586596 -0.067400
vt 0.611371 -0.025528
vt 0.603568 -0.002266
vt 0.597711 0.000000
vt 0.549011 -0.040317
vt 0.545525 -0.034364
vt 0.448826 -0.047525
vt 0.561971 -0.040317
vt 0.392250 -0.034364
vt 0.408704 -0.040317
vt 0.436821 -0.034364
vt 0.462464 -0.040317
vt 0.484142 -0.034364
vt 0.513099 -0.040317
vt 0.523373 -0.034364
vt 0.360640 -0.034364
vt 0.364135 -0.040317
vt 0.431790 -0.418477
vt 0.434657 -0.424472
vt 0.431790 -0.405972
vt 0.468784 -0.418507
vt 0.478366 -0.399243
vt 0.475102 -0.397685
vt 0.468783 -0.412305
vt 0.468783 -0.396846
vt 0.463749 -0.423956
vt 0.466059 -0.396484
vt 0.458775 -0.423134
vt 0.453307 -0.395915
vt 0.451762 -0.422745
vt 0.439769 -0.396108
vt 0.444316 -0.422877
vt 0.428545 -0.397020
vt 0.422208 -0.398440
vt 0.422208 -0.400045
vt 0.431790 -0.419691
vt 0.434657 -0.425570
vt 0.438143 -0.423501
vt 0.438143 -0.426541
vt 0.444316 -0.427165
vt 0.450155 -0.427268
vt 0.451762 -0.427297
vt 0.458775 -0.426908
vt 0.463749 -0.426086
vt 0.465544 -0.425021
vt 0.849401 -0.378493
vt 0.852188 -0.379158
vt 0.851685 -0.378255
vt 0.853090 -0.379064
vt 0.846033 -0.377380
vt 0.848630 -0.377109
vt 0.857379 -0.374802
vt 0.860090 -0.375747
vt 0.861402 -0.376407
vt 0.863431 -0.375908
vt 0.862050 -0.375274
vt 0.859261 -0.374356
vt 0.857092 -0.373776
vt 0.855446 -0.374170
vt 0.846174 -0.376399
vt 0.845355 -0.376162
vt 0.843660 -0.376339
vt 0.843392 -0.375858
vt 0.852893 -0.373750
vt 0.854802 -0.373960
vt 0.854726 -0.373318
vt 0.856369 -0.373583
vt 0.867484 -0.369754
vt 0.868362 -0.369892
vt 0.868747 -0.369992
vt 0.869902 -0.370292
vt 0.871382 -0.370767
vt 0.872110 -0.371095
vt 0.029726 -0.885270
vt 0.030400 -0.885323
vt 0.021047 -0.880457
vt 0.021411 -0.880484
vt 0.021775 -0.880129
vt 0.023255 -0.879654
vt 0.022698 -0.880197
vt 0.032813 -0.884771
vt 0.034844 -0.885275
vt 0.032457 -0.885835
vt 0.031755 -0.885769
vt 0.040067 -0.888426
vt 0.040969 -0.888520
vt 0.043756 -0.887855
vt 0.047124 -0.886741
vt 0.037799 -0.884352
vt 0.035837 -0.883871
vt 0.024305 -0.879731
vt 0.024410 -0.879353
vt 0.025480 -0.879304
vt 0.024795 -0.879253
vt 0.025673 -0.879115
vt 0.038431 -0.882679
vt 0.038055 -0.883045
vt 0.040264 -0.883112
vt 0.039940 -0.883498
vt 0.049765 -0.885220
vt 0.049497 -0.885701
vt 0.022575 -0.880351
vt 0.022692 -0.880220
vt 0.020997 -0.879156
vt 0.020881 -0.879287
vt 0.019536 -0.877835
vt 0.019348 -0.877909
vt 0.020276 -0.879586
vt 0.018832 -0.878187
vt 0.019851 -0.879682
vt 0.021465 -0.880764
vt 0.021931 -0.880659
vt 0.024345 -0.881237
vt 0.024461 -0.881106
vt 0.023729 -0.881537
vt 0.023294 -0.881636
vt 0.023037 -0.881533
vt 0.021179 -0.880667
vt 0.019606 -0.879576
vt 0.018495 -0.878263
vt 0.018682 -0.878189
vt 0.019020 -0.878113
vt 0.018336 -0.878138
vt 0.018524 -0.878064
vt 0.872160 -0.369795
vt 0.870465 -0.370858
vt 0.871110 -0.371166
vt 0.869311 -0.372045
vt 0.869747 -0.372143
vt 0.873621 -0.368473
vt 0.872764 -0.370093
vt 0.871576 -0.371271
vt 0.870003 -0.372040
vt 0.868696 -0.371744
vt 0.873809 -0.368547
vt 0.874138 -0.368751
vt 0.873189 -0.370189
vt 0.871862 -0.371175
vt 0.871978 -0.371306
vt 0.870120 -0.372171
vt 0.869864 -0.372274
vt 0.869428 -0.372176
vt 0.868813 -0.371875
vt 0.874325 -0.368825
vt 0.874475 -0.368828
vt 0.873551 -0.370214
vt 0.874821 -0.368776
vt 0.873435 -0.370083
vt 0.874633 -0.368703
vt 0.852228 -0.378657
vt 0.855290 -0.379752
vt 0.864441 -0.375790
vt 0.861037 -0.374807
vt 0.863984 -0.374333
vt 0.862094 -0.373892
vt 0.879972 -0.369728
vt 0.879633 -0.369652
vt 0.861464 -0.373745
vt 0.879433 -0.369680
vt 0.861125 -0.373795
vt 0.859026 -0.374148
vt 0.859529 -0.374313
vt 0.845631 -0.376725
vt 0.846326 -0.376909
vt 0.848413 -0.377461
vt 0.858252 -0.374254
vt 0.845182 -0.376793
vt 0.847277 -0.377633
vt 0.850936 -0.378852
vt 0.854447 -0.379880
vt 0.856166 -0.380235
vt 0.867212 -0.376689
vt 0.867504 -0.375285
vt 0.880989 -0.369955
vt 0.868053 -0.377083
vt 0.870378 -0.376155
vt 0.882865 -0.370448
vt 0.871261 -0.376536
vt 0.884384 -0.370899
vt 0.884835 -0.371098
vt 0.013524 -0.879013
vt 0.013185 -0.879089
vt 0.013725 -0.879041
vt 0.032033 -0.883156
vt 0.012676 -0.879388
vt 0.012168 -0.879317
vt 0.034905 -0.883616
vt 0.030033 -0.883822
vt 0.010870 -0.879890
vt 0.010292 -0.879809
vt 0.036991 -0.889597
vt 0.038710 -0.889242
vt 0.025104 -0.886445
vt 0.026586 -0.886151
vt 0.042221 -0.888214
vt 0.029698 -0.885305
vt 0.045880 -0.886995
vt 0.032983 -0.884304
vt 0.047975 -0.886155
vt 0.026631 -0.884791
vt 0.009150 -0.880314
vt 0.008773 -0.880261
vt 0.008322 -0.880460
vt 0.021896 -0.885897
vt 0.023418 -0.885611
vt 0.888778 -0.368270
vt 0.888584 -0.368146
vt 0.886829 -0.369861
vt 0.886584 -0.369704
vt 0.884448 -0.371078
vt 0.884180 -0.370906
vt 0.881803 -0.372016
vt 0.886096 -0.369282
vt 0.888147 -0.367757
vt 0.888410 -0.367864
vt 0.888847 -0.368253
vt 0.889041 -0.368377
vt 0.881217 -0.371602
vt 0.881711 -0.372028
vt 0.881059 -0.371429
vt 0.881553 -0.371855
vt 0.883669 -0.370469
vt 0.881961 -0.372188
vt 0.881968 -0.372083
vt 0.884606 -0.371250
vt 0.884630 -0.371156
vt 0.886987 -0.370033
vt 0.886987 -0.369924
vt 0.888992 -0.368236
vt 0.886829 -0.369752
vt 0.888729 -0.368129
vt 0.881810 -0.371911
vt 0.884472 -0.370984
vt 0.011940 -0.880964
vt 0.009330 -0.880003
vt 0.011446 -0.881389
vt 0.008819 -0.880440
vt 0.011196 -0.881550
vt 0.006903 -0.878816
vt 0.012099 -0.880791
vt 0.009488 -0.879831
vt 0.007061 -0.878644
vt 0.005010 -0.877119
vt 0.004747 -0.877226
vt 0.006415 -0.879238
vt 0.008551 -0.880612
vt 0.004310 -0.877615
vt 0.006171 -0.879395
vt 0.004116 -0.877739
vt 0.004165 -0.877598
vt 0.004428 -0.877491
vt 0.004379 -0.877632
vt 0.006328 -0.879114
vt 0.006329 -0.879223
vt 0.008685 -0.880345
vt 0.008709 -0.880439
vt 0.011347 -0.881273
vt 0.011354 -0.881378
vt 0.860314 -0.373614
vt 0.861454 -0.374012
vt 0.863232 -0.373197
vt 0.864807 -0.373542
vt 0.864864 -0.374946
vt 0.845641 -0.376280
vt 0.847343 -0.376719
vt 0.851145 -0.377859
vt 0.854700 -0.379019
vt 0.868073 -0.375899
vt 0.868350 -0.374445
vt 0.884489 -0.369209
vt 0.883634 -0.369033
vt 0.883349 -0.368973
vt 0.862707 -0.373082
vt 0.859935 -0.373482
vt 0.845073 -0.376133
vt 0.845398 -0.376376
vt 0.848166 -0.377333
vt 0.852080 -0.378557
vt 0.855311 -0.379475
vt 0.856345 -0.379657
vt 0.869580 -0.376425
vt 0.871677 -0.375369
vt 0.886382 -0.369677
vt 0.873231 -0.375881
vt 0.888143 -0.370157
vt 0.888946 -0.370425
vt 0.027529 -0.883406
vt 0.008299 -0.878840
vt 0.006355 -0.879344
vt 0.030126 -0.882642
vt 0.009663 -0.878441
vt 0.033397 -0.883097
vt 0.030888 -0.883884
vt 0.023874 -0.884378
vt 0.004741 -0.879718
vt 0.005015 -0.879519
vt 0.006775 -0.879039
vt 0.008668 -0.878571
vt 0.009523 -0.878394
vt 0.009809 -0.878335
vt 0.030450 -0.882444
vt 0.033223 -0.882844
vt 0.048084 -0.885495
vt 0.047759 -0.885737
vt 0.044992 -0.886694
vt 0.027366 -0.884888
vt 0.020871 -0.885104
vt 0.004211 -0.879787
vt 0.019926 -0.885243
vt 0.024479 -0.885639
vt 0.041077 -0.887918
vt 0.023577 -0.885787
vt 0.037846 -0.888837
vt 0.036812 -0.889019
vt 0.844888 -0.375246
vt 0.845323 -0.375396
vt 0.857160 -0.372607
vt 0.857440 -0.372743
vt 0.859514 -0.372207
vt 0.859919 -0.372326
vt 0.876688 -0.368108
vt 0.876909 -0.368168
vt 0.877045 -0.368205
vt 0.877571 -0.368351
vt 0.878475 -0.368598
vt 0.879281 -0.368821
vt 0.880309 -0.369101
vt 0.881017 -0.369298
vt 0.881688 -0.369481
vt 0.881968 -0.369558
vt 0.869455 -0.375004
vt 0.867623 -0.374507
vt 0.864337 -0.373589
vt 0.861135 -0.372681
vt 0.846630 -0.375847
vt 0.858280 -0.373150
vt 0.861374 -0.374089
vt 0.864564 -0.375036
vt 0.866357 -0.375547
vt 0.850097 -0.376992
vt 0.853667 -0.378145
vt 0.855669 -0.378766
vt 0.024182 -0.884211
vt 0.011469 -0.878843
vt 0.011189 -0.878920
vt 0.023703 -0.884366
vt 0.027244 -0.884746
vt 0.026801 -0.884909
vt 0.037990 -0.887927
vt 0.037488 -0.888128
vt 0.039490 -0.887507
vt 0.040762 -0.886997
vt 0.043060 -0.886354
vt 0.044506 -0.885774
vt 0.046527 -0.885209
vt 0.047471 -0.884831
vt 0.047834 -0.884758
vt 0.048269 -0.884607
vt 0.035709 -0.882206
vt 0.035997 -0.881969
vt 0.032924 -0.881751
vt 0.030201 -0.882504
vt 0.029715 -0.883985
vt 0.033058 -0.882981
vt 0.026749 -0.883476
vt 0.033643 -0.881569
vt 0.016469 -0.877469
vt 0.016112 -0.877567
vt 0.014682 -0.877959
vt 0.012849 -0.878463
vt 0.010951 -0.878856
vt 0.010862 -0.879072
vt 0.013369 -0.879774
vt 0.013465 -0.879556
vt 0.011082 -0.878686
vt 0.006649 -0.876482
vt 0.006529 -0.876710
vt 0.008566 -0.878102
vt 0.008665 -0.877883
vt 0.008796 -0.877712
vt 0.006882 -0.876365
vt 0.886546 -0.367313
vt 0.886628 -0.367348
vt 0.886312 -0.367196
vt 0.886395 -0.367231
vt 0.886509 -0.367120
vt 0.886275 -0.367003
vt 0.884460 -0.368570
vt 0.884361 -0.368350
vt 0.882164 -0.369539
vt 0.882075 -0.369324
vt 0.879656 -0.370242
vt 0.879788 -0.370413
vt 0.882296 -0.369710
vt 0.879681 -0.370368
vt 0.882182 -0.369662
vt 0.884591 -0.368740
vt 0.884487 -0.368697
vt 0.884180 -0.368390
vt 0.886261 -0.367016
vt 0.884049 -0.368220
vt 0.886027 -0.366900
vt 0.881865 -0.369352
vt 0.881733 -0.369181
vt 0.879240 -0.369890
vt 0.879372 -0.370060
vt 0.006897 -0.876378
vt 0.006611 -0.876675
vt 0.007130 -0.876261
vt 0.006845 -0.876558
vt 0.009109 -0.877582
vt 0.008802 -0.877888
vt 0.006762 -0.876593
vt 0.008698 -0.877932
vt 0.011107 -0.878853
vt 0.010993 -0.878901
vt 0.013608 -0.879559
vt 0.013501 -0.879604
vt 0.011424 -0.878543
vt 0.013917 -0.879252
vt 0.008151 -0.880444
vt 0.008291 -0.880257
vt 0.005534 -0.879477
vt 0.000471 -0.877130
vt 0.002814 -0.878619
vt 0.000724 -0.877002
vt 0.002953 -0.878432
vt 0.005395 -0.879664
vt 0.002437 -0.879006
vt 0.002276 -0.879104
vt 0.004826 -0.880168
vt 0.007771 -0.880833
vt 0.005003 -0.880060
vt 0.007605 -0.880934
vt 0.000128 -0.877496
vt 0.000000 -0.877574
vt 0.000086 -0.877364
vt 0.000339 -0.877236
vt 0.000253 -0.877446
vt 0.002469 -0.878727
vt 0.002416 -0.878917
vt 0.005004 -0.879800
vt 0.004966 -0.879980
vt 0.007794 -0.880559
vt 0.007745 -0.880747
vt 0.893029 -0.368134
vt 0.892686 -0.367768
vt 0.892776 -0.368006
vt 0.892434 -0.367640
vt 0.890580 -0.369457
vt 0.890204 -0.369070
vt 0.888015 -0.370511
vt 0.893157 -0.368212
vt 0.892904 -0.368084
vt 0.890742 -0.369555
vt 0.888191 -0.370619
vt 0.885412 -0.371385
vt 0.885247 -0.371284
vt 0.887623 -0.370115
vt 0.884866 -0.370895
vt 0.885552 -0.371572
vt 0.888331 -0.370806
vt 0.885502 -0.371385
vt 0.885006 -0.371082
vt 0.885387 -0.371471
vt 0.885363 -0.371197
vt 0.888293 -0.370625
vt 0.890881 -0.369743
vt 0.890828 -0.369553
vt 0.893071 -0.368003
vt 0.890688 -0.369365
vt 0.892818 -0.367875
vt 0.888153 -0.370438
vt 0.859585 -0.371259
vt 0.859596 -0.371241
vt 0.859172 -0.370865
vt 0.852194 -0.372832
vt 0.854460 -0.372508
vt 0.851705 -0.372328
vt 0.853952 -0.371965
vt 0.851421 -0.371760
vt 0.853649 -0.371359
vt 0.851341 -0.371128
vt 0.853550 -0.370688
vt 0.851474 -0.371086
vt 0.853683 -0.370647
vt 0.856031 -0.370321
vt 0.856164 -0.370280
vt 0.858925 -0.369940
vt 0.858937 -0.369922
vt 0.858941 -0.370443
vt 0.858953 -0.370425
vt 0.859161 -0.370883
vt 0.856381 -0.371493
vt 0.856862 -0.371983
vt 0.856104 -0.370939
vt 0.841531 -0.373464
vt 0.839623 -0.373073
vt 0.817818 -0.373287
vt 0.845747 -0.373135
vt 0.845816 -0.373488
vt 0.847510 -0.373497
vt 0.853195 -0.374094
vt 0.851846 -0.373817
vt 0.613919 -0.363328
vt 0.613301 -0.367479
vt 0.640788 -0.361154
vt 0.640571 -0.362266
vt 0.805293 -0.374510
vt 0.613609 -0.377692
vt 0.614698 -0.389190
vt 0.643995 -0.371442
vt 0.805233 -0.375544
vt 0.813115 -0.374996
vt 0.812428 -0.374000
vt 0.818599 -0.374420
vt 0.845816 -0.376048
vt 0.851469 -0.375884
vt 0.856225 -0.375921
vt 0.859363 -0.376153
vt 0.857723 -0.375165
vt 0.616059 -0.396591
vt 0.649457 -0.384387
vt 0.805864 -0.378867
vt 0.813607 -0.378096
vt 0.819158 -0.377944
vt 0.860952 -0.377401
vt 0.859161 -0.378227
vt 0.855304 -0.378897
vt 0.849968 -0.379309
vt 0.819168 -0.381796
vt 0.813615 -0.381484
vt 0.807129 -0.382644
vt 0.654401 -0.395045
vt 0.617055 -0.396433
vt 0.860404 -0.376546
vt 0.861559 -0.378178
vt 0.860283 -0.379662
vt 0.856770 -0.380771
vt 0.851555 -0.381338
vt 0.818622 -0.383718
vt 0.813135 -0.383175
vt 0.807416 -0.383105
vt 0.656515 -0.398429
vt 0.806232 -0.383188
vt 0.033572 -0.880621
vt 0.036295 -0.881345
vt 0.033561 -0.880603
vt 0.036162 -0.881304
vt 0.038697 -0.881870
vt 0.038565 -0.881828
vt 0.040964 -0.882194
vt 0.040831 -0.882152
vt 0.041452 -0.881690
vt 0.041319 -0.881648
vt 0.041736 -0.881122
vt 0.041603 -0.881080
vt 0.041816 -0.880490
vt 0.041683 -0.880448
vt 0.039376 -0.880679
vt 0.039475 -0.880009
vt 0.036921 -0.880260
vt 0.036993 -0.879642
vt 0.034205 -0.879787
vt 0.034221 -0.879283
vt 0.033985 -0.880227
vt 0.039072 -0.881286
vt 0.036644 -0.880814
vt 0.855327 -0.371706
vt 0.854645 -0.372132
vt 0.855627 -0.371858
vt 0.854430 -0.371252
vt 0.853314 -0.371565
vt 0.853124 -0.370790
vt 0.852396 -0.370994
vt 0.852321 -0.370689
vt 0.830464 -0.373026
vt 0.830588 -0.372227
vt 0.827232 -0.373716
vt 0.827712 -0.372849
vt 0.832645 -0.374435
vt 0.829332 -0.375141
vt 0.833029 -0.376456
vt 0.836110 -0.375795
vt 0.856155 -0.372324
vt 0.855768 -0.372432
vt 0.839239 -0.376469
vt 0.836595 -0.377046
vt 0.834735 -0.379240
vt 0.828070 -0.379654
vt 0.821214 -0.379309
vt 0.817376 -0.378367
vt 0.818351 -0.377268
vt 0.838092 -0.378262
vt 0.838359 -0.376636
vt 0.075782 -0.887728
vt 0.074806 -0.886630
vt 0.071943 -0.888671
vt 0.069474 -0.885889
vt 0.065087 -0.889016
vt 0.062279 -0.885853
vt 0.058422 -0.888602
vt 0.055660 -0.884778
vt 0.053684 -0.884331
vt 0.052590 -0.885505
vt 0.056431 -0.884414
vt 0.058011 -0.886367
vt 0.058745 -0.883320
vt 0.062610 -0.882307
vt 0.065446 -0.882211
vt 0.060198 -0.881775
vt 0.062569 -0.881589
vt 0.056689 -0.882857
vt 0.054436 -0.883962
vt 0.056589 -0.886538
vt 0.054798 -0.885997
vt 0.053918 -0.885831
vt 0.037390 -0.881794
vt 0.037002 -0.881686
vt 0.037530 -0.881220
vt 0.037830 -0.881068
vt 0.038728 -0.880614
vt 0.040033 -0.880152
vt 0.040837 -0.880051
vt 0.056562 -0.886408
vt 0.055065 -0.887624
vt 0.443540 -0.920573
vt 0.446785 -0.923277
vt 0.445231 -0.920998
vt 0.366245 -0.915033
vt 0.370302 -0.916753
vt 0.276102 -0.905795
vt 0.275937 -0.898152
vt 0.379070 -0.907172
vt 0.276680 -0.886600
vt 0.387561 -0.889517
vt 0.277984 -0.876544
vt 0.396834 -0.879389
vt 0.279238 -0.872690
vt 0.047410 -0.882497
vt 0.045944 -0.884371
vt 0.051947 -0.884463
vt 0.053534 -0.882434
vt 0.075885 -0.884571
vt 0.075339 -0.882649
vt 0.081210 -0.885053
vt 0.080730 -0.883361
vt 0.087155 -0.884974
vt 0.087864 -0.883871
vt 0.252369 -0.870516
vt 0.248613 -0.877987
vt 0.243076 -0.890546
vt 0.238349 -0.902316
vt 0.236642 -0.907791
vt 0.039962 -0.883456
vt 0.035434 -0.884526
vt 0.041311 -0.883179
vt 0.036164 -0.884376
vt 0.032753 -0.885908
vt 0.032328 -0.887390
vt 0.031598 -0.887540
vt 0.032874 -0.889023
vt 0.080709 -0.891541
vt 0.080022 -0.892537
vt 0.085741 -0.892467
vt 0.075316 -0.891947
vt 0.074535 -0.893080
vt 0.043510 -0.890308
vt 0.041602 -0.890700
vt 0.038150 -0.889771
vt 0.036387 -0.890133
vt 0.034223 -0.888746
vt 0.033968 -0.886401
vt 0.035557 -0.885153
vt 0.040189 -0.884614
vt 0.086414 -0.887184
vt 0.081201 -0.888440
vt 0.081081 -0.890166
vt 0.075451 -0.889885
vt 0.045116 -0.889340
vt 0.042108 -0.887385
vt 0.037253 -0.886920
vt 0.075875 -0.888423
vt 0.047795 -0.887725
vt 0.086705 -0.890621
vt 0.086926 -0.892550
vt 0.430825 -0.947716
vt 0.432302 -0.947451
vt 0.429152 -0.947716
vt 0.430853 -0.947411
vt 0.452962 -0.952556
vt 0.452962 -0.947438
vt 0.451478 -0.952290
vt 0.451478 -0.947172
vt 0.452962 -0.947407
vt 0.454634 -0.947441
vt 0.454499 -0.947414
vt 0.452927 -0.947101
vt 0.451478 -0.947141
vt 0.451071 -0.947152
vt 0.447426 -0.947251
vt 0.447426 -0.952095
vt 0.441890 -0.952024
vt 0.441890 -0.946908
vt 0.436354 -0.952095
vt 0.436354 -0.947342
vt 0.432302 -0.952290
vt 0.430819 -0.952556
vt 0.430819 -0.951509
vt 0.430819 -0.947717
vt 0.429146 -0.947717
vt 0.452458 -0.947109
vt 0.438523 -0.438079
vt 0.438523 -0.443195
vt 0.438658 -0.438052
vt 0.440699 -0.437747
vt 0.440230 -0.437770
vt 0.444895 -0.437820
vt 0.440230 -0.437739
vt 0.440230 -0.442888
vt 0.440196 -0.443195
vt 0.441679 -0.442928
vt 0.444895 -0.442664
vt 0.445731 -0.442733
vt 0.451267 -0.442582
vt 0.451267 -0.442662
vt 0.457639 -0.442664
vt 0.456803 -0.442733
vt 0.462304 -0.442888
vt 0.460855 -0.442928
vt 0.464011 -0.443195
vt 0.462339 -0.443195
vt 0.464011 -0.442147
vt 0.464005 -0.438354
vt 0.462304 -0.438049
vt 0.464011 -0.438355
vt 0.402918 -0.956744
vt 0.400301 -0.959952
vt 0.403486 -0.956272
vt 0.402726 -0.961007
vt 0.399739 -0.963483
vt 0.401965 -0.965743
vt 0.399153 -0.967113
vt 0.398853 -0.968879
vt 0.401875 -0.966164
vt 0.398678 -0.969782
vt 0.400307 -0.959301
vt 0.399856 -0.962100
vt 0.402027 -0.962436
vt 0.400876 -0.955802
vt 0.402512 -0.959430
vt 0.403216 -0.962085
vt 0.402896 -0.964093
vt 0.406193 -0.963046
vt 0.401633 -0.964911
vt 0.399488 -0.964411
vt 0.401245 -0.953583
vt 0.403123 -0.955666
vt 0.403611 -0.959635
vt 0.406404 -0.961725
vt 0.405808 -0.965516
vt 0.402311 -0.967848
vt 0.400910 -0.969568
vt 0.398811 -0.968782
vt 0.404119 -0.949802
vt 0.401797 -0.950407
vt 0.403886 -0.951111
vt 0.401583 -0.951597
vt 0.403520 -0.953269
vt 0.404109 -0.956563
vt 0.406663 -0.960113
vt 0.406147 -0.963430
vt 0.405737 -0.966043
vt 0.402203 -0.968649
vt 0.400772 -0.970603
vt 0.406994 -0.958383
vt 0.407439 -0.955564
vt 0.407511 -0.955082
vt 0.406677 -0.960323
vt 0.407021 -0.958137
vt 0.407530 -0.954901
vt 0.406505 -0.961180
vt 0.406991 -0.958092
vt 0.406091 -0.963857
vt 0.405843 -0.965475
vt 0.406147 -0.963578
vt 0.406018 -0.964432
vt 0.406356 -0.962342
vt 0.406584 -0.960858
vt 0.407048 -0.957882
vt 0.407403 -0.955624
vt 0.404929 -0.951712
vt 0.404735 -0.952811
vt 0.407205 -0.956797
vt 0.404435 -0.954594
vt 0.407075 -0.957628
vt 0.406611 -0.960603
vt 0.486480 -0.450961
vt 0.489525 -0.450592
vt 0.486163 -0.449021
vt 0.489043 -0.447643
vt 0.488958 -0.447105
vt 0.485718 -0.446203
vt 0.488367 -0.443359
vt 0.485646 -0.445721
vt 0.489144 -0.447089
vt 0.490630 -0.450633
vt 0.490014 -0.453661
vt 0.486801 -0.452980
vt 0.490527 -0.456839
vt 0.487139 -0.455070
vt 0.490794 -0.458424
vt 0.487314 -0.456113
vt 0.492194 -0.460232
vt 0.491869 -0.458313
vt 0.491240 -0.454414
vt 0.490638 -0.450633
vt 0.487420 -0.456681
vt 0.490954 -0.459287
vt 0.492386 -0.461241
vt 0.494479 -0.460420
vt 0.494305 -0.459517
vt 0.494004 -0.457751
vt 0.493418 -0.454121
vt 0.492857 -0.450590
vt 0.490240 -0.447382
vt 0.488598 -0.441777
vt 0.488258 -0.442626
vt 0.485627 -0.445539
vt 0.494347 -0.459420
vt 0.493669 -0.455049
vt 0.493302 -0.452738
vt 0.489671 -0.446910
vt 0.490431 -0.451646
vt 0.490550 -0.446323
vt 0.490915 -0.451084
vt 0.491192 -0.456381
vt 0.491282 -0.456802
vt 0.493423 -0.455834
vt 0.490321 -0.445808
vt 0.492522 -0.451916
vt 0.493302 -0.455306
vt 0.492850 -0.449940
vt 0.492281 -0.446440
vt 0.491913 -0.444222
vt 0.491575 -0.442235
vt 0.491360 -0.441045
vt 0.491400 -0.441419
vt 0.489901 -0.442401
vt 0.489078 -0.440815
vt 0.488228 -0.442350
vt 0.489038 -0.440440
vt 0.449541 -0.939353
vt 0.449541 -0.934285
vt 0.448378 -0.938779
vt 0.448378 -0.933711
vt 0.450852 -0.934318
vt 0.449513 -0.933625
vt 0.445202 -0.933593
vt 0.445858 -0.933443
vt 0.440864 -0.933170
vt 0.440864 -0.932997
vt 0.436525 -0.933683
vt 0.435870 -0.933533
vt 0.433350 -0.934018
vt 0.432214 -0.933931
vt 0.432187 -0.934592
vt 0.430876 -0.934592
vt 0.445202 -0.938359
vt 0.440864 -0.938205
vt 0.436525 -0.938359
vt 0.433350 -0.938779
vt 0.432187 -0.939353
vt 0.460943 -0.424569
vt 0.460943 -0.429330
vt 0.462281 -0.425230
vt 0.462281 -0.429991
vt 0.442306 -0.424956
vt 0.442306 -0.429991
vt 0.443644 -0.424263
vt 0.443644 -0.429330
vt 0.430583 -0.920106
vt 0.430860 -0.921115
vt 0.437537 -0.919298
vt 0.436312 -0.919807
vt 0.440237 -0.918657
vt 0.440846 -0.918731
vt 0.443169 -0.918966
vt 0.444637 -0.919250
vt 0.425159 -0.925652
vt 0.420985 -0.931210
vt 0.417798 -0.935455
vt 0.431136 -0.922123
vt 0.436360 -0.920792
vt 0.441371 -0.919535
vt 0.445894 -0.920082
vt 0.424513 -0.929088
vt 0.418816 -0.935207
vt 0.420481 -0.933413
vt 0.424560 -0.929385
vt 0.424610 -0.929678
vt 0.431412 -0.923132
vt 0.436419 -0.921993
vt 0.442064 -0.920598
vt 0.415246 -0.940642
vt 0.418799 -0.935440
vt 0.424311 -0.930237
vt 0.431689 -0.924140
vt 0.449111 -0.921892
vt 0.458968 -0.924946
vt 0.447571 -0.921192
vt 0.456517 -0.924183
vt 0.444462 -0.924331
vt 0.443282 -0.922464
vt 0.437485 -0.923302
vt 0.456173 -0.923824
vt 0.451945 -0.924568
vt 0.458874 -0.925020
vt 0.464662 -0.930624
vt 0.457597 -0.926159
vt 0.461740 -0.931018
vt 0.456994 -0.927478
vt 0.445946 -0.924515
vt 0.446025 -0.924564
vt 0.471486 -0.936838
vt 0.455908 -0.932183
vt 0.452028 -0.926493
vt 0.446168 -0.924631
vt 0.469837 -0.945233
vt 0.463413 -0.945466
vt 0.466585 -0.953688
vt 0.464833 -0.937891
vt 0.461216 -0.940339
vt 0.455126 -0.945631
vt 0.454708 -0.938167
vt 0.429973 -0.987360
vt 0.429839 -0.997666
vt 0.446394 -0.971800
vt 0.446123 -0.953980
vt 0.425805 -0.971713
vt 0.416631 -0.987047
vt 0.425659 -0.997344
vt 0.432168 -0.998149
vt 0.427732 -0.997624
vt 0.429878 -0.997912
vt 0.426104 -0.997420
vt 0.427725 -0.997637
vt 0.432144 -0.998213
vt 0.434371 -0.998486
vt 0.437256 -0.998865
vt 0.425565 -0.997064
vt 0.430794 -0.998016
s 1
f 2580/1/1 2578/2/2 2579/3/3
f 2579/3/3 2578/2/2 2577/4/4
f 2578/2/2 2576/5/5 2577/4/4
f 2577/4/4 2576/5/5 2575/6/6
f 2576/5/5 2572/7/7 2575/6/6
f 2575/6/6 2572/7/7 2573/8/8
f 2574/9/9 2573/8/8 2572/7/7
f 2565/10/10 2563/11/11 2571/12/12
f 2563/11/11 2562/13/13 2571/12/12
f 2571/12/12 2562/13/13 2570/14/14
f 2562/13/13 2561/15/15 2570/14/14
f 2570/14/14 2561/15/15 2569/16/16
f 2561/15/15 2560/17/17 2569/16/16
f 2569/16/16 2560/17/17 2568/18/18
f 2560/17/17 2559/19/19 2568/18/18
f 2568/18/18 2559/19/19 2567/20/20
f 2559/19/19 2557/21/21 2567/20/20
f 2566/22/22 2564/23/23 2565/10/10
f 2564/23/23 2563/11/11 2565/10/10
f 2564/23/23 2548/24/24 2563/11/11
f 2548/24/24 2546/25/25 2563/11/11
f 2563/11/11 2546/25/25 2562/13/13
f 2546/25/25 2544/26/26 2562/13/13
f 2562/13/13 2544/26/26 2561/15/15
f 2544/26/26 2541/27/27 2561/15/15
f 2561/15/15 2541/27/27 2560/17/17
f 2541/27/27 2549/28/28 2560/17/17
f 2560/17/17 2549/28/28 2559/19/19
f 2549/28/28 2551/29/29 2559/19/19
f 2559/19/19 2551/29/29 2557/21/21
f 2551/29/29 2558/30/30 2557/21/21
f 2556/31/31 2555/32/32 2547/33/33
f 2545/34/34 2547/33/33 2555/32/32
f 2554/35/35 2545/34/34 2555/32/32
f 2543/36/36 2545/34/34 2554/35/35
f 2553/37/37 2543/36/36 2554/35/35
f 2542/38/38 2543/36/36 2553/37/37
f 2552/39/39 2542/38/38 2553/37/37
f 2550/40/40 2542/38/38 2552/39/39
f 2550/40/40 2552/39/39 2551/29/29
f 2549/28/28 2550/40/40 2551/29/29
f 2542/38/38 2550/40/40 2549/28/28
f 2541/27/27 2542/38/38 2549/28/28
f 2548/24/24 2547/33/33 2546/25/25
f 2547/33/33 2545/34/34 2546/25/25
f 2546/25/25 2545/34/34 2544/26/26
f 2545/34/34 2543/36/36 2544/26/26
f 2544/26/26 2543/36/36 2541/27/27
f 2543/36/36 2542/38/38 2541/27/27
f 1722/41/41 2539/42/42 1724/43/43
f 1722/41/41 1720/44/44 2539/42/42
f 1720/44/44 2540/45/45 2539/42/42
f 1720/44/44 1717/46/46 2540/45/45
f 1717/46/46 1714/47/47 2540/45/45
f 2540/45/45 1714/47/47 1711/48/48
f 1709/49/49 2540/45/45 1711/48/48
f 2539/42/42 2540/45/45 1709/49/49
f 1707/50/50 2539/42/42 1709/49/49
f 1707/50/50 1724/43/43 2539/42/42
f 2538/51/51 2529/52/20 2537/53/52
f 2537/53/52 2529/52/20 2536/54/53
f 2529/52/20 2528/55/54 2536/54/53
f 2536/54/53 2528/55/54 2535/56/55
f 2528/55/54 2527/57/56 2535/56/55
f 2535/56/55 2527/57/56 2534/58/10
f 2527/57/56 2526/59/57 2534/58/10
f 2533/60/22 2534/58/10 2526/59/57
f 2526/59/57 2525/61/58 2533/60/22
f 2525/61/58 2532/62/59 2533/60/22
f 2525/61/58 2523/63/60 2532/62/59
f 2523/63/60 2530/64/61 2532/62/59
f 2523/63/60 2524/65/62 2530/64/61
f 2524/65/62 2531/66/33 2530/64/61
f 2529/52/20 2519/67/63 2528/55/54
f 2519/67/63 2517/68/64 2528/55/54
f 2528/55/54 2517/68/64 2527/57/56
f 2517/68/64 2516/69/65 2527/57/56
f 2527/57/56 2516/69/65 2526/59/57
f 2516/69/65 2525/61/58 2526/59/57
f 2516/69/65 2512/70/66 2525/61/58
f 2512/70/66 2523/63/60 2525/61/58
f 2512/70/66 2513/71/67 2523/63/60
f 2513/71/67 2524/65/62 2523/63/60
f 2522/72/68 2521/73/69 2518/74/70
f 2521/73/69 2520/75/71 2518/74/70
f 2518/74/70 2520/75/71 2515/76/72
f 2520/75/71 2514/77/73 2515/76/72
f 2519/67/63 2518/74/70 2517/68/64
f 2518/74/70 2515/76/72 2517/68/64
f 2517/68/64 2515/76/72 2516/69/65
f 2515/76/72 2512/70/66 2516/69/65
f 2515/76/72 2514/77/73 2512/70/66
f 2514/77/73 2513/71/67 2512/70/66
f 2511/78/74 2503/79/75 2510/80/76
f 2503/79/75 2504/81/77 2510/80/76
f 2504/81/77 2505/82/78 2510/80/76
f 2505/82/78 2506/83/79 2510/80/76
f 2509/84/80 2510/80/76 2506/83/79
f 2509/84/80 2506/83/79 2507/85/81
f 2463/86/82 2459/87/83 2492/88/84
f 2492/88/84 2459/87/83 2457/89/85
f 2499/90/86 2492/88/84 2457/89/85
f 2508/91/87 2499/90/86 2457/89/85
f 2500/92/88 2499/90/86 2508/91/87
f 2507/85/81 2500/92/88 2508/91/87
f 2506/83/79 2500/92/88 2507/85/81
f 2506/83/79 2495/93/89 2500/92/88
f 2505/82/78 2495/93/89 2506/83/79
f 2496/94/90 2495/93/89 2505/82/78
f 2504/81/77 2496/94/90 2505/82/78
f 2497/95/91 2496/94/90 2504/81/77
f 2503/79/75 2497/95/91 2504/81/77
f 2498/96/92 2497/95/91 2503/79/75
f 2502/97/93 2498/96/92 2503/79/75
f 2501/98/94 2498/96/92 2502/97/93
f 2501/98/94 2483/99/95 2498/96/92
f 2501/98/94 2482/100/96 2483/99/95
f 2495/93/89 2494/101/97 2500/92/88
f 2500/92/88 2494/101/97 2499/90/86
f 2494/101/97 2493/102/98 2499/90/86
f 2499/90/86 2493/102/98 2492/88/84
f 2498/96/92 2483/99/95 2497/95/91
f 2483/99/95 2481/103/99 2497/95/91
f 2497/95/91 2481/103/99 2496/94/90
f 2481/103/99 2479/104/100 2496/94/90
f 2496/94/90 2479/104/100 2495/93/89
f 2479/104/100 2477/105/101 2495/93/89
f 2495/93/89 2477/105/101 2494/101/97
f 2477/105/101 2475/106/102 2494/101/97
f 2494/101/97 2475/106/102 2493/102/98
f 2475/106/102 2472/107/103 2493/102/98
f 2493/102/98 2472/107/103 2470/108/104
f 2493/102/98 2470/108/104 2492/88/84
f 2470/108/104 2463/86/82 2492/88/84
f 2491/109/105 2490/110/106 2487/111/107
f 2490/110/106 2486/112/108 2487/111/107
f 2490/110/106 2489/113/109 2486/112/108
f 2489/113/109 2485/114/110 2486/112/108
f 2489/113/109 2488/4/111 2485/114/110
f 2488/4/111 2484/6/112 2485/114/110
f 2473/115/113 2487/111/107 2471/116/114
f 2487/111/107 2486/112/108 2471/116/114
f 2486/112/108 2469/117/115 2471/116/114
f 2486/112/108 2485/114/110 2469/117/115
f 2485/114/110 2468/118/116 2469/117/115
f 2485/114/110 2484/6/112 2468/118/116
f 2484/6/112 2467/8/117 2468/118/116
f 2483/99/95 2482/100/96 2481/103/99
f 2482/100/96 2480/119/118 2481/103/99
f 2481/103/99 2480/119/118 2479/104/100
f 2480/119/118 2478/120/119 2479/104/100
f 2479/104/100 2478/120/119 2477/105/101
f 2478/120/119 2476/121/120 2477/105/101
f 2477/105/101 2476/121/120 2475/106/102
f 2476/121/120 2474/122/121 2475/106/102
f 2475/106/102 2474/122/121 2472/107/103
f 2474/122/121 2473/115/113 2472/107/103
f 2472/107/103 2473/115/113 2471/116/114
f 2472/107/103 2471/116/114 2470/108/104
f 2471/116/114 2469/117/115 2470/108/104
f 2469/117/115 2463/86/82 2470/108/104
f 2469/117/115 2468/118/116 2463/86/82
f 2468/118/116 2462/123/122 2463/86/82
f 2468/118/116 2467/8/117 2462/123/122
f 2467/8/117 2464/9/123 2462/123/122
f 2465/7/124 2466/5/125 2461/124/126
f 2460/125/127 2465/7/124 2461/124/126
f 2464/9/123 2465/7/124 2460/125/127
f 2462/123/122 2464/9/123 2460/125/127
f 2462/123/122 2460/125/127 2459/87/83
f 2463/86/82 2462/123/122 2459/87/83
f 2460/125/127 2461/124/126 2458/126/128
f 2459/87/83 2460/125/127 2458/126/128
f 2459/87/83 2458/126/128 2457/89/85
f 2426/127/129 2455/128/130 2456/129/131
f 2455/128/130 2453/130/132 2456/129/131
f 2455/128/130 2454/131/133 2453/130/132
f 2454/131/133 2452/132/134 2453/130/132
f 2453/130/132 2452/132/134 2451/133/135
f 2452/132/134 2450/134/136 2451/133/135
f 2451/133/135 2450/134/136 2448/135/137
f 2450/134/136 2449/136/138 2448/135/137
f 2443/137/139 2442/138/140 2444/139/141
f 2442/138/140 2441/140/142 2444/139/141
f 2444/139/141 2441/140/142 2445/141/143
f 2441/140/142 2447/142/144 2445/141/143
f 2441/140/142 2440/143/145 2447/142/144
f 2447/142/144 2440/143/145 2445/141/143
f 2440/143/145 2431/144/146 2445/141/143
f 2446/145/147 2445/141/143 2431/144/146
f 2430/146/148 2446/145/147 2431/144/146
f 2445/141/143 2446/145/147 2430/146/148
f 2429/147/149 2445/141/143 2430/146/148
f 2444/139/141 2445/141/143 2429/147/149
f 2427/148/150 2444/139/141 2429/147/149
f 2443/137/139 2444/139/141 2427/148/150
f 2425/149/151 2443/137/139 2427/148/150
f 2442/138/140 2439/150/152 2441/140/142
f 2439/150/152 2438/151/153 2441/140/142
f 2441/140/142 2438/151/153 2440/143/145
f 2438/151/153 2432/152/154 2440/143/145
f 2440/143/145 2432/152/154 2431/144/146
f 2439/150/152 2437/153/155 2438/151/153
f 2437/153/155 2433/154/156 2438/151/153
f 2438/151/153 2433/154/156 2432/152/154
f 2437/153/155 2434/155/157 2433/154/156
f 2436/156/158 2402/157/159 2403/158/160
f 2435/159/161 2436/156/158 2403/158/160
f 2435/159/161 2403/158/160 2420/160/162
f 2434/155/157 2435/159/161 2420/160/162
f 2434/155/157 2420/160/162 2433/154/156
f 2433/154/156 2420/160/162 2418/161/163
f 2433/154/156 2418/161/163 2432/152/154
f 2432/152/154 2418/161/163 2416/162/164
f 2432/152/154 2416/162/164 2431/144/146
f 2414/163/165 2431/144/146 2416/162/164
f 2414/163/165 2430/146/148 2431/144/146
f 2413/164/166 2430/146/148 2414/163/165
f 2429/147/149 2430/146/148 2413/164/166
f 2428/165/167 2429/147/149 2413/164/166
f 2427/148/150 2429/147/149 2428/165/167
f 2424/166/168 2427/148/150 2428/165/167
f 2425/149/151 2427/148/150 2424/166/168
f 2426/127/169 2425/149/151 2424/166/168
f 2419/167/170 2421/168/171 2417/169/172
f 2422/170/165 2417/169/172 2421/168/171
f 2422/170/165 2415/171/165 2417/169/172
f 2423/172/165 2415/171/165 2422/170/165
f 2423/172/165 2412/173/165 2415/171/165
f 2409/174/165 2412/173/165 2423/172/165
f 2407/175/165 2409/174/165 2423/172/165
f 2407/175/165 2423/172/165 2406/176/165
f 2406/176/165 2423/172/165 2422/170/165
f 2406/176/165 2422/170/165 2405/177/173
f 2405/177/173 2422/170/165 2421/168/171
f 2401/178/174 2405/177/173 2421/168/171
f 2419/167/170 2401/178/174 2421/168/171
f 2403/158/160 2401/178/174 2419/167/170
f 2420/160/162 2403/158/160 2419/167/170
f 2420/160/162 2419/167/170 2418/161/163
f 2418/161/163 2419/167/170 2417/169/172
f 2418/161/163 2417/169/172 2416/162/164
f 2415/171/165 2416/162/164 2417/169/172
f 2415/171/165 2414/163/165 2416/162/164
f 2412/173/165 2414/163/165 2415/171/165
f 2412/173/165 2413/164/166 2414/163/165
f 2411/179/175 2413/164/166 2412/173/165
f 2409/174/165 2411/179/175 2412/173/165
f 2410/180/176 2411/179/175 2409/174/165
f 2408/181/177 2410/180/176 2409/174/165
f 2408/181/177 2409/174/165 2407/175/165
f 2399/182/178 2408/181/177 2407/175/165
f 2399/182/178 2407/175/165 2398/183/165
f 2398/183/165 2407/175/165 2406/176/165
f 2398/183/165 2406/176/165 2400/184/179
f 2400/184/179 2406/176/165 2405/177/173
f 2404/185/180 2400/184/179 2405/177/173
f 2401/178/174 2404/185/180 2405/177/173
f 2402/157/159 2404/185/180 2401/178/174
f 2403/158/160 2402/157/159 2401/178/174
f 2395/186/181 2398/183/165 2400/184/179
f 2396/187/182 2398/183/165 2395/186/181
f 2396/187/182 2399/182/178 2398/183/165
f 2397/188/183 2396/187/182 2395/186/181
f 2361/189/184 2391/190/185 2360/191/186
f 2391/190/185 2394/192/187 2360/191/186
f 2391/190/185 2389/193/188 2394/192/187
f 2389/193/188 2392/194/189 2394/192/187
f 2389/193/188 2390/195/190 2392/194/189
f 2390/195/190 2393/196/191 2392/194/189
f 2365/197/192 2388/198/133 2363/199/193
f 2388/198/133 2387/200/194 2363/199/193
f 2363/199/193 2387/200/194 2361/189/184
f 2387/200/194 2391/190/185 2361/189/184
f 2387/200/194 2384/201/195 2391/190/185
f 2384/201/195 2389/193/188 2391/190/185
f 2384/201/195 2385/202/196 2389/193/188
f 2385/202/196 2390/195/190 2389/193/188
f 2388/198/133 2386/203/197 2387/200/194
f 2386/203/197 2384/201/195 2387/200/194
f 2386/203/197 2358/204/198 2384/201/195
f 2358/204/198 2385/202/196 2384/201/195
f 2378/205/199 2377/206/200 2379/207/201
f 2373/208/202 2371/209/203 2383/210/204
f 2371/209/203 2376/211/205 2383/210/204
f 2383/210/204 2376/211/205 2382/212/206
f 2376/211/205 2381/213/207 2382/212/206
f 2376/211/205 2375/214/208 2381/213/207
f 2375/214/208 2380/215/209 2381/213/207
f 2380/215/209 2375/214/208 2377/206/200
f 2375/214/208 2379/207/201 2377/206/200
f 2367/216/210 2379/207/201 2375/214/208
f 2367/216/210 2378/205/199 2379/207/201
f 2367/216/210 2364/217/211 2378/205/199
f 2364/217/211 2362/218/212 2378/205/199
f 2378/205/199 2362/218/212 2377/206/200
f 2362/218/212 2359/219/178 2377/206/200
f 2371/209/203 2369/220/213 2376/211/205
f 2369/220/213 2375/214/208 2376/211/205
f 2369/220/213 2367/216/210 2375/214/208
f 2374/221/214 2368/222/215 2372/223/216
f 2368/222/215 2370/224/217 2372/223/216
f 2348/225/218 2351/226/219 2347/227/220
f 2351/226/219 2374/221/214 2347/227/220
f 2347/227/220 2374/221/214 2346/228/221
f 2374/221/214 2372/223/216 2346/228/221
f 2346/228/221 2372/223/216 2373/208/202
f 2372/223/216 2371/209/203 2373/208/202
f 2372/223/216 2370/224/217 2371/209/203
f 2370/224/217 2369/220/213 2371/209/203
f 2370/224/217 2368/222/215 2369/220/213
f 2368/222/215 2367/216/210 2369/220/213
f 2368/222/215 2366/229/136 2367/216/210
f 2366/229/136 2364/217/211 2367/216/210
f 2366/229/136 2365/197/192 2364/217/211
f 2365/197/192 2363/199/193 2364/217/211
f 2364/217/211 2363/199/193 2362/218/212
f 2363/199/193 2361/189/184 2362/218/212
f 2362/218/212 2361/189/184 2359/219/178
f 2361/189/184 2360/191/186 2359/219/178
f 2356/230/222 2358/204/223 2354/231/224
f 2358/204/223 2353/232/225 2354/231/224
f 2357/233/226 2356/230/222 2355/234/227
f 2356/230/222 2354/231/224 2355/234/227
f 2355/234/227 2354/231/224 2350/235/228
f 2354/231/224 2349/236/229 2350/235/228
f 2354/231/224 2353/232/225 2349/236/229
f 2353/232/225 2348/225/218 2349/236/229
f 2353/232/225 2352/237/230 2348/225/218
f 2352/237/230 2351/226/219 2348/225/218
f 2350/235/228 2349/236/229 2345/238/231
f 2349/236/229 2344/239/232 2345/238/231
f 2349/236/229 2348/225/218 2344/239/232
f 2348/225/218 2347/227/220 2344/239/232
f 2344/239/232 2347/227/220 2343/240/233
f 2347/227/220 2346/228/221 2343/240/233
f 2345/238/231 2344/239/232 2342/241/234
f 2344/239/232 2343/240/233 2342/241/234
f 2341/242/235 2338/243/236 2339/244/237
f 2340/245/238 2339/244/237 2338/243/236
f 2337/246/239 2326/247/240 2336/248/241
f 2326/247/240 2335/249/242 2336/248/241
f 2335/249/242 2326/247/240 2328/250/243
f 2326/247/240 2327/251/244 2328/250/243
f 2331/252/245 2334/253/246 2333/254/247
f 2332/255/248 2331/252/245 2333/254/247
f 2331/252/245 2332/255/248 2330/256/249
f 2324/257/250 2331/252/245 2330/256/249
f 2321/258/251 2324/257/250 2330/256/249
f 2329/259/252 2321/258/251 2330/256/249
f 2321/258/251 2329/259/252 2328/250/243
f 2327/251/244 2321/258/251 2328/250/243
f 2321/258/251 2327/251/244 2320/260/253
f 2327/251/244 2326/247/240 2320/260/253
f 2326/247/240 2325/261/254 2320/260/253
f 2324/257/250 2321/258/251 2323/262/255
f 2321/258/251 2322/263/256 2323/262/255
f 2322/263/256 2321/258/251 2320/260/253
f 2178/264/257 2195/265/258 2190/266/259
f 2179/267/260 2195/265/258 2178/264/257
f 2195/265/258 2179/267/260 2173/268/261
f 2316/269/262 2195/265/258 2173/268/261
f 2206/270/263 2195/265/258 2316/269/262
f 2206/270/263 2316/269/262 2317/271/264
f 2206/270/263 2317/271/264 2207/272/265
f 2317/271/264 2318/273/266 2207/272/265
f 2318/273/266 2319/274/267 2207/272/265
f 2318/273/266 2317/271/264 2316/269/262
f 74/275/268 2285/276/237 72/277/269
f 2285/276/237 2312/278/270 72/277/269
f 2281/279/271 2312/278/270 2285/276/237
f 2281/279/271 2313/280/272 2312/278/270
f 2282/281/273 2313/280/272 2281/279/271
f 2302/282/274 2313/280/272 2282/281/273
f 2302/282/274 2314/283/275 2313/280/272
f 2303/284/276 2314/283/275 2302/282/274
f 2303/284/276 2315/285/277 2314/283/275
f 2315/285/277 2303/284/276 2304/286/278
f 2306/287/279 2315/285/277 2304/286/278
f 2305/288/280 2306/287/279 2304/286/278
f 2306/287/279 2314/283/275 2315/285/277
f 2306/287/279 2311/289/281 2314/283/275
f 2314/283/275 2311/289/281 2313/280/272
f 2313/280/272 2311/289/281 2312/278/270
f 2311/289/281 72/277/269 2312/278/270
f 2310/290/282 72/277/269 2311/289/281
f 73/291/283 72/277/269 2310/290/282
f 73/291/283 2310/290/282 2309/292/284
f 73/291/283 2309/292/284 2308/293/285
f 2306/287/279 2310/290/282 2311/289/281
f 2306/287/279 2309/292/284 2310/290/282
f 2309/292/284 2306/287/279 2308/293/285
f 2306/287/279 2307/294/286 2308/293/285
f 73/291/283 41/295/287 42/296/288
f 41/295/287 73/291/283 2308/293/285
f 43/297/289 41/295/287 2308/293/285
f 2307/294/286 43/297/289 2308/293/285
f 43/297/289 2307/294/286 38/298/290
f 2306/287/279 38/298/290 2307/294/286
f 2306/287/279 27/299/291 38/298/290
f 2306/287/279 2305/288/280 27/299/291
f 26/300/292 27/299/291 2305/288/280
f 26/300/292 2305/288/280 2304/286/278
f 25/301/293 26/300/292 2304/286/278
f 2303/284/276 25/301/293 2304/286/278
f 2303/284/276 24/302/294 25/301/293
f 2303/284/276 2302/282/274 24/302/294
f 24/302/294 2302/282/274 23/303/295
f 23/303/295 2302/282/274 2282/281/273
f 23/303/295 2282/281/273 22/304/296
f 22/304/296 2282/281/273 2283/305/297
f 2288/306/267 2286/307/298 2301/308/265
f 2286/307/298 2300/309/299 2301/308/265
f 2300/309/299 2286/307/298 2298/310/300
f 2286/307/298 2299/311/301 2298/310/300
f 2299/311/301 74/275/268 2298/310/300
f 74/275/268 2297/312/302 2298/310/300
f 2297/312/302 74/275/268 75/313/303
f 2292/314/304 2295/315/305 2287/316/306
f 2295/315/305 2284/317/271 2287/316/306
f 2295/315/305 2283/305/297 2284/317/271
f 2296/318/307 22/304/296 2283/305/297
f 2296/318/307 2283/305/297 2295/315/305
f 2278/319/308 2296/318/307 2295/315/305
f 2280/320/309 2278/319/308 2295/315/305
f 2280/320/309 2295/315/305 2292/314/304
f 2280/320/309 2292/314/304 2294/321/310
f 2293/322/311 2294/321/310 2292/314/304
f 2293/322/311 2292/314/304 2291/323/312
f 2292/314/304 2287/316/306 2291/323/312
f 2287/316/306 2290/324/313 2291/323/312
f 2289/325/266 2290/324/313 2287/316/306
f 2289/325/266 2287/316/306 2288/306/267
f 2286/307/298 2288/306/267 2287/316/306
f 2286/307/298 2287/316/306 2284/317/271
f 2286/307/298 2284/317/271 2285/276/237
f 2284/317/271 2281/279/271 2285/276/237
f 2283/305/297 2281/279/271 2284/317/271
f 2283/305/297 2282/281/273 2281/279/271
f 2280/320/309 2279/326/314 2278/319/308
f 2271/327/315 2277/328/316 2276/329/317
f 2269/330/318 2270/331/319 2272/332/320
f 2275/333/321 2269/330/318 2272/332/320
f 2269/330/318 2275/333/321 2268/334/322
f 2274/335/323 2268/334/322 2275/333/321
f 2274/335/323 2275/333/321 2272/332/320
f 2273/336/324 2274/335/323 2272/332/320
f 2271/327/325 2273/336/324 2272/332/320
f 2270/331/319 2271/327/325 2272/332/320
f 2271/327/325 2270/331/319 5/337/326
f 2269/330/318 5/337/326 2270/331/319
f 2269/330/318 2263/338/327 5/337/326
f 2269/330/318 2268/334/322 2263/338/327
f 2268/334/322 2262/339/328 2263/338/327
f 2261/340/329 2253/341/330 2267/342/331
f 2261/340/329 2267/342/331 2260/343/332
f 2260/343/332 2267/342/331 2266/344/333
f 2260/343/332 2266/344/333 2264/345/334
f 2264/345/334 2266/344/333 2265/346/335
f 2254/347/336 68/348/337 55/349/338
f 2250/350/339 2254/347/336 55/349/338
f 2250/350/339 55/349/338 53/351/340
f 2249/352/341 2250/350/339 53/351/340
f 2249/352/341 53/351/340 37/353/342
f 2249/352/341 37/353/342 2253/341/330
f 2253/341/330 37/353/342 34/354/343
f 2253/341/330 34/354/343 2267/342/331
f 2267/342/331 34/354/343 35/355/344
f 2267/342/331 35/355/344 2266/344/333
f 2266/344/333 35/355/344 36/356/345
f 2266/344/333 36/356/345 2265/346/335
f 2265/346/335 36/356/345 8/357/346
f 2265/346/335 8/357/346 5/337/326
f 2264/345/334 2265/346/335 5/337/326
f 2263/338/327 2264/345/334 5/337/326
f 2263/338/327 2260/343/332 2264/345/334
f 2262/339/328 2260/343/332 2263/338/327
f 2262/339/328 2261/340/329 2260/343/332
f 2258/358/347 2256/359/348 2259/360/349
f 2258/358/347 2257/361/350 2256/359/348
f 2255/362/351 2256/359/348 2257/361/350
f 2255/362/351 2251/363/348 2256/359/348
f 2255/362/351 2250/350/339 2251/363/348
f 2255/362/351 2254/347/336 2250/350/339
f 2252/364/348 2249/352/341 2253/341/330
f 2252/364/348 2251/363/348 2249/352/341
f 2251/363/348 2250/350/339 2249/352/341
f 2242/365/352 2248/366/353 2240/367/354
f 2241/368/355 2238/369/356 2243/370/357
f 2238/369/356 2247/371/358 2243/370/357
f 2247/371/358 2238/369/356 2237/372/359
f 2246/373/360 2242/365/352 2245/374/361
f 2242/365/352 2244/375/362 2245/374/361
f 2244/375/362 2242/365/352 2243/370/357
f 2242/365/352 2241/368/355 2243/370/357
f 2241/368/355 2242/365/352 2240/367/354
f 2238/369/356 2241/368/355 2240/367/354
f 2239/376/363 2238/369/356 2240/367/354
f 2238/369/356 2239/376/363 2230/377/364
f 2231/378/365 2238/369/356 2230/377/364
f 2238/369/356 2231/378/365 2237/372/359
f 2231/378/365 2232/379/366 2237/372/359
f 2232/379/366 2236/380/367 2237/372/359
f 2236/380/367 2232/379/366 2234/381/368
f 2232/379/366 2235/382/369 2234/381/368
f 2233/383/370 2232/379/366 2230/377/364
f 2232/379/366 2231/378/365 2230/377/364
f 2229/384/371 2226/385/372 2228/386/373
f 2227/387/374 2228/386/373 2226/385/372
f 2227/387/374 2226/385/372 2225/388/375
f 2079/389/376 2081/390/377 2098/391/378
f 2079/389/376 2098/391/378 2224/392/379
f 2197/393/380 2224/392/379 2098/391/378
f 2224/392/379 2197/393/380 2067/394/381
f 2079/389/376 2224/392/379 2067/394/381
f 2214/395/382 2215/396/383 2213/397/384
f 2215/396/383 2223/398/385 2213/397/384
f 2215/396/383 2216/399/386 2223/398/385
f 2222/400/387 2223/398/385 2216/399/386
f 2222/400/387 2216/399/386 2059/401/388
f 2222/400/387 2059/401/388 2060/402/389
f 2222/400/387 2060/402/389 2221/403/390
f 2061/404/391 2221/403/390 2060/402/389
f 2061/404/391 2220/405/392 2221/403/390
f 2220/405/392 2061/404/391 2062/406/393
f 2218/407/394 2220/405/392 2062/406/393
f 2070/408/395 2218/407/394 2062/406/393
f 2218/407/394 2070/408/395 2213/397/384
f 2070/408/395 2065/409/396 2213/397/384
f 2065/409/396 2217/410/397 2213/397/384
f 2217/410/397 2065/409/396 2067/394/381
f 2205/411/398 2217/410/397 2067/394/381
f 2204/412/399 2205/411/398 2067/394/381
f 2223/398/385 2222/400/387 2213/397/384
f 2222/400/387 2219/413/400 2213/397/384
f 2222/400/387 2221/403/390 2219/413/400
f 2218/407/394 2219/413/400 2221/403/390
f 2218/407/394 2221/403/390 2220/405/392
f 2219/413/400 2218/407/394 2213/397/384
f 2217/410/397 2205/411/398 2213/397/384
f 2215/396/383 2203/414/401 2216/399/386
f 2215/396/383 2214/395/382 2203/414/401
f 2205/411/398 2203/414/401 2214/395/382
f 2205/411/398 2214/395/382 2213/397/384
f 2212/415/402 2206/270/263 2211/416/403
f 2206/270/263 2210/417/404 2211/416/403
f 2210/417/404 2206/270/263 2209/418/405
f 2206/270/263 2208/419/299 2209/418/405
f 2208/419/299 2206/270/263 2207/272/265
f 2206/270/263 2196/420/406 2195/265/258
f 2199/421/407 2198/422/408 2196/420/406
f 2199/421/407 2196/420/406 2201/423/409
f 2200/424/410 2202/425/411 2067/394/381
f 2202/425/411 2204/412/399 2067/394/381
f 2205/411/398 2204/412/399 2203/414/401
f 2202/425/411 2203/414/401 2204/412/399
f 2202/425/411 2201/423/409 2203/414/401
f 2202/425/411 2200/424/410 2201/423/409
f 2199/421/407 2201/423/409 2200/424/410
f 2199/421/407 2200/424/410 2067/394/381
f 2198/422/408 2199/421/407 2067/394/381
f 2197/393/380 2198/422/408 2067/394/381
f 2197/393/380 2196/420/406 2198/422/408
f 2197/393/380 2098/391/378 2196/420/406
f 2195/265/258 2196/420/406 2098/391/378
f 2099/426/412 2195/265/258 2098/391/378
f 2099/426/412 2101/427/413 2195/265/258
f 2101/427/413 2190/266/259 2195/265/258
f 2102/428/414 2190/266/259 2101/427/413
f 2102/428/414 2110/429/415 2190/266/259
f 2192/430/416 2190/266/259 2110/429/415
f 2192/430/416 2110/429/415 2194/431/417
f 2133/432/418 2141/433/419 2131/434/420
f 2141/433/419 2165/435/421 2131/434/420
f 2165/435/421 2140/436/422 2131/434/420
f 2165/435/421 1880/437/423 2140/436/422
f 2139/438/424 2140/436/422 1880/437/423
f 2139/438/424 1880/437/423 1899/439/425
f 2139/438/424 1899/439/425 2108/440/426
f 1899/439/425 1898/441/427 2108/440/426
f 1898/441/427 2107/442/428 2108/440/426
f 1897/443/429 2107/442/428 1898/441/427
f 1897/443/429 2110/429/415 2107/442/428
f 1896/444/430 2110/429/415 1897/443/429
f 1896/444/430 2194/431/417 2110/429/415
f 2194/431/417 1896/444/430 1893/445/431
f 2192/430/416 2194/431/417 1893/445/431
f 2193/446/432 2192/430/416 1893/445/431
f 2192/430/416 2193/446/432 1796/447/433
f 2191/448/434 2192/430/416 1796/447/433
f 2188/449/435 2189/450/436 1796/447/433
f 2189/450/436 2191/448/434 1796/447/433
f 2192/430/416 2191/448/434 2190/266/259
f 2189/450/436 2190/266/259 2191/448/434
f 2189/450/436 2178/264/257 2190/266/259
f 2189/450/436 2188/449/435 2178/264/257
f 2177/451/437 2178/264/257 2188/449/435
f 2177/451/437 2188/449/435 1796/447/433
f 2176/452/438 2177/451/437 1796/447/433
f 1794/453/439 2176/452/438 1796/447/433
f 1794/453/439 2175/454/440 2176/452/438
f 1794/453/439 1790/455/441 2175/454/440
f 1790/455/441 2180/456/442 2175/454/440
f 2180/456/442 1790/455/441 1783/457/443
f 2187/458/444 2180/456/442 1783/457/443
f 2187/458/444 1783/457/443 1775/459/445
f 2186/460/446 2187/458/444 1775/459/445
f 1782/461/447 2186/460/446 1775/459/445
f 1756/462/448 2186/460/446 1782/461/447
f 1759/463/449 1756/462/448 1782/461/447
f 2181/464/450 2185/465/451 2182/466/452
f 2181/464/450 2180/456/442 2187/458/444
f 2181/464/450 2187/458/444 2186/460/446
f 2181/464/450 2186/460/446 2185/465/451
f 2184/467/309 2185/465/451 2186/460/446
f 2185/465/451 2184/467/309 2182/466/452
f 2184/467/309 2183/468/453 2182/466/452
f 2183/468/453 2174/469/454 2182/466/452
f 2174/469/454 2172/470/455 2182/466/452
f 2172/470/455 2181/464/450 2182/466/452
f 2181/464/450 2172/470/455 2173/268/261
f 2181/464/450 2173/268/261 2180/456/442
f 2180/456/442 2173/268/261 2179/267/260
f 2175/454/440 2180/456/442 2179/267/260
f 2178/264/257 2175/454/440 2179/267/260
f 2177/451/437 2175/454/440 2178/264/257
f 2177/451/437 2176/452/438 2175/454/440
f 2174/469/454 2173/268/261 2172/470/455
f 1928/471/456 2171/472/457 1926/473/458
f 2171/472/457 1928/471/456 1930/474/459
f 2166/475/460 2171/472/457 1930/474/459
f 2166/475/460 1926/473/458 2171/472/457
f 2166/475/460 2159/476/461 1926/473/458
f 1922/477/462 1926/473/458 2159/476/461
f 1922/477/462 2159/476/461 2147/478/463
f 1922/477/462 2147/478/463 1919/479/464
f 1919/479/464 2147/478/463 1980/480/465
f 2147/478/463 2148/481/466 1980/480/465
f 1998/482/467 1980/480/465 2148/481/466
f 1998/482/467 2148/481/466 2000/483/468
f 2027/484/469 2000/483/468 2148/481/466
f 2000/483/468 2027/484/469 1999/485/470
f 2169/486/471 2168/487/472 1858/488/473
f 2168/487/472 2170/489/474 1858/488/473
f 2170/489/474 2168/487/472 1930/474/459
f 2168/487/472 2167/490/475 1930/474/459
f 1879/491/476 2151/492/477 1860/493/478
f 1861/494/479 1860/493/478 2151/492/477
f 1861/494/479 2151/492/477 2162/495/480
f 1861/494/479 2162/495/480 1862/496/481
f 2162/495/480 2152/497/482 1862/496/481
f 2152/497/482 1865/498/483 1862/496/481
f 2152/497/482 2160/499/484 1865/498/483
f 1864/500/485 1865/498/483 2160/499/484
f 1864/500/485 2160/499/484 2164/501/486
f 1864/500/485 2164/501/486 1858/488/473
f 2164/501/486 2163/502/487 1858/488/473
f 2163/502/487 2169/486/471 1858/488/473
f 2163/502/487 2158/503/488 2169/486/471
f 2168/487/472 2169/486/471 2158/503/488
f 2168/487/472 2158/503/488 2159/476/461
f 2168/487/472 2159/476/461 2167/490/475
f 2166/475/460 2167/490/475 2159/476/461
f 2167/490/475 2166/475/460 1930/474/459
f 2165/435/421 2141/433/419 2142/504/489
f 2165/435/421 2142/504/489 1879/491/476
f 2165/435/421 1879/491/476 1880/437/423
f 2163/502/487 2164/501/486 2160/499/484
f 2163/502/487 2160/499/484 2158/503/488
f 2152/497/482 2162/495/480 2151/492/477
f 2156/505/490 2161/506/491 2155/507/492
f 2153/508/493 2154/509/494 2155/507/492
f 2150/510/495 2153/508/493 2155/507/492
f 2152/497/482 2150/510/495 2155/507/492
f 2161/506/491 2152/497/482 2155/507/492
f 2152/497/482 2161/506/491 2160/499/484
f 2156/505/490 2160/499/484 2161/506/491
f 2156/505/490 2158/503/488 2160/499/484
f 2156/505/490 2157/511/496 2158/503/488
f 2146/512/497 2147/478/463 2159/476/461
f 2146/512/497 2159/476/461 2158/503/488
f 2146/512/497 2158/503/488 2157/511/496
f 2146/512/497 2157/511/496 2144/513/498
f 2157/511/496 2156/505/490 2144/513/498
f 2156/505/490 2149/514/499 2144/513/498
f 2149/514/499 2156/505/490 2155/507/492
f 2143/515/500 2149/514/499 2155/507/492
f 2154/509/494 2143/515/500 2155/507/492
f 2143/515/500 2154/509/494 2142/504/489
f 2153/508/493 2142/504/489 2154/509/494
f 2153/508/493 1879/491/476 2142/504/489
f 2153/508/493 2151/492/477 1879/491/476
f 2153/508/493 2150/510/495 2151/492/477
f 2152/497/482 2151/492/477 2150/510/495
f 2149/514/499 2143/515/500 2144/513/498
f 2145/516/501 2146/512/497 2144/513/498
f 2084/517/502 2028/518/503 2089/519/504
f 2028/518/503 2027/484/469 2089/519/504
f 2027/484/469 2123/520/505 2089/519/504
f 2027/484/469 2148/481/466 2123/520/505
f 2114/521/506 2123/520/505 2148/481/466
f 2114/521/506 2148/481/466 2147/478/463
f 2114/521/506 2147/478/463 2113/522/507
f 2146/512/497 2113/522/507 2147/478/463
f 2113/522/507 2146/512/497 2112/523/508
f 2146/512/497 2145/516/501 2112/523/508
f 2145/516/501 2136/524/509 2112/523/508
f 2136/524/509 2145/516/501 2144/513/498
f 2137/525/510 2136/524/509 2144/513/498
f 2143/515/500 2137/525/510 2144/513/498
f 2143/515/500 2134/526/511 2137/525/510
f 2143/515/500 2142/504/489 2134/526/511
f 2133/432/418 2134/526/511 2142/504/489
f 2133/432/418 2142/504/489 2141/433/419
f 2139/438/424 2108/440/426 2138/527/512
f 2140/436/422 2139/438/424 2131/434/420
f 2139/438/424 2138/527/512 2131/434/420
f 2138/527/512 2109/528/513 2131/434/420
f 2109/528/513 2138/527/512 2108/440/426
f 2136/524/509 2134/526/511 2135/529/514
f 2136/524/509 2137/525/510 2134/526/511
f 2132/530/515 2133/432/418 2131/434/420
f 2116/531/516 2115/532/517 2112/523/508
f 2129/533/518 2116/531/516 2112/523/508
f 2136/524/509 2129/533/518 2112/523/508
f 2129/533/518 2136/524/509 2128/534/519
f 2136/524/509 2135/529/514 2128/534/519
f 2135/529/514 2126/535/520 2128/534/519
f 2126/535/520 2135/529/514 2134/526/511
f 2126/535/520 2134/526/511 2130/536/521
f 2133/432/418 2130/536/521 2134/526/511
f 2130/536/521 2133/432/418 2125/537/522
f 2133/432/418 2132/530/515 2125/537/522
f 2132/530/515 2109/528/513 2125/537/522
f 2109/528/513 2132/530/515 2131/434/420
f 2126/535/520 2130/536/521 2125/537/522
f 2126/535/520 2127/538/523 2128/534/519
f 2109/528/513 2124/539/524 2125/537/522
f 2116/531/516 2129/533/518 2128/534/519
f 2127/538/523 2116/531/516 2128/534/519
f 2116/531/516 2127/538/523 2117/540/525
f 2127/538/523 2126/535/520 2117/540/525
f 2126/535/520 2122/541/526 2117/540/525
f 2122/541/526 2126/535/520 2125/537/522
f 2120/542/527 2122/541/526 2125/537/522
f 2124/539/524 2120/542/527 2125/537/522
f 2120/542/527 2124/539/524 2106/543/528
f 2109/528/513 2106/543/528 2124/539/524
f 2123/520/505 2114/521/506 2089/519/504
f 2122/541/526 2120/542/527 2117/540/525
f 2120/542/527 2118/544/529 2117/540/525
f 2087/545/530 2096/546/531 2086/547/532
f 2096/546/531 2111/548/533 2086/547/532
f 2111/548/533 2096/546/531 2119/549/534
f 2104/550/535 2111/548/533 2119/549/534
f 2121/551/536 2104/550/535 2119/549/534
f 2104/550/535 2121/551/536 2106/543/528
f 2120/542/527 2106/543/528 2121/551/536
f 2120/542/527 2121/551/536 2119/549/534
f 2118/544/529 2120/542/527 2119/549/534
f 2096/546/531 2118/544/529 2119/549/534
f 2118/544/529 2096/546/531 2117/540/525
f 2096/546/531 2097/552/537 2117/540/525
f 2097/552/537 2116/531/516 2117/540/525
f 2116/531/516 2097/552/537 2089/519/504
f 2115/532/517 2116/531/516 2089/519/504
f 2114/521/506 2115/532/517 2089/519/504
f 2115/532/517 2114/521/506 2112/523/508
f 2114/521/506 2113/522/507 2112/523/508
f 2111/548/533 2104/550/535 2086/547/532
f 2110/429/415 2105/553/538 2107/442/428
f 2102/428/414 2105/553/538 2110/429/415
f 2102/428/414 2103/554/539 2105/553/538
f 2099/426/412 2100/555/540 2101/427/413
f 2109/528/513 2108/440/426 2106/543/528
f 2108/440/426 2107/442/428 2106/543/528
f 2107/442/428 2105/553/538 2106/543/528
f 2104/550/535 2106/543/528 2105/553/538
f 2104/550/535 2105/553/538 2103/554/539
f 2104/550/535 2103/554/539 2086/547/532
f 2103/554/539 2102/428/414 2086/547/532
f 2102/428/414 2094/556/541 2086/547/532
f 2102/428/414 2101/427/413 2094/556/541
f 2088/557/542 2094/556/541 2101/427/413
f 2088/557/542 2101/427/413 2100/555/540
f 2088/557/542 2100/555/540 2091/558/543
f 2100/555/540 2099/426/412 2091/558/543
f 2099/426/412 2095/559/544 2091/558/543
f 2099/426/412 2098/391/378 2095/559/544
f 2093/560/545 2095/559/544 2098/391/378
f 2093/560/545 2098/391/378 2081/390/377
f 2093/560/545 2081/390/377 2080/561/546
f 2097/552/537 2096/546/531 2089/519/504
f 2096/546/531 2087/545/530 2089/519/504
f 2095/559/544 2093/560/545 2091/558/543
f 2094/556/541 2088/557/542 2086/547/532
f 2090/562/547 2088/557/542 2091/558/543
f 2085/563/548 2084/517/502 2080/561/546
f 2084/517/502 2092/564/549 2080/561/546
f 2092/564/549 2093/560/545 2080/561/546
f 2093/560/545 2092/564/549 2091/558/543
f 2092/564/549 2084/517/502 2091/558/543
f 2084/517/502 2090/562/547 2091/558/543
f 2090/562/547 2084/517/502 2089/519/504
f 2088/557/542 2090/562/547 2089/519/504
f 2087/545/530 2088/557/542 2089/519/504
f 2088/557/542 2087/545/530 2086/547/532
f 2045/565/550 2041/566/551 2073/567/552
f 2041/566/551 2031/568/553 2073/567/552
f 2031/568/553 2083/569/554 2073/567/552
f 2083/569/554 2031/568/553 2029/570/555
f 2074/571/556 2083/569/554 2029/570/555
f 2030/572/557 2074/571/556 2029/570/555
f 2074/571/556 2030/572/557 2076/573/558
f 2030/572/557 2013/574/559 2076/573/558
f 2013/574/559 2082/575/560 2076/573/558
f 2082/575/560 2013/574/559 2015/576/561
f 2077/577/562 2082/575/560 2015/576/561
f 2017/578/563 2077/577/562 2015/576/561
f 2077/577/562 2017/578/563 2080/561/546
f 2017/578/563 2016/579/564 2080/561/546
f 2016/579/564 2085/563/548 2080/561/546
f 2085/563/548 2016/579/564 2025/580/565
f 2084/517/502 2085/563/548 2025/580/565
f 2028/518/503 2084/517/502 2025/580/565
f 2083/569/554 2074/571/556 2073/567/552
f 2082/575/560 2077/577/562 2076/573/558
f 2072/581/566 2045/565/550 2073/567/552
f 2078/582/567 2077/577/562 2080/561/546
f 2075/583/568 2074/571/556 2076/573/558
f 2081/390/377 2079/389/376 2080/561/546
f 2079/389/376 2078/582/567 2080/561/546
f 2078/582/567 2079/389/376 2067/394/381
f 2077/577/562 2078/582/567 2067/394/381
f 2069/584/569 2077/577/562 2067/394/381
f 2077/577/562 2069/584/569 2076/573/558
f 2069/584/569 2068/585/570 2076/573/558
f 2068/585/570 2075/583/568 2076/573/558
f 2075/583/568 2068/585/570 2064/586/571
f 2074/571/556 2075/583/568 2064/586/571
f 2071/587/572 2074/571/556 2064/586/571
f 2074/571/556 2071/587/572 2073/567/552
f 2071/587/572 2057/588/573 2073/567/552
f 2057/588/573 2072/581/566 2073/567/552
f 2057/588/573 2054/589/574 2072/581/566
f 2045/565/550 2072/581/566 2054/589/574
f 2045/565/550 2054/589/574 2047/590/575
f 2045/565/550 2047/590/575 2046/591/576
f 2057/588/573 2071/587/572 2064/586/571
f 2063/592/577 2065/409/396 2062/406/393
f 2065/409/396 2070/408/395 2062/406/393
f 2068/585/570 2066/593/578 2064/586/571
f 2068/585/570 2069/584/569 2067/394/381
f 2066/593/578 2068/585/570 2067/394/381
f 2065/409/396 2066/593/578 2067/394/381
f 2066/593/578 2065/409/396 2064/586/571
f 2065/409/396 2063/592/577 2064/586/571
f 2063/592/577 2057/588/573 2064/586/571
f 2057/588/573 2063/592/577 2062/406/393
f 2056/594/579 2057/588/573 2062/406/393
f 2061/404/391 2056/594/579 2062/406/393
f 2061/404/391 2054/589/574 2056/594/579
f 2061/404/391 2060/402/389 2054/589/574
f 2055/595/580 2054/589/574 2060/402/389
f 2060/402/389 2059/401/388 2055/595/580
f 2059/401/388 2058/596/581 2055/595/580
f 2055/595/580 2058/596/581 2050/597/582
f 2058/596/581 2051/598/583 2050/597/582
f 2057/588/573 2056/594/579 2054/589/574
f 2050/597/582 2054/589/574 2055/595/580
f 2049/599/584 2054/589/574 2050/597/582
f 2049/599/584 2047/590/575 2054/589/574
f 1984/600/585 1985/601/586 1990/602/375
f 2001/603/587 1984/600/585 1990/602/375
f 2053/604/588 1984/600/585 2001/603/587
f 2052/605/589 2053/604/588 2001/603/587
f 2052/605/589 2001/603/587 2002/606/372
f 2051/598/583 2052/605/589 2002/606/372
f 2042/607/590 2051/598/583 2002/606/372
f 2042/607/590 2050/597/582 2051/598/583
f 2042/607/590 2043/608/591 2050/597/582
f 2049/599/584 2050/597/582 2043/608/591
f 2049/599/584 2043/608/591 2037/609/592
f 2048/610/593 2049/599/584 2037/609/592
f 2034/611/594 2048/610/593 2037/609/592
f 2034/611/594 2047/590/575 2048/610/593
f 2034/611/594 2046/591/576 2047/590/575
f 2046/591/576 2034/611/594 2033/612/595
f 2045/565/550 2046/591/576 2033/612/595
f 2041/566/551 2045/565/550 2033/612/595
f 2044/613/596 2039/614/597 2037/609/592
f 2042/607/590 2044/613/596 2037/609/592
f 2043/608/591 2042/607/590 2037/609/592
f 2032/615/598 2031/568/553 2033/612/595
f 2031/568/553 2041/566/551 2033/612/595
f 2035/616/599 2034/611/594 2037/609/592
f 1991/617/600 2040/618/601 1990/602/375
f 2040/618/601 1991/617/600 1992/619/602
f 2036/620/603 2040/618/601 1992/619/602
f 2036/620/603 1990/602/375 2040/618/601
f 2036/620/603 2038/621/604 1990/602/375
f 2039/614/597 1990/602/375 2038/621/604
f 2039/614/597 2038/621/604 2037/609/592
f 2038/621/604 2036/620/603 2037/609/592
f 2036/620/603 2035/616/599 2037/609/592
f 2035/616/599 2036/620/603 1992/619/602
f 2034/611/594 2035/616/599 1992/619/602
f 2023/622/605 2034/611/594 1992/619/602
f 2034/611/594 2023/622/605 2033/612/595
f 2023/622/605 2022/623/606 2033/612/595
f 2022/623/606 2032/615/598 2033/612/595
f 2032/615/598 2022/623/606 2020/624/607
f 2031/568/553 2032/615/598 2020/624/607
f 2024/625/608 2031/568/553 2020/624/607
f 2031/568/553 2024/625/608 2029/570/555
f 2024/625/608 2013/574/559 2029/570/555
f 2013/574/559 2030/572/557 2029/570/555
f 2027/484/469 2028/518/503 2025/580/565
f 2026/626/609 2027/484/469 2025/580/565
f 2027/484/469 2026/626/609 1999/485/470
f 2026/626/609 2007/627/610 1999/485/470
f 2007/627/610 2026/626/609 2025/580/565
f 2018/628/611 2007/627/610 2025/580/565
f 2016/579/564 2018/628/611 2025/580/565
f 2016/579/564 2012/629/612 2018/628/611
f 2016/579/564 2014/630/613 2012/629/612
f 2013/574/559 2024/625/608 2020/624/607
f 2022/623/606 2021/631/614 2020/624/607
f 2022/623/606 2023/622/605 1992/619/602
f 2021/631/614 2022/623/606 1992/619/602
f 2008/632/615 2021/631/614 1992/619/602
f 2021/631/614 2008/632/615 2020/624/607
f 2008/632/615 2019/633/616 2020/624/607
f 2019/633/616 2013/574/559 2020/624/607
f 2013/574/559 2019/633/616 2010/634/617
f 2011/635/618 2013/574/559 2010/634/617
f 2019/633/616 2008/632/615 2010/634/617
f 2007/627/610 2018/628/611 2012/629/612
f 2016/579/564 2017/578/563 2015/576/561
f 2014/630/613 2016/579/564 2015/576/561
f 2013/574/559 2014/630/613 2015/576/561
f 2013/574/559 2012/629/612 2014/630/613
f 2013/574/559 2011/635/618 2012/629/612
f 2007/627/610 2012/629/612 2011/635/618
f 2007/627/610 2011/635/618 2010/634/617
f 2006/636/619 2007/627/610 2010/634/617
f 2008/632/615 2006/636/619 2010/634/617
f 2006/636/619 2008/632/615 1999/485/470
f 2008/632/615 2009/637/620 1999/485/470
f 2009/637/620 1996/638/621 1999/485/470
f 1996/638/621 2009/637/620 1992/619/602
f 2009/637/620 2008/632/615 1992/619/602
f 2007/627/610 2006/636/619 1999/485/470
f 2005/639/622 2004/640/623 1987/641/624
f 2004/640/623 2003/642/625 1987/641/624
f 1990/602/375 2002/606/372 2001/603/587
f 1996/638/621 1997/643/626 1999/485/470
f 1994/644/627 1995/645/628 1992/619/602
f 1993/646/629 1994/644/627 1992/619/602
f 1998/482/467 2000/483/468 1999/485/470
f 1997/643/626 1998/482/467 1999/485/470
f 1998/482/467 1997/643/626 1980/480/465
f 1996/638/621 1980/480/465 1997/643/626
f 1996/638/621 1982/647/630 1980/480/465
f 1982/647/630 1996/638/621 1992/619/602
f 1981/648/631 1982/647/630 1992/619/602
f 1995/645/628 1981/648/631 1992/619/602
f 1981/648/631 1995/645/628 1979/649/632
f 1994/644/627 1979/649/632 1995/645/628
f 1994/644/627 1986/650/633 1979/649/632
f 1994/644/627 1993/646/629 1986/650/633
f 1988/651/634 1986/650/633 1993/646/629
f 1988/651/634 1993/646/629 1992/619/602
f 1989/652/635 1988/651/634 1992/619/602
f 1991/617/600 1989/652/635 1992/619/602
f 1991/617/600 1985/601/586 1989/652/635
f 1991/617/600 1990/602/375 1985/601/586
f 1988/651/634 1989/652/635 1985/601/586
f 1988/651/634 1985/601/586 1986/650/633
f 1977/653/636 1978/654/637 1974/655/638
f 1978/654/637 1972/656/639 1974/655/638
f 1978/654/637 1971/657/640 1972/656/639
f 1978/654/637 1979/649/632 1971/657/640
f 1971/657/640 1979/649/632 1986/650/633
f 1987/641/641 1971/657/640 1986/650/633
f 1983/658/642 1987/641/641 1986/650/633
f 1986/650/633 1985/601/586 1983/658/642
f 1985/601/586 1984/600/585 1983/658/642
f 1981/648/631 1980/480/465 1982/647/630
f 1981/648/631 1979/649/632 1980/480/465
f 1980/480/465 1979/649/632 1919/479/464
f 1978/654/637 1919/479/464 1979/649/632
f 1978/654/637 1968/659/643 1919/479/464
f 1978/654/637 1977/653/636 1968/659/643
f 1976/660/347 1968/659/643 1977/653/636
f 1976/660/347 1977/653/636 1974/655/638
f 1975/661/644 1976/660/347 1974/655/638
f 1973/662/351 1975/661/644 1974/655/638
f 1972/656/639 1973/662/351 1974/655/638
f 1973/662/351 1972/656/639 1971/657/640
f 1960/663/645 1964/664/646 1959/665/647
f 1964/664/646 1969/666/648 1959/665/647
f 1964/664/646 1965/667/649 1969/666/648
f 1965/667/649 1970/668/650 1969/666/648
f 1921/669/651 1919/479/464 1968/659/643
f 1921/669/651 1968/659/643 1941/670/652
f 1941/670/652 1968/659/643 1967/671/649
f 1943/672/653 1941/670/652 1967/671/649
f 1943/672/653 1967/671/649 1966/673/649
f 1957/674/654 1943/672/653 1966/673/649
f 1957/674/654 1966/673/649 1965/667/649
f 1964/664/646 1957/674/654 1965/667/649
f 1956/675/655 1957/674/654 1964/664/646
f 1960/663/645 1956/675/655 1964/664/646
f 1955/676/656 1956/675/655 1960/663/645
f 1961/677/657 1955/676/656 1960/663/645
f 1950/678/315 1955/676/656 1961/677/657
f 1950/678/315 1961/677/657 1963/679/324
f 1962/680/658 1963/679/324 1961/677/657
f 1962/680/658 1961/677/657 1958/681/659
f 1961/677/657 1960/663/645 1958/681/659
f 1960/663/645 1959/665/647 1958/681/659
f 1944/682/660 1957/674/654 1956/675/655
f 1944/682/660 1943/672/653 1957/674/654
f 1944/682/660 1946/683/661 1945/684/662
f 1944/682/660 1956/675/655 1946/683/661
f 1947/685/663 1946/683/661 1956/675/655
f 1955/676/656 1947/685/663 1956/675/655
f 1953/686/664 1947/685/663 1955/676/656
f 1953/686/664 1955/676/656 1952/687/316
f 1949/688/665 1948/689/666 1951/690/667
f 1948/689/666 1954/691/668 1951/690/667
f 1954/691/668 1953/686/664 1951/690/667
f 1953/686/664 1954/691/668 1947/685/663
f 1948/689/666 1947/685/663 1954/691/668
f 1953/686/664 1952/687/316 1951/690/667
f 1952/687/316 1950/678/325 1951/690/667
f 1950/678/325 1949/688/665 1951/690/667
f 1950/678/325 1776/692/669 1949/688/665
f 1948/689/666 1949/688/665 1776/692/669
f 1948/689/666 1776/692/669 1768/693/670
f 1948/689/666 1768/693/670 1947/685/663
f 1768/693/670 1765/694/671 1947/685/663
f 1765/694/671 1946/683/661 1947/685/663
f 1936/695/672 1946/683/661 1765/694/671
f 1936/695/672 1945/684/662 1946/683/661
f 1945/684/662 1936/695/672 1937/696/673
f 1944/682/660 1945/684/662 1937/696/673
f 1938/697/674 1944/682/660 1937/696/673
f 1944/682/660 1938/697/674 1943/672/653
f 1939/698/675 1943/672/653 1938/697/674
f 1939/698/675 1941/670/652 1943/672/653
f 1939/698/675 1940/699/676 1941/670/652
f 1931/700/677 1934/701/678 1933/702/679
f 1931/700/677 1927/703/680 1934/701/678
f 1927/703/680 1935/704/681 1934/701/678
f 1925/705/682 1935/704/681 1927/703/680
f 1925/705/682 1942/706/683 1935/704/681
f 1942/706/683 1925/705/682 1923/707/684
f 1921/669/651 1942/706/683 1923/707/684
f 1921/669/651 1935/704/681 1942/706/683
f 1921/669/651 1941/670/652 1935/704/681
f 1936/695/672 1935/704/681 1941/670/652
f 1936/695/672 1941/670/652 1940/699/676
f 1936/695/672 1940/699/676 1937/696/673
f 1940/699/676 1939/698/675 1937/696/673
f 1939/698/675 1938/697/674 1937/696/673
f 1936/695/672 1765/694/671 1935/704/681
f 1935/704/681 1765/694/671 1934/701/678
f 1920/708/685 1921/669/651 1923/707/684
f 1922/477/462 1924/709/686 1926/473/458
f 1931/700/677 1929/710/687 1927/703/680
f 1766/711/688 1934/701/678 1765/694/671
f 1918/712/689 1934/701/678 1766/711/688
f 1918/712/689 1933/702/679 1934/701/678
f 1933/702/679 1918/712/689 1835/713/690
f 1931/700/677 1933/702/679 1835/713/690
f 1932/714/691 1931/700/677 1835/713/690
f 1931/700/677 1932/714/691 1930/474/459
f 1929/710/687 1931/700/677 1930/474/459
f 1928/471/456 1929/710/687 1930/474/459
f 1928/471/456 1927/703/680 1929/710/687
f 1928/471/456 1926/473/458 1927/703/680
f 1925/705/682 1927/703/680 1926/473/458
f 1925/705/682 1926/473/458 1924/709/686
f 1925/705/682 1924/709/686 1923/707/684
f 1924/709/686 1922/477/462 1923/707/684
f 1922/477/462 1920/708/685 1923/707/684
f 1922/477/462 1919/479/464 1920/708/685
f 1921/669/651 1920/708/685 1919/479/464
f 1916/715/692 1915/716/693 1866/717/694
f 1843/718/695 1833/719/696 1866/717/694
f 1833/719/696 1836/720/697 1866/717/694
f 1836/720/697 1916/715/692 1866/717/694
f 1916/715/692 1836/720/697 1835/713/690
f 1917/721/698 1916/715/692 1835/713/690
f 1918/712/689 1917/721/698 1835/713/690
f 1918/712/689 1766/711/688 1917/721/698
f 1916/715/692 1917/721/698 1766/711/688
f 1916/715/692 1766/711/688 1914/722/699
f 1916/715/692 1914/722/699 1915/716/693
f 1913/723/700 1915/716/693 1914/722/699
f 1915/716/693 1913/723/700 1866/717/694
f 1913/723/700 1912/724/701 1866/717/694
f 1912/724/701 1867/725/702 1866/717/694
f 1867/725/702 1912/724/701 1911/726/703
f 1867/725/702 1911/726/703 1876/727/704
f 1908/728/705 1876/727/704 1911/726/703
f 1876/727/704 1908/728/705 1869/729/706
f 1766/711/688 1767/730/707 1914/722/699
f 1914/722/699 1767/730/707 1911/726/703
f 1913/723/700 1914/722/699 1911/726/703
f 1913/723/700 1911/726/703 1912/724/701
f 1901/731/708 1902/732/709 1813/733/710
f 1902/732/709 1910/734/711 1813/733/710
f 1910/734/711 1811/735/712 1813/733/710
f 1811/735/712 1910/734/711 1903/736/713
f 1810/737/714 1811/735/712 1903/736/713
f 1905/738/715 1810/737/714 1903/736/713
f 1905/738/715 1799/739/716 1810/737/714
f 1905/738/715 1909/740/717 1799/739/716
f 1786/741/718 1799/739/716 1909/740/717
f 1786/741/718 1909/740/717 1906/742/719
f 1785/743/720 1786/741/718 1906/742/719
f 1908/728/705 1785/743/720 1906/742/719
f 1908/728/705 1771/744/721 1785/743/720
f 1908/728/705 1911/726/703 1771/744/721
f 1771/744/721 1911/726/703 1767/730/707
f 1769/745/722 1771/744/721 1767/730/707
f 1910/734/711 1902/732/709 1903/736/713
f 1909/740/717 1905/738/715 1906/742/719
f 1907/746/723 1908/728/705 1906/742/719
f 1904/747/724 1905/738/715 1903/736/713
f 1908/728/705 1907/746/723 1869/729/706
f 1907/746/723 1870/748/725 1869/729/706
f 1870/748/725 1907/746/723 1906/742/719
f 1877/749/726 1870/748/725 1906/742/719
f 1905/738/715 1877/749/726 1906/742/719
f 1877/749/726 1905/738/715 1873/750/727
f 1905/738/715 1904/747/724 1873/750/727
f 1904/747/724 1883/751/728 1873/750/727
f 1883/751/728 1904/747/724 1903/736/713
f 1895/752/729 1883/751/728 1903/736/713
f 1902/732/709 1895/752/729 1903/736/713
f 1895/752/729 1902/732/709 1887/753/730
f 1902/732/709 1901/731/708 1887/753/730
f 1901/731/708 1889/754/731 1887/753/730
f 1889/754/731 1901/731/708 1813/733/710
f 1900/755/732 1889/754/731 1813/733/710
f 1889/754/731 1900/755/732 1893/445/431
f 1891/756/733 1889/754/731 1893/445/431
f 1881/757/734 1899/439/425 1880/437/423
f 1881/757/734 1884/758/735 1899/439/425
f 1884/758/735 1898/441/427 1899/439/425
f 1886/759/736 1898/441/427 1884/758/735
f 1886/759/736 1890/760/737 1898/441/427
f 1890/760/737 1897/443/429 1898/441/427
f 1892/761/738 1897/443/429 1890/760/737
f 1892/761/738 1894/762/739 1897/443/429
f 1896/444/430 1897/443/429 1894/762/739
f 1896/444/430 1894/762/739 1893/445/431
f 1885/763/740 1883/751/728 1887/753/730
f 1883/751/728 1895/752/729 1887/753/730
f 1886/759/736 1888/764/741 1890/760/737
f 1881/757/734 1882/765/742 1884/758/735
f 1894/762/739 1892/761/738 1893/445/431
f 1892/761/738 1891/756/733 1893/445/431
f 1892/761/738 1890/760/737 1891/756/733
f 1889/754/731 1891/756/733 1890/760/737
f 1889/754/731 1890/760/737 1888/764/741
f 1889/754/731 1888/764/741 1887/753/730
f 1888/764/741 1886/759/736 1887/753/730
f 1886/759/736 1885/763/740 1887/753/730
f 1886/759/736 1884/758/735 1885/763/740
f 1883/751/728 1885/763/740 1884/758/735
f 1883/751/728 1884/758/735 1882/765/742
f 1883/751/728 1882/765/742 1873/750/727
f 1882/765/742 1881/757/734 1873/750/727
f 1881/757/734 1878/766/743 1873/750/727
f 1881/757/734 1880/437/423 1878/766/743
f 1875/767/744 1878/766/743 1880/437/423
f 1875/767/744 1880/437/423 1879/491/476
f 1875/767/744 1879/491/476 1860/493/478
f 1878/766/743 1875/767/744 1873/750/727
f 1871/768/745 1870/748/725 1873/750/727
f 1870/748/725 1877/749/726 1873/750/727
f 1868/769/746 1867/725/702 1869/729/706
f 1867/725/702 1876/727/704 1869/729/706
f 1872/770/747 1860/493/478 1852/771/748
f 1872/770/747 1874/772/749 1860/493/478
f 1875/767/744 1860/493/478 1874/772/749
f 1875/767/744 1874/772/749 1873/750/727
f 1874/772/749 1872/770/747 1873/750/727
f 1872/770/747 1871/768/745 1873/750/727
f 1872/770/747 1852/771/748 1871/768/745
f 1870/748/725 1871/768/745 1852/771/748
f 1870/748/725 1852/771/748 1853/773/750
f 1870/748/725 1853/773/750 1869/729/706
f 1853/773/750 1854/774/751 1869/729/706
f 1854/774/751 1868/769/746 1869/729/706
f 1868/769/746 1854/774/751 1849/775/247
f 1867/725/702 1868/769/746 1849/775/247
f 1850/776/752 1867/725/702 1849/775/247
f 1867/725/702 1850/776/752 1866/717/694
f 1850/776/752 1844/777/753 1866/717/694
f 1844/777/753 1843/718/695 1866/717/694
f 1865/498/483 1864/500/485 1862/496/481
f 1864/500/485 1863/778/754 1862/496/481
f 1863/778/754 1864/500/485 1858/488/473
f 1856/779/755 1863/778/754 1858/488/473
f 1863/778/754 1856/779/755 1862/496/481
f 1856/779/755 1859/780/756 1862/496/481
f 1859/780/756 1861/494/479 1862/496/481
f 1861/494/479 1859/780/756 1852/771/748
f 1861/494/479 1852/771/748 1860/493/478
f 1856/779/755 1855/781/757 1852/771/748
f 1856/779/755 1852/771/748 1859/780/756
f 1857/782/758 1856/779/755 1858/488/473
f 1856/779/755 1857/782/758 1849/775/247
f 1855/781/757 1856/779/755 1849/775/247
f 1854/774/751 1855/781/757 1849/775/247
f 1854/774/751 1852/771/748 1855/781/757
f 1854/774/751 1853/773/750 1852/771/748
f 1847/783/759 1846/784/760 1845/785/761
f 1851/786/762 1847/783/759 1845/785/761
f 1844/777/753 1851/786/762 1845/785/761
f 1851/786/762 1844/777/753 1849/775/247
f 1844/777/753 1850/776/752 1849/775/247
f 1847/783/759 1848/787/763 1842/788/764
f 1846/784/760 1847/783/759 1842/788/764
f 1830/789/765 1846/784/760 1842/788/764
f 1846/784/760 1830/789/765 1845/785/761
f 1830/789/765 1831/790/766 1845/785/761
f 1831/790/766 1844/777/753 1845/785/761
f 1844/777/753 1831/790/766 1829/791/767
f 1843/718/695 1844/777/753 1829/791/767
f 1833/719/696 1843/718/695 1829/791/767
f 1841/792/256 1830/789/765 1842/788/764
f 1830/789/765 1841/792/256 1840/793/253
f 1839/794/254 1830/789/765 1840/793/253
f 1830/789/765 1839/794/254 1834/795/768
f 1839/794/254 1838/796/769 1834/795/768
f 1838/796/769 1837/797/770 1834/795/768
f 1837/797/770 1833/719/696 1834/795/768
f 1833/719/696 1837/797/770 1835/713/690
f 1836/720/697 1833/719/696 1835/713/690
f 1832/798/771 1830/789/765 1834/795/768
f 1833/719/696 1832/798/771 1834/795/768
f 1832/798/771 1833/719/696 1829/791/767
f 1830/789/765 1832/798/771 1829/791/767
f 1831/790/766 1830/789/765 1829/791/767
f 1820/799/353 1828/800/772 1819/801/773
f 1828/800/772 1827/802/774 1819/801/773
f 1827/802/774 1814/803/775 1819/801/773
f 1814/803/775 1827/802/774 1813/733/710
f 1806/804/776 1805/805/777 1793/806/368
f 1826/807/778 1806/804/776 1793/806/368
f 1806/804/776 1826/807/778 1818/808/779
f 1826/807/778 1825/809/780 1818/808/779
f 1825/809/780 1824/810/370 1818/808/779
f 1824/810/370 1816/811/781 1818/808/779
f 1816/811/781 1824/810/370 1823/812/782
f 1822/813/783 1816/811/781 1823/812/782
f 1816/811/781 1822/813/783 1821/814/784
f 1820/799/353 1816/811/781 1821/814/784
f 1816/811/781 1820/799/353 1819/801/773
f 1815/815/785 1816/811/781 1819/801/773
f 1814/803/775 1815/815/785 1819/801/773
f 1815/815/785 1814/803/775 1808/816/786
f 1814/803/775 1807/817/787 1808/816/786
f 1806/804/776 1817/818/788 1808/816/786
f 1817/818/788 1806/804/776 1818/808/779
f 1816/811/781 1817/818/788 1818/808/779
f 1817/818/788 1816/811/781 1808/816/786
f 1816/811/781 1815/815/785 1808/816/786
f 1811/735/712 1812/819/789 1813/733/710
f 1807/817/787 1814/803/775 1801/820/790
f 1814/803/775 1809/821/791 1801/820/790
f 1809/821/791 1814/803/775 1813/733/710
f 1800/822/792 1809/821/791 1813/733/710
f 1812/819/789 1800/822/792 1813/733/710
f 1800/822/792 1812/819/789 1799/739/716
f 1811/735/712 1799/739/716 1812/819/789
f 1811/735/712 1810/737/714 1799/739/716
f 1809/821/791 1800/822/792 1801/820/790
f 1802/823/793 1803/824/794 1801/820/790
f 1807/817/787 1806/804/776 1808/816/786
f 1806/804/776 1807/817/787 1801/820/790
f 1805/805/777 1806/804/776 1801/820/790
f 1803/824/794 1805/805/777 1801/820/790
f 1805/805/777 1803/824/794 1793/806/368
f 1803/824/794 1804/825/795 1793/806/368
f 1804/825/795 1791/826/796 1793/806/368
f 1791/826/796 1804/825/795 1789/827/797
f 1803/824/794 1789/827/797 1804/825/795
f 1803/824/794 1788/828/798 1789/827/797
f 1803/824/794 1802/823/793 1788/828/798
f 1797/829/799 1788/828/798 1802/823/793
f 1797/829/799 1802/823/793 1801/820/790
f 1798/830/800 1797/829/799 1801/820/790
f 1800/822/792 1798/830/800 1801/820/790
f 1800/822/792 1787/831/801 1798/830/800
f 1800/822/792 1799/739/716 1787/831/801
f 1786/741/718 1787/831/801 1799/739/716
f 1797/829/799 1798/830/800 1787/831/801
f 1797/829/799 1787/831/801 1788/828/798
f 1794/453/439 1792/832/802 1790/455/441
f 1795/833/803 1794/453/439 1796/447/433
f 1794/453/439 1795/833/803 1793/806/368
f 1792/832/802 1794/453/439 1793/806/368
f 1791/826/796 1792/832/802 1793/806/368
f 1791/826/796 1790/455/441 1792/832/802
f 1791/826/796 1789/827/797 1790/455/441
f 1789/827/797 1783/457/443 1790/455/441
f 1788/828/798 1783/457/443 1789/827/797
f 1783/457/443 1788/828/798 1773/834/804
f 1787/831/801 1773/834/804 1788/828/798
f 1771/744/721 1773/834/804 1787/831/801
f 1786/741/718 1771/744/721 1787/831/801
f 1786/741/718 1785/743/720 1771/744/721
f 1777/835/805 1782/461/447 1775/459/445
f 1777/835/805 1784/836/806 1782/461/447
f 1781/837/807 1782/461/447 1784/836/806
f 1781/837/807 1784/836/806 1779/838/808
f 1784/836/806 1777/835/805 1779/838/808
f 1773/834/804 1775/459/445 1783/457/443
f 1774/839/809 1772/840/810 1776/692/669
f 1772/840/810 1770/841/811 1776/692/669
f 1770/841/811 1768/693/670 1776/692/669
f 1781/837/807 1759/463/449 1782/461/447
f 1781/837/807 1780/842/812 1759/463/449
f 1780/842/812 1781/837/807 1779/838/808
f 1760/843/813 1780/842/812 1779/838/808
f 1778/844/814 1760/843/813 1779/838/808
f 1777/835/805 1778/844/814 1779/838/808
f 1777/835/805 1776/692/669 1778/844/814
f 1777/835/805 1775/459/445 1776/692/669
f 1775/459/445 1774/839/809 1776/692/669
f 1774/839/809 1775/459/445 1773/834/804
f 1774/839/809 1773/834/804 1772/840/810
f 1773/834/804 1771/744/721 1772/840/810
f 1772/840/810 1771/744/721 1770/841/811
f 1771/744/721 1769/745/722 1770/841/811
f 1770/841/811 1769/745/722 1768/693/670
f 1767/730/707 1768/693/670 1769/745/722
f 1765/694/671 1768/693/670 1767/730/707
f 1767/730/707 1766/711/688 1765/694/671
f 1763/845/815 1764/846/816 1757/847/817
f 1758/848/818 1763/845/815 1757/847/817
f 1762/849/819 1763/845/815 1758/848/818
f 1762/849/819 1758/848/818 1761/850/820
f 1760/843/821 1761/850/820 1758/848/818
f 1760/843/821 1758/848/818 1759/463/449
f 1759/463/449 1758/848/818 1756/462/448
f 1758/848/818 1757/847/817 1756/462/448
f 1755/851/822 1754/852/823 1753/853/824
f 1754/852/823 1752/854/825 1753/853/824
f 1753/853/824 1752/854/825 1751/855/826
f 1752/854/825 1750/856/827 1751/855/826
f 1751/855/826 1750/856/827 1748/857/828
f 1750/856/827 1747/858/829 1748/857/828
f 1749/859/830 1748/857/828 1747/858/829
f 1741/860/831 1746/861/111 1740/862/832
f 1731/863/128 1745/864/833 1730/865/834
f 1745/864/833 1739/866/835 1730/865/834
f 1745/864/833 1744/867/125 1739/866/835
f 1744/867/125 1743/868/836 1739/866/835
f 1739/866/835 1743/868/836 1738/869/837
f 1743/868/836 1742/870/838 1738/869/837
f 1738/869/837 1742/870/838 1737/871/839
f 1742/870/838 1741/860/831 1737/871/839
f 1737/871/839 1741/860/831 1740/862/832
f 1737/871/839 1740/862/832 1727/872/106
f 1730/865/834 1739/866/835 1729/873/840
f 1739/866/835 1738/869/837 1729/873/840
f 1729/873/840 1738/869/837 1728/874/841
f 1738/869/837 1737/871/839 1728/874/841
f 1728/874/841 1737/871/839 1727/872/106
f 1700/875/842 1692/876/843 1723/877/844
f 1692/876/843 1736/878/845 1723/877/844
f 1723/877/844 1736/878/845 1721/879/846
f 1736/878/845 1735/880/847 1721/879/846
f 1721/879/846 1735/880/847 1719/881/848
f 1735/880/847 1734/882/849 1719/881/848
f 1719/881/848 1734/882/849 1718/883/850
f 1734/882/849 1733/884/851 1718/883/850
f 1718/883/850 1733/884/851 1726/885/852
f 1733/884/851 1732/886/853 1726/885/852
f 1732/886/853 1731/863/128 1726/885/852
f 1731/863/128 1730/865/834 1726/885/852
f 1726/885/852 1730/865/834 1716/887/854
f 1730/865/834 1729/873/840 1716/887/854
f 1716/887/854 1729/873/840 1715/888/855
f 1729/873/840 1728/874/841 1715/888/855
f 1715/888/855 1728/874/841 1713/889/856
f 1728/874/841 1727/872/106 1713/889/856
f 1718/883/850 1726/885/852 1716/887/854
f 1705/890/857 1724/43/43 1707/50/50
f 1725/891/858 1724/43/43 1705/890/857
f 1703/892/859 1725/891/858 1705/890/857
f 1702/893/860 1725/891/858 1703/892/859
f 1702/893/860 1701/894/861 1725/891/858
f 1701/894/861 1700/875/842 1725/891/858
f 1725/891/858 1700/875/842 1724/43/43
f 1700/875/842 1723/877/844 1724/43/43
f 1724/43/43 1723/877/844 1722/41/41
f 1723/877/844 1721/879/846 1722/41/41
f 1722/41/41 1721/879/846 1720/44/44
f 1721/879/846 1719/881/848 1720/44/44
f 1720/44/44 1719/881/848 1717/46/46
f 1719/881/848 1718/883/850 1717/46/46
f 1717/46/46 1718/883/850 1716/887/854
f 1717/46/46 1716/887/854 1714/47/47
f 1716/887/854 1715/888/855 1714/47/47
f 1714/47/47 1715/888/855 1713/889/856
f 1711/48/48 1714/47/47 1713/889/856
f 1711/48/48 1713/889/856 1712/895/862
f 1710/896/863 1711/48/48 1712/895/862
f 1709/49/49 1711/48/48 1710/896/863
f 1708/897/864 1709/49/49 1710/896/863
f 1707/50/50 1709/49/49 1708/897/864
f 1706/898/865 1707/50/50 1708/897/864
f 1705/890/857 1707/50/50 1706/898/865
f 1704/899/866 1705/890/857 1706/898/865
f 1703/892/859 1705/890/857 1704/899/866
f 1697/900/867 1703/892/859 1704/899/866
f 1698/901/868 1703/892/859 1697/900/867
f 1698/901/868 1702/893/860 1703/892/859
f 1696/902/869 1702/893/860 1698/901/868
f 1696/902/869 1701/894/861 1702/893/860
f 1696/902/869 1695/903/870 1701/894/861
f 1701/894/861 1695/903/870 1700/875/842
f 1695/903/870 1692/876/843 1700/875/842
f 1696/902/869 1698/901/868 1699/904/96
f 1699/904/96 1698/901/868 1697/900/867
f 1696/902/869 1694/905/871 1695/903/870
f 1695/903/870 1694/905/871 1692/876/843
f 1694/905/871 1693/906/872 1692/876/843
f 1689/907/873 1691/908/874 1688/909/875
f 1691/908/874 1687/910/876 1688/909/875
f 1691/908/874 1690/911/877 1687/910/876
f 1690/911/877 1686/912/878 1687/910/876
f 1674/913/879 1689/907/873 1676/914/880
f 1689/907/873 1688/909/875 1676/914/880
f 1676/914/880 1688/909/875 1672/915/881
f 1688/909/875 1671/916/882 1672/915/881
f 1688/909/875 1687/910/876 1671/916/882
f 1687/910/876 1670/917/883 1671/916/882
f 1687/910/876 1686/912/878 1670/917/883
f 1670/917/883 1686/912/878 1669/918/884
f 1686/912/878 1685/919/885 1669/918/884
f 1669/918/884 1685/919/885 1668/920/886
f 1685/919/885 1684/921/887 1668/920/886
f 1683/922/888 1668/920/886 1684/921/887
f 1668/920/886 1683/922/888 1682/923/889
f 1665/924/890 1668/920/886 1682/923/889
f 1665/924/890 1682/923/889 1681/925/891
f 1664/926/892 1665/924/890 1681/925/891
f 1664/926/892 1681/925/891 1680/927/893
f 1679/928/894 1664/926/892 1680/927/893
f 1667/929/895 1664/926/892 1679/928/894
f 1678/930/896 1667/929/895 1679/928/894
f 1672/915/881 1667/929/895 1678/930/896
f 1677/931/897 1672/915/881 1678/930/896
f 1676/914/880 1672/915/881 1677/931/897
f 1673/932/898 1676/914/880 1677/931/897
f 1674/913/879 1676/914/880 1673/932/898
f 1675/933/899 1674/913/879 1673/932/898
f 1672/915/881 1671/916/882 1667/929/895
f 1671/916/882 1666/934/900 1667/929/895
f 1671/916/882 1670/917/883 1666/934/900
f 1670/917/883 1669/918/884 1666/934/900
f 1666/934/900 1669/918/884 1665/924/890
f 1669/918/884 1668/920/886 1665/924/890
f 1667/929/895 1666/934/900 1664/926/892
f 1666/934/900 1665/924/890 1664/926/892
f 1654/935/901 1656/936/902 1663/937/903
f 1656/936/902 1659/938/904 1663/937/903
f 1663/937/903 1659/938/904 1662/939/905
f 1659/938/904 1661/940/906 1662/939/905
f 1651/941/907 1654/935/901 1648/942/908
f 1654/935/901 1663/937/903 1648/942/908
f 1648/942/908 1663/937/903 1646/943/909
f 1663/937/903 1662/939/905 1646/943/909
f 1646/943/909 1662/939/905 1644/944/910
f 1662/939/905 1642/945/911 1644/944/910
f 1662/939/905 1661/940/906 1642/945/911
f 1661/940/906 1639/946/912 1642/945/911
f 1661/940/906 1640/947/913 1639/946/912
f 1660/948/914 1640/947/913 1661/940/906
f 1659/938/904 1660/948/914 1661/940/906
f 1658/949/887 1660/948/914 1659/938/904
f 1656/936/902 1658/949/887 1659/938/904
f 1657/950/915 1658/949/887 1656/936/902
f 1655/951/889 1657/950/915 1656/936/902
f 1655/951/889 1656/936/902 1654/935/901
f 1653/952/916 1655/951/889 1654/935/901
f 1653/952/916 1654/935/901 1651/941/907
f 1652/953/917 1653/952/916 1651/941/907
f 1652/953/917 1651/941/907 1650/954/918
f 1648/942/908 1650/954/918 1651/941/907
f 1649/955/896 1650/954/918 1648/942/908
f 1647/956/919 1649/955/896 1648/942/908
f 1646/943/909 1647/956/919 1648/942/908
f 1645/957/920 1647/956/919 1646/943/909
f 1644/944/910 1645/957/920 1646/943/909
f 1643/958/899 1645/957/920 1644/944/910
f 1644/944/910 1642/945/911 1643/958/899
f 1642/945/911 1641/959/921 1643/958/899
f 1642/945/911 1639/946/912 1641/959/921
f 1639/946/912 1636/960/873 1641/959/921
f 1639/946/912 1638/961/877 1636/960/873
f 1640/947/913 1638/961/877 1639/946/912
f 1638/961/877 1637/962/922 1636/960/873
f 1634/963/923 1632/964/924 1633/965/925
f 1635/966/926 1629/967/927 1632/964/924
f 1634/963/923 1635/966/926 1632/964/924
f 1616/968/928 1635/966/926 1634/963/923
f 1615/969/929 1616/968/928 1634/963/923
f 1615/969/929 1634/963/923 1617/970/930
f 1617/970/930 1634/963/923 1633/965/925
f 1617/970/930 1633/965/925 1618/971/931
f 1618/971/931 1633/965/925 1620/972/932
f 1633/965/925 1631/973/933 1620/972/932
f 1633/965/925 1632/964/924 1631/973/933
f 1632/964/924 1630/974/934 1631/973/933
f 1632/964/924 1629/967/927 1630/974/934
f 1620/972/932 1631/973/933 1622/975/935
f 1631/973/933 1625/976/936 1622/975/935
f 1631/973/933 1630/974/934 1625/976/936
f 1630/974/934 1627/977/937 1625/976/936
f 1630/974/934 1629/967/927 1627/977/937
f 1628/978/938 1627/977/937 1629/967/927
f 1627/977/937 1628/978/938 1626/979/939
f 1625/976/936 1627/977/937 1626/979/939
f 1625/976/936 1626/979/939 1624/980/940
f 1622/975/935 1625/976/936 1624/980/940
f 1622/975/935 1624/980/940 1623/981/941
f 1621/982/942 1622/975/935 1623/981/941
f 1620/972/932 1622/975/935 1621/982/942
f 1619/983/943 1620/972/932 1621/982/942
f 1618/971/931 1620/972/932 1619/983/943
f 1614/984/944 1618/971/931 1619/983/943
f 1613/985/945 1618/971/931 1614/984/944
f 1613/985/945 1617/970/930 1618/971/931
f 1611/986/946 1617/970/930 1613/985/945
f 1611/986/946 1615/969/929 1617/970/930
f 1612/987/947 1615/969/929 1611/986/946
f 1612/987/947 1616/968/928 1615/969/929
f 1610/988/948 1613/985/945 1614/984/944
f 1608/989/949 1613/985/945 1610/988/948
f 1608/989/949 1611/986/946 1613/985/945
f 1609/990/950 1611/986/946 1608/989/949
f 1609/990/950 1612/987/947 1611/986/946
f 1605/991/951 1608/989/949 1610/988/948
f 1606/992/952 1608/989/949 1605/991/951
f 1606/992/952 1609/990/950 1608/989/949
f 1607/993/953 1606/992/952 1605/991/951
f 1593/994/928 1604/995/954 1594/996/950
f 1585/997/955 1582/998/956 1583/999/957
f 1603/1000/958 1585/997/955 1583/999/957
f 1603/1000/958 1583/999/957 1592/1001/959
f 1602/1002/960 1603/1000/958 1592/1001/959
f 1602/1002/960 1592/1001/959 1601/1003/961
f 1600/1004/962 1601/1003/961 1592/1001/959
f 1599/1005/944 1600/1004/962 1592/1001/959
f 1591/1006/963 1599/1005/944 1592/1001/959
f 1598/1007/964 1599/1005/944 1591/1006/963
f 1590/1008/965 1598/1007/964 1591/1006/963
f 1597/1009/966 1598/1007/964 1590/1008/965
f 1596/1010/967 1597/1009/966 1590/1008/965
f 1590/1008/965 1589/1011/968 1596/1010/967
f 1589/1011/968 1595/1012/969 1596/1010/967
f 1589/1011/968 1588/1013/970 1595/1012/969
f 1588/1013/970 1594/996/950 1595/1012/969
f 1588/1013/970 1593/994/928 1594/996/950
f 1587/1014/971 1593/994/928 1588/1013/970
f 1592/1001/959 1583/999/957 1591/1006/963
f 1583/999/957 1580/1015/972 1591/1006/963
f 1591/1006/963 1580/1015/972 1590/1008/965
f 1580/1015/972 1589/1011/968 1590/1008/965
f 1580/1015/972 1581/1016/973 1589/1011/968
f 1581/1016/973 1588/1013/970 1589/1011/968
f 1581/1016/973 1587/1014/971 1588/1013/970
f 1586/1017/974 1587/1014/971 1581/1016/973
f 1582/998/956 1586/1017/974 1581/1016/973
f 1584/1018/975 1586/1017/974 1582/998/956
f 1585/997/955 1584/1018/975 1582/998/956
f 1583/999/957 1582/998/956 1580/1015/972
f 1582/998/956 1581/1016/973 1580/1015/972
f 1577/1019/976 1574/1020/977 1578/1021/978
f 1574/1020/977 1572/1022/979 1578/1021/978
f 1578/1021/978 1572/1022/979 1579/1023/980
f 1572/1022/979 1570/1024/981 1579/1023/980
f 1570/1024/981 1567/1025/982 1565/1026/983
f 1579/1023/980 1570/1024/981 1565/1026/983
f 1579/1023/980 1565/1026/983 1562/1027/984
f 1560/1028/985 1579/1023/980 1562/1027/984
f 1578/1021/978 1579/1023/980 1560/1028/985
f 1558/1029/986 1578/1021/978 1560/1028/985
f 1577/1019/976 1578/1021/978 1558/1029/986
f 1555/1030/987 1577/1019/976 1558/1029/986
f 1556/1031/988 1577/1019/976 1555/1030/987
f 1556/1031/988 1576/1032/989 1577/1019/976
f 1576/1032/989 1574/1020/977 1577/1019/976
f 1576/1032/989 1575/1033/990 1574/1020/977
f 1573/1034/991 1574/1020/977 1575/1033/990
f 1572/1022/979 1574/1020/977 1573/1034/991
f 1571/1035/992 1572/1022/979 1573/1034/991
f 1570/1024/981 1572/1022/979 1571/1035/992
f 1569/1036/993 1570/1024/981 1571/1035/992
f 1567/1025/982 1570/1024/981 1569/1036/993
f 1568/1037/994 1567/1025/982 1569/1036/993
f 1567/1025/982 1568/1037/994 1566/1038/995
f 1565/1026/983 1567/1025/982 1566/1038/995
f 1565/1026/983 1566/1038/995 1564/1039/996
f 1562/1027/984 1565/1026/983 1564/1039/996
f 1562/1027/984 1564/1039/996 1563/1040/997
f 1561/1041/998 1562/1027/984 1563/1040/997
f 1560/1028/985 1562/1027/984 1561/1041/998
f 1559/1042/999 1560/1028/985 1561/1041/998
f 1558/1029/986 1560/1028/985 1559/1042/999
f 1557/1043/1000 1558/1029/986 1559/1042/999
f 1555/1030/987 1558/1029/986 1557/1043/1000
f 1552/1044/1001 1555/1030/987 1557/1043/1000
f 1553/1045/1002 1555/1030/987 1552/1044/1001
f 1553/1045/1002 1556/1031/988 1555/1030/987
f 1554/1046/1003 1553/1045/1002 1552/1044/1001
f 1551/1047/1004 1549/1048/1005 1550/1049/1006
f 1550/1049/1006 1547/1050/1007 1548/1051/1008
f 1549/1048/1005 1547/1050/1007 1550/1049/1006
f 1549/1048/1005 1546/1052/1009 1547/1050/1007
f 1548/1051/1008 1544/1053/1010 1545/1054/1011
f 1547/1050/1007 1544/1053/1010 1548/1051/1008
f 1547/1050/1007 1543/1055/1012 1544/1053/1010
f 1546/1052/1009 1543/1055/1012 1547/1050/1007
f 1546/1052/1009 1542/1056/1013 1543/1055/1012
f 1545/1054/1011 1530/1057/1014 1532/1058/1015
f 1544/1053/1010 1530/1057/1014 1545/1054/1011
f 1544/1053/1010 1528/1059/1016 1530/1057/1014
f 1543/1055/1012 1528/1059/1016 1544/1053/1010
f 1543/1055/1012 1524/1060/1017 1528/1059/1016
f 1542/1056/1013 1524/1060/1017 1543/1055/1012
f 1542/1056/1013 1526/1061/1018 1524/1060/1017
f 1525/1062/1019 1540/1063/1020 1527/1064/1021
f 1541/1065/1022 1537/1066/1023 1535/1067/1024
f 1529/1068/1025 1535/1067/1024 1531/1069/1026
f 1529/1068/1025 1541/1065/1022 1535/1067/1024
f 1527/1064/1021 1541/1065/1022 1529/1068/1025
f 1527/1064/1021 1540/1063/1020 1541/1065/1022
f 1541/1065/1022 1540/1063/1020 1537/1066/1023
f 1540/1063/1020 1539/1070/1027 1537/1066/1023
f 1538/1071/1028 1537/1066/1023 1539/1070/1027
f 1537/1066/1023 1538/1071/1028 1536/1072/1029
f 1535/1067/1024 1537/1066/1023 1536/1072/1029
f 1535/1067/1024 1536/1072/1029 1534/1073/1030
f 1531/1069/1026 1535/1067/1024 1534/1073/1030
f 1531/1069/1026 1534/1073/1030 1533/1074/1031
f 1532/1058/1015 1531/1069/1026 1533/1074/1031
f 1530/1057/1014 1531/1069/1026 1532/1058/1015
f 1530/1057/1014 1529/1068/1025 1531/1069/1026
f 1528/1059/1016 1529/1068/1025 1530/1057/1014
f 1528/1059/1016 1527/1064/1021 1529/1068/1025
f 1524/1060/1017 1527/1064/1021 1528/1059/1016
f 1524/1060/1017 1525/1062/1019 1527/1064/1021
f 1526/1061/1018 1525/1062/1019 1524/1060/1017
f 1505/1075/1032 1523/1076/1013 1522/1077/1033
f 1504/1078/1034 1505/1075/1032 1522/1077/1033
f 1504/1078/1034 1522/1077/1033 1521/1079/1035
f 1506/1080/1036 1504/1078/1034 1521/1079/1035
f 1506/1080/1036 1521/1079/1035 1520/1081/1004
f 1511/1082/1037 1506/1080/1036 1520/1081/1004
f 1520/1081/1004 1519/1083/1038 1511/1082/1037
f 1511/1082/1037 1519/1083/1038 1512/1084/1039
f 1519/1083/1038 1518/1085/1040 1512/1084/1039
f 1512/1084/1039 1518/1085/1040 1513/1086/1041
f 1518/1085/1040 1517/1087/1011 1513/1086/1041
f 1517/1087/1011 1516/1088/1042 1513/1086/1041
f 1513/1086/1041 1516/1088/1042 1514/1089/1043
f 1515/1090/1044 1514/1089/1043 1516/1088/1042
f 1515/1090/1044 1510/1091/1045 1514/1089/1043
f 1510/1091/1045 1509/1092/1046 1514/1089/1043
f 1514/1089/1043 1509/1092/1046 1513/1086/1041
f 1509/1092/1046 1508/1093/1047 1513/1086/1041
f 1513/1086/1041 1508/1093/1047 1512/1084/1039
f 1508/1093/1047 1507/1094/1048 1512/1084/1039
f 1512/1084/1039 1507/1094/1048 1511/1082/1037
f 1507/1094/1048 1506/1080/1036 1511/1082/1037
f 1510/1091/1045 1503/1095/1049 1509/1092/1046
f 1503/1095/1049 1501/1096/1050 1509/1092/1046
f 1509/1092/1046 1501/1096/1050 1508/1093/1047
f 1501/1096/1050 1499/1097/1051 1508/1093/1047
f 1508/1093/1047 1499/1097/1051 1507/1094/1048
f 1499/1097/1051 1496/1098/1052 1507/1094/1048
f 1507/1094/1048 1496/1098/1052 1506/1080/1036
f 1496/1098/1052 1504/1078/1034 1506/1080/1036
f 1496/1098/1052 1497/1099/1053 1504/1078/1034
f 1497/1099/1053 1505/1075/1032 1504/1078/1034
f 1503/1095/1049 1502/1100/1054 1501/1096/1050
f 1502/1100/1054 1500/1101/1055 1501/1096/1050
f 1501/1096/1050 1500/1101/1055 1499/1097/1051
f 1500/1101/1055 1498/1102/1056 1499/1097/1051
f 1499/1097/1051 1498/1102/1056 1496/1098/1052
f 1498/1102/1056 1497/1099/1053 1496/1098/1052
f 1485/1103/1057 1483/1104/1058 1487/1105/1059
f 1483/1104/1058 1482/1106/1060 1487/1105/1059
f 1487/1105/1059 1482/1106/1060 1489/1107/1061
f 1482/1106/1060 1492/1108/1062 1489/1107/1061
f 1482/1106/1060 1479/1109/1063 1492/1108/1062
f 1479/1109/1063 1476/1110/1064 1492/1108/1062
f 1477/1111/1065 1495/1112/1066 1494/1113/1067
f 1476/1110/1064 1477/1111/1065 1494/1113/1067
f 1476/1110/1064 1494/1113/1067 1493/1114/1068
f 1492/1108/1062 1476/1110/1064 1493/1114/1068
f 1492/1108/1062 1493/1114/1068 1491/1115/1069
f 1489/1107/1061 1492/1108/1062 1491/1115/1069
f 1489/1107/1061 1491/1115/1069 1490/1116/1070
f 1488/1117/1071 1489/1107/1061 1490/1116/1070
f 1487/1105/1059 1489/1107/1061 1488/1117/1071
f 1486/1118/1072 1487/1105/1059 1488/1117/1071
f 1485/1103/1057 1487/1105/1059 1486/1118/1072
f 1484/1119/1073 1485/1103/1057 1486/1118/1072
f 1483/1104/1058 1485/1103/1057 1484/1119/1073
f 1481/1120/1074 1483/1104/1058 1484/1119/1073
f 1480/1121/1075 1483/1104/1058 1481/1120/1074
f 1483/1104/1058 1480/1121/1075 1482/1106/1060
f 1480/1121/1075 1479/1109/1063 1482/1106/1060
f 1473/1122/1076 1480/1121/1075 1481/1120/1074
f 1474/1123/1077 1480/1121/1075 1473/1122/1076
f 1480/1121/1075 1474/1123/1077 1479/1109/1063
f 1474/1123/1077 1478/1124/1078 1479/1109/1063
f 1479/1109/1063 1478/1124/1078 1476/1110/1064
f 1478/1124/1078 1477/1111/1065 1476/1110/1064
f 1475/1125/1079 1474/1123/1077 1473/1122/1076
f 1466/1126/1080 1472/1127/1081 1468/1128/1082
f 1472/1127/1081 1471/1129/1083 1468/1128/1082
f 1468/1128/1082 1471/1129/1083 1470/1130/1084
f 1462/1131/1085 1460/1132/1086 1466/1126/1080
f 1460/1132/1086 1472/1127/1081 1466/1126/1080
f 1460/1132/1086 1457/1133/1087 1472/1127/1081
f 1457/1133/1087 1455/1134/1088 1472/1127/1081
f 1472/1127/1081 1455/1134/1088 1471/1129/1083
f 1455/1134/1088 1453/1135/1089 1471/1129/1083
f 1471/1129/1083 1453/1135/1089 1452/1136/1090
f 1471/1129/1083 1452/1136/1090 1470/1130/1084
f 1470/1130/1084 1452/1136/1090 1451/1137/1091
f 1451/1137/1091 1469/1138/1092 1470/1130/1084
f 1468/1128/1082 1470/1130/1084 1469/1138/1092
f 1467/1139/1093 1468/1128/1082 1469/1138/1092
f 1466/1126/1080 1468/1128/1082 1467/1139/1093
f 1465/1140/1094 1466/1126/1080 1467/1139/1093
f 1462/1131/1085 1466/1126/1080 1465/1140/1094
f 1464/1141/1095 1462/1131/1085 1465/1140/1094
f 1463/1142/1096 1462/1131/1085 1464/1141/1095
f 1463/1142/1096 1461/1143/1097 1462/1131/1085
f 1461/1143/1097 1460/1132/1086 1462/1131/1085
f 1461/1143/1097 1459/1144/1098 1460/1132/1086
f 1459/1144/1098 1457/1133/1087 1460/1132/1086
f 1459/1144/1098 1458/1145/1099 1457/1133/1087
f 1458/1145/1099 1456/1146/1100 1457/1133/1087
f 1457/1133/1087 1456/1146/1100 1455/1134/1088
f 1456/1146/1100 1454/1147/1101 1455/1134/1088
f 1455/1134/1088 1454/1147/1101 1453/1135/1089
f 1454/1147/1101 1449/1148/1102 1453/1135/1089
f 1453/1135/1089 1449/1148/1102 1448/1149/1103
f 1453/1135/1089 1448/1149/1103 1452/1136/1090
f 1452/1136/1090 1448/1149/1103 1450/1150/1104
f 1452/1136/1090 1450/1150/1104 1451/1137/1091
f 1448/1149/1103 1445/1151/1105 1450/1150/1104
f 1449/1148/1102 1447/1152/1106 1448/1149/1103
f 1448/1149/1103 1447/1152/1106 1445/1151/1105
f 1447/1152/1106 1446/1153/1107 1445/1151/1105
f 1444/1154/1108 1442/1155/1109 1443/1156/1110
f 1442/1155/1109 1441/1157/1111 1443/1156/1110
f 1442/1155/1109 1440/1158/1112 1441/1157/1111
f 1440/1158/1112 1439/1159/1113 1441/1157/1111
f 1440/1158/1112 1438/1160/1114 1439/1159/1113
f 1438/1160/1114 1436/1161/1115 1439/1159/1113
f 1438/1160/1114 1437/1162/1116 1436/1161/1115
f 1437/1162/1116 1434/1163/1117 1436/1161/1115
f 1436/1161/1115 1434/1163/1117 1435/1164/1118
f 1434/1163/1117 1428/1165/1119 1435/1164/1118
f 1428/1165/1119 1434/1163/1117 1427/1166/1120
f 1434/1163/1117 1433/1167/1121 1427/1166/1120
f 1427/1166/1120 1433/1167/1121 1426/1168/1122
f 1433/1167/1121 1432/1169/1123 1426/1168/1122
f 1426/1168/1122 1432/1169/1123 1425/1170/1124
f 1432/1169/1123 1431/1171/1125 1425/1170/1124
f 1430/1172/1126 1429/1173/1127 1424/1174/1128
f 1429/1173/1127 1423/1175/1129 1424/1174/1128
f 1429/1173/1127 1428/1165/1119 1423/1175/1129
f 1428/1165/1119 1427/1166/1120 1423/1175/1129
f 1423/1175/1129 1427/1166/1120 1421/1176/1130
f 1427/1166/1120 1426/1168/1122 1421/1176/1130
f 1421/1176/1130 1426/1168/1122 1420/1177/1131
f 1426/1168/1122 1425/1170/1124 1420/1177/1131
f 1424/1174/1128 1423/1175/1129 1422/1178/1132
f 1423/1175/1129 1421/1176/1130 1422/1178/1132
f 1422/1178/1132 1421/1176/1130 1419/1179/1133
f 1421/1176/1130 1420/1177/1131 1419/1179/1133
f 1408/1180/1134 1406/1181/1135 1410/1182/1136
f 1406/1181/1135 1405/1183/1137 1410/1182/1136
f 1410/1182/1136 1405/1183/1137 1412/1184/1138
f 1405/1183/1137 1415/1185/1139 1412/1184/1138
f 1405/1183/1137 1402/1186/1140 1415/1185/1139
f 1402/1186/1140 1399/1187/1141 1415/1185/1139
f 1400/1188/1142 1418/1189/1143 1417/1190/1144
f 1399/1187/1141 1400/1188/1142 1417/1190/1144
f 1399/1187/1141 1417/1190/1144 1416/1191/1145
f 1415/1185/1139 1399/1187/1141 1416/1191/1145
f 1415/1185/1139 1416/1191/1145 1414/1192/1070
f 1412/1184/1138 1415/1185/1139 1414/1192/1070
f 1414/1192/1070 1413/1193/1146 1412/1184/1138
f 1413/1193/1146 1411/1194/1147 1412/1184/1138
f 1412/1184/1138 1411/1194/1147 1410/1182/1136
f 1411/1194/1147 1409/1195/1148 1410/1182/1136
f 1410/1182/1136 1409/1195/1148 1408/1180/1134
f 1409/1195/1148 1407/1196/1066 1408/1180/1134
f 1408/1180/1134 1407/1196/1066 1406/1181/1135
f 1407/1196/1066 1404/1197/1065 1406/1181/1135
f 1406/1181/1135 1404/1197/1065 1403/1198/1149
f 1406/1181/1135 1403/1198/1149 1405/1183/1137
f 1403/1198/1149 1402/1186/1140 1405/1183/1137
f 1404/1197/1065 1398/1199/1078 1403/1198/1149
f 1403/1198/1149 1398/1199/1078 1396/1200/1150
f 1403/1198/1149 1396/1200/1150 1402/1186/1140
f 1396/1200/1150 1401/1201/1151 1402/1186/1140
f 1402/1186/1140 1401/1201/1151 1399/1187/1141
f 1401/1201/1151 1400/1188/1142 1399/1187/1141
f 1398/1199/1078 1397/1202/1077 1396/1200/1150
f 1377/1203/1152 1393/1204/1153 1375/1205/1154
f 1377/1203/1152 1395/1206/1155 1393/1204/1153
f 1395/1206/1155 1394/1207/1156 1393/1204/1153
f 1392/1208/1157 1384/1209/1158 1382/1210/1159
f 1391/1211/1133 1392/1208/1157 1382/1210/1159
f 1382/1210/1159 1380/1212/1160 1391/1211/1133
f 1380/1212/1160 1374/1213/1132 1391/1211/1133
f 1380/1212/1160 1376/1214/1161 1374/1213/1132
f 1390/1215/1162 1389/1216/1163 1373/1217/1164
f 1389/1216/1163 1372/1218/1165 1373/1217/1164
f 1372/1218/1165 1389/1216/1163 1388/1219/1114
f 1387/1220/1166 1372/1218/1165 1388/1219/1114
f 1370/1221/1167 1372/1218/1165 1387/1220/1166
f 1386/1222/1109 1370/1221/1167 1387/1220/1166
f 1369/1223/1168 1370/1221/1167 1386/1222/1109
f 1385/1224/1169 1369/1223/1168 1386/1222/1109
f 1368/1225/1170 1369/1223/1168 1385/1224/1169
f 1383/1226/1110 1368/1225/1170 1385/1224/1169
f 1384/1209/1158 1368/1225/1170 1383/1226/1110
f 1382/1210/1159 1384/1209/1158 1383/1226/1110
f 1383/1226/1110 1381/1227/1171 1382/1210/1159
f 1381/1227/1171 1380/1212/1160 1382/1210/1159
f 1381/1227/1171 1379/1228/1172 1380/1212/1160
f 1379/1228/1172 1376/1214/1161 1380/1212/1160
f 1379/1228/1172 1378/1229/1115 1376/1214/1161
f 1378/1229/1115 1377/1203/1152 1376/1214/1161
f 1376/1214/1161 1377/1203/1152 1375/1205/1154
f 1376/1214/1161 1375/1205/1154 1374/1213/1132
f 1373/1217/1164 1372/1218/1165 1371/1230/1173
f 1372/1218/1165 1370/1221/1167 1371/1230/1173
f 1371/1230/1173 1370/1221/1167 1368/1225/1170
f 1370/1221/1167 1369/1223/1168 1368/1225/1170
f 1360/1231/1174 1358/1232/1175 1367/1233/1176
f 1358/1232/1175 1365/1234/1177 1367/1233/1176
f 1367/1233/1176 1365/1234/1177 1366/1235/1178
f 1365/1234/1177 1351/1236/1179 1366/1235/1178
f 1365/1234/1177 1352/1237/1180 1351/1236/1179
f 1356/1238/1181 1352/1237/1180 1365/1234/1177
f 1356/1238/1181 1353/1239/1182 1352/1237/1180
f 1358/1232/1175 1356/1238/1181 1365/1234/1177
f 1364/1240/1183 1357/1241/1184 1363/1242/1185
f 1357/1241/1184 1359/1243/1186 1363/1242/1185
f 1363/1242/1185 1359/1243/1186 1362/1244/1187
f 1359/1243/1186 1361/1245/1188 1362/1244/1187
f 1361/1245/1188 1359/1243/1186 1360/1231/1174
f 1359/1243/1186 1358/1232/1175 1360/1231/1174
f 1359/1243/1186 1357/1241/1184 1358/1232/1175
f 1357/1241/1184 1356/1238/1181 1358/1232/1175
f 1357/1241/1184 1355/1246/1189 1356/1238/1181
f 1355/1246/1189 1353/1239/1182 1356/1238/1181
f 1353/1239/1182 1355/1246/1189 1354/1247/1190
f 1350/1248/1191 1353/1239/1182 1354/1247/1190
f 1349/1249/1192 1353/1239/1182 1350/1248/1191
f 1353/1239/1182 1349/1249/1192 1352/1237/1180
f 1352/1237/1180 1349/1249/1192 1348/1250/1193
f 1352/1237/1180 1348/1250/1193 1351/1236/1179
f 1345/1251/1194 1349/1249/1192 1350/1248/1191
f 1346/1252/1195 1349/1249/1192 1345/1251/1194
f 1349/1249/1192 1346/1252/1195 1348/1250/1193
f 1347/1253/1196 1346/1252/1195 1345/1251/1194
f 1332/1254/1197 1344/1255/1198 1335/1256/1199
f 1344/1255/1198 1336/1257/1200 1335/1256/1199
f 1344/1255/1198 1343/1258/1201 1336/1257/1200
f 1343/1258/1201 1338/1259/1202 1336/1257/1200
f 1343/1258/1201 1342/1260/1203 1338/1259/1202
f 1342/1260/1203 1340/1261/1204 1338/1259/1202
f 1342/1260/1203 1341/1262/1205 1340/1261/1204
f 1341/1262/1205 1331/1263/1206 1340/1261/1204
f 1340/1261/1204 1331/1263/1206 1330/1264/1207
f 1340/1261/1204 1330/1264/1207 1339/1265/1208
f 1338/1259/1202 1340/1261/1204 1339/1265/1208
f 1338/1259/1202 1339/1265/1208 1337/1266/1209
f 1336/1257/1200 1338/1259/1202 1337/1266/1209
f 1336/1257/1200 1337/1266/1209 1323/1267/1210
f 1335/1256/1199 1336/1257/1200 1323/1267/1210
f 1323/1267/1210 1324/1268/1211 1335/1256/1199
f 1324/1268/1211 1334/1269/1212 1335/1256/1199
f 1335/1256/1199 1334/1269/1212 1332/1254/1197
f 1334/1269/1212 1333/1270/1213 1332/1254/1197
f 1331/1263/1206 1327/1271/1214 1330/1264/1207
f 1329/1272/1215 1328/1273/1216 1322/1274/1217
f 1328/1273/1216 1321/1275/1218 1322/1274/1217
f 1328/1273/1216 1327/1271/1219 1321/1275/1218
f 1327/1271/1219 1326/1276/1220 1321/1275/1218
f 1321/1275/1218 1326/1276/1220 1319/1277/1221
f 1326/1276/1220 1325/1278/1222 1319/1277/1221
f 1319/1277/1221 1325/1278/1222 1318/1279/1223
f 1325/1278/1222 1324/1268/1211 1318/1279/1223
f 1318/1279/1223 1324/1268/1211 1323/1267/1210
f 1317/1280/1224 1318/1279/1223 1323/1267/1210
f 1322/1274/1217 1321/1275/1218 1320/1281/1225
f 1321/1275/1218 1319/1277/1221 1320/1281/1225
f 1320/1281/1225 1319/1277/1221 1317/1280/1224
f 1319/1277/1221 1318/1279/1223 1317/1280/1224
f 1316/1282/1226 1315/1283/1227 1314/1284/1228
f 1314/1284/1228 1315/1283/1227 1007/1285/1229
f 1313/1286/1230 1314/1284/1228 1007/1285/1229
f 1313/1286/1230 1007/1285/1229 1008/1287/1231
f 1312/1288/1232 1313/1286/1230 1008/1287/1231
f 1312/1288/1232 1008/1287/1231 1010/1289/1233
f 1311/1290/1234 1312/1288/1232 1010/1289/1233
f 1311/1290/1234 1010/1289/1233 1027/1291/1235
f 1310/1292/1236 1311/1290/1234 1027/1291/1235
f 1310/1292/1236 1027/1291/1235 1028/1293/1237
f 1309/1294/1238 1310/1292/1236 1028/1293/1237
f 1309/1294/1238 1028/1293/1237 1029/1295/1239
f 1308/1296/1240 1309/1294/1238 1029/1295/1239
f 1308/1296/1240 1029/1295/1239 1030/1297/1241
f 1307/1298/1242 1308/1296/1240 1030/1297/1241
f 1307/1298/1242 1030/1297/1241 1031/1297/1243
f 1303/1298/1244 1307/1298/1242 1031/1297/1243
f 1305/1299/1245 1306/1300/1246 1304/1301/1247
f 1305/1299/1245 1304/1301/1247 1303/1298/1248
f 1302/1302/1197 1296/1303/1249 1297/1304/1250
f 1289/1305/1251 1301/1306/1252 1290/1307/1253
f 1301/1306/1252 1299/1308/1254 1290/1307/1253
f 1299/1308/1254 1301/1306/1252 1300/1309/1203
f 1298/1310/1255 1299/1308/1254 1300/1309/1203
f 1295/1311/1256 1299/1308/1254 1298/1310/1255
f 1299/1308/1254 1295/1311/1256 1292/1312/1257
f 1290/1307/1253 1299/1308/1254 1292/1312/1257
f 1297/1304/1250 1295/1311/1256 1298/1310/1255
f 1296/1303/1249 1295/1311/1256 1297/1304/1250
f 1295/1311/1256 1296/1303/1249 1294/1313/1258
f 1292/1312/1257 1295/1311/1256 1294/1313/1258
f 1292/1312/1257 1294/1313/1258 1293/1314/1259
f 1291/1315/1260 1292/1312/1257 1293/1314/1259
f 1290/1307/1253 1292/1312/1257 1291/1315/1260
f 1288/1316/1261 1290/1307/1253 1291/1315/1260
f 1289/1305/1251 1290/1307/1253 1288/1316/1261
f 1280/1317/1262 1289/1305/1251 1288/1316/1261
f 1287/1318/1263 1285/1319/1264 1286/1320/1265
f 1285/1319/1264 1284/1321/1225 1286/1320/1265
f 1285/1319/1264 1283/1322/1266 1284/1321/1225
f 1283/1322/1266 1282/1323/1217 1284/1321/1225
f 1283/1322/1266 1281/1324/1267 1282/1323/1217
f 1281/1324/1267 1278/1325/1268 1282/1323/1217
f 1281/1324/1267 1280/1317/1269 1278/1325/1268
f 1280/1317/1269 1279/1326/1270 1278/1325/1268
f 1272/1327/1271 1277/1328/1272 1270/1329/1273
f 1277/1328/1272 1269/1330/1274 1270/1329/1273
f 1277/1328/1272 1276/1331/1275 1269/1330/1274
f 1276/1331/1275 1267/1332/1276 1269/1330/1274
f 1276/1331/1275 1275/1333/1277 1267/1332/1276
f 1275/1333/1277 1265/1334/1278 1267/1332/1276
f 1275/1333/1277 1274/1335/1279 1265/1334/1278
f 1274/1335/1279 1264/1336/1280 1265/1334/1278
f 1271/1337/1281 1273/1338/1282 1272/1327/1271
f 1270/1329/1273 1271/1337/1281 1272/1327/1271
f 1261/1339/1283 1271/1337/1281 1270/1329/1273
f 1262/1340/1284 1261/1339/1283 1270/1329/1273
f 1270/1329/1273 1269/1330/1274 1262/1340/1284
f 1269/1330/1274 1268/1341/1285 1262/1340/1284
f 1269/1330/1274 1267/1332/1276 1268/1341/1285
f 1267/1332/1276 1266/1342/1286 1268/1341/1285
f 1267/1332/1276 1265/1334/1278 1266/1342/1286
f 1265/1334/1278 1263/1343/1287 1266/1342/1286
f 1265/1334/1278 1264/1336/1280 1263/1343/1287
f 1264/1336/1280 1258/1344/1288 1263/1343/1287
f 1250/1345/1289 1251/1346/1290 1262/1340/1284
f 1251/1346/1290 1261/1339/1283 1262/1340/1284
f 1260/1347/1291 1261/1339/1283 1251/1346/1290
f 1252/1348/1292 1260/1347/1291 1251/1346/1290
f 1259/1349/1293 1260/1347/1291 1252/1348/1292
f 1254/1350/1294 1259/1349/1293 1252/1348/1292
f 1258/1344/1295 1259/1349/1293 1254/1350/1294
f 1256/1351/1296 1258/1344/1295 1254/1350/1294
f 1256/1351/1296 1254/1350/1294 1255/1352/1297
f 1257/1353/1298 1256/1351/1296 1255/1352/1297
f 1255/1352/1297 1254/1350/1294 1253/1354/1299
f 1254/1350/1294 1252/1348/1292 1253/1354/1299
f 1253/1354/1299 1252/1348/1292 1250/1345/1289
f 1252/1348/1292 1251/1346/1290 1250/1345/1289
f 1249/1355/1300 1242/1356/1301 1244/1357/1302
f 1248/1358/1303 1249/1355/1300 1244/1357/1302
f 1247/1359/1304 1248/1358/1303 1244/1357/1302
f 1247/1359/1304 1244/1357/1302 1246/1360/1305
f 1244/1357/1302 1245/1361/1306 1246/1360/1305
f 1244/1357/1302 1243/1362/1307 1245/1361/1306
f 1243/1362/1307 1244/1357/1302 1242/1356/1301
f 1241/1363/1308 1243/1362/1307 1242/1356/1301
f 1242/1356/1301 1240/1364/1309 1241/1363/1308
f 1240/1364/1309 1239/1365/1310 1241/1363/1308
f 1240/1364/1309 1238/1366/1311 1239/1365/1310
f 1238/1366/1311 1237/1367/1312 1239/1365/1310
f 1238/1366/1311 1236/1368/1313 1237/1367/1312
f 1236/1368/1313 1235/1369/1314 1237/1367/1312
f 1236/1368/1313 1232/1370/1315 1235/1369/1314
f 1234/1371/1316 1235/1369/1314 1232/1370/1315
f 1233/1372/1317 1234/1371/1316 1232/1370/1315
f 1233/1372/1317 1228/1373/1318 1234/1371/1316
f 1233/1372/1317 1230/1374/1319 1228/1373/1318
f 1233/1372/1317 1232/1370/1315 1230/1374/1319
f 1232/1370/1315 1231/1375/1320 1230/1374/1319
f 1230/1374/1319 1229/1376/1321 1228/1373/1318
f 1227/1377/1271 1225/1378/1322 1226/1379/1272
f 1226/1379/1272 1220/1380/1323 1222/1381/1324
f 1225/1378/1322 1220/1380/1323 1226/1379/1272
f 1220/1380/1323 1225/1378/1322 1219/1382/1325
f 1221/1383/1326 1224/1384/1327 1223/1385/1277
f 1214/1386/1328 1224/1384/1327 1215/1387/1329
f 1224/1384/1327 1221/1383/1326 1215/1387/1329
f 1215/1387/1329 1221/1383/1326 1217/1388/1330
f 1222/1381/1324 1221/1383/1326 1223/1385/1277
f 1220/1380/1323 1221/1383/1326 1222/1381/1324
f 1221/1383/1326 1220/1380/1323 1217/1388/1330
f 1217/1388/1330 1220/1380/1323 1219/1382/1325
f 1217/1388/1330 1219/1382/1325 1218/1389/1331
f 1216/1390/1291 1217/1388/1330 1218/1389/1331
f 1215/1387/1329 1217/1388/1330 1216/1390/1291
f 1213/1391/1332 1215/1387/1329 1216/1390/1291
f 1214/1386/1328 1215/1387/1329 1213/1391/1332
f 1205/1392/1333 1214/1386/1328 1213/1391/1332
f 1212/1393/1334 1210/1394/1335 1211/1395/1336
f 1210/1394/1335 1209/1396/1337 1211/1395/1336
f 1210/1394/1335 1208/1397/1338 1209/1396/1337
f 1208/1397/1338 1207/1398/1297 1209/1396/1337
f 1208/1397/1338 1206/1399/1339 1207/1398/1297
f 1206/1399/1339 1203/1400/1298 1207/1398/1297
f 1206/1399/1339 1205/1392/1288 1203/1400/1298
f 1205/1392/1288 1204/1401/1340 1203/1400/1298
f 1201/1402/1341 1202/1403/1342 1200/1404/1196
f 1187/1405/1343 1201/1402/1341 1185/1406/1344
f 1185/1406/1344 1201/1402/1341 1200/1404/1196
f 1200/1404/1196 1184/1407/1345 1185/1406/1344
f 1197/1408/1346 1193/1409/1347 1191/1410/1348
f 1199/1411/1349 1197/1408/1346 1191/1410/1348
f 1199/1411/1349 1191/1410/1348 1189/1412/1350
f 1186/1413/1351 1199/1411/1349 1189/1412/1350
f 1182/1414/1352 1199/1411/1349 1186/1413/1351
f 1182/1414/1352 1198/1415/1353 1199/1411/1349
f 1183/1416/1354 1198/1415/1353 1182/1414/1352
f 1198/1415/1353 1197/1408/1346 1199/1411/1349
f 1183/1416/1354 1181/1417/1355 1198/1415/1353
f 1181/1417/1355 1178/1418/1183 1198/1415/1353
f 1198/1415/1353 1178/1418/1183 1197/1408/1346
f 1178/1418/1183 1196/1419/1356 1197/1408/1346
f 1197/1408/1346 1196/1419/1356 1193/1409/1347
f 1196/1419/1356 1195/1420/1187 1193/1409/1347
f 1195/1420/1187 1194/1421/1357 1193/1409/1347
f 1194/1421/1357 1192/1422/1358 1193/1409/1347
f 1193/1409/1347 1192/1422/1358 1191/1410/1348
f 1192/1422/1358 1190/1423/1176 1191/1410/1348
f 1191/1410/1348 1190/1423/1176 1189/1412/1350
f 1190/1423/1176 1188/1424/1359 1189/1412/1350
f 1189/1412/1350 1188/1424/1359 1186/1413/1351
f 1188/1424/1359 1187/1405/1343 1186/1413/1351
f 1186/1413/1351 1187/1405/1343 1185/1406/1344
f 1185/1406/1344 1182/1414/1352 1186/1413/1351
f 1184/1407/1345 1182/1414/1352 1185/1406/1344
f 1184/1407/1345 1183/1416/1354 1182/1414/1352
f 1181/1417/1355 1180/1425/1189 1178/1418/1183
f 1180/1425/1189 1179/1426/1360 1178/1418/1183
f 1157/1427/1361 1168/1428/1362 1156/1429/1363
f 1168/1428/1362 1177/1430/1364 1156/1429/1363
f 1168/1428/1362 1167/1431/1365 1177/1430/1364
f 1167/1431/1365 1176/1432/1366 1177/1430/1364
f 1167/1431/1365 1166/1433/1367 1176/1432/1366
f 1166/1433/1367 1175/1434/1368 1176/1432/1366
f 1166/1433/1367 1165/1435/1369 1175/1434/1368
f 1165/1435/1369 1174/1436/1370 1175/1434/1368
f 1165/1435/1369 1164/1437/1371 1174/1436/1370
f 1164/1437/1371 1173/1438/1372 1174/1436/1370
f 1164/1437/1371 1163/1439/1373 1173/1438/1372
f 1163/1439/1373 1172/1440/1374 1173/1438/1372
f 1163/1439/1373 1162/1441/1375 1172/1440/1374
f 1162/1441/1375 1171/1442/1376 1172/1440/1374
f 1162/1441/1375 1161/1443/1377 1171/1442/1376
f 1161/1443/1377 1169/1444/1378 1171/1442/1376
f 1161/1443/1377 1160/1445/1379 1169/1444/1378
f 1160/1445/1379 1170/1446/1380 1169/1444/1378
f 1157/1427/1361 1159/1447/1381 1168/1428/1362
f 1159/1447/1381 1167/1431/1365 1168/1428/1362
f 1167/1431/1365 1159/1447/1381 1166/1433/1367
f 1159/1447/1381 1165/1435/1369 1166/1433/1367
f 1165/1435/1369 1159/1447/1381 1164/1437/1371
f 1159/1447/1381 1163/1439/1373 1164/1437/1371
f 1163/1439/1373 1159/1447/1381 1162/1441/1375
f 1159/1447/1381 1161/1443/1377 1162/1441/1375
f 1161/1443/1377 1159/1447/1381 1160/1445/1379
f 1159/1447/1381 1071/1448/1382 1160/1445/1379
f 1153/1449/1383 1159/1447/1381 1158/1450/1384
f 1159/1447/1381 1157/1427/1361 1158/1450/1384
f 1158/1450/1384 1157/1427/1361 1155/1451/1385
f 1157/1427/1361 1156/1429/1363 1155/1451/1385
f 1154/1452/1386 1153/1449/1387 1151/1453/1388
f 1153/1449/1387 1152/1454/1389 1151/1453/1388
f 1147/1455/1390 1141/1456/1391 1151/1453/1392
f 1141/1456/1391 1150/1454/1393 1151/1453/1392
f 1150/1454/1393 1141/1456/1391 1140/1451/1394
f 1148/1449/1395 1150/1454/1393 1140/1451/1394
f 1149/1450/1396 1148/1449/1395 1140/1451/1394
f 1141/1456/1391 1147/1455/1390 1142/1457/1397
f 1146/1458/1398 1131/1459/1399 1145/1460/1400
f 1131/1459/1399 1132/1461/1401 1145/1460/1400
f 1145/1460/1400 1132/1461/1401 1144/1462/1402
f 1132/1461/1401 1133/1463/1403 1144/1462/1402
f 1144/1462/1402 1133/1463/1403 1143/1464/1404
f 1133/1463/1403 1134/1465/1405 1143/1464/1404
f 1143/1464/1404 1134/1465/1405 1142/1457/1397
f 1134/1465/1405 1135/1466/1406 1142/1457/1397
f 1141/1456/1391 1142/1457/1397 1135/1466/1406
f 1141/1456/1391 1135/1466/1406 1138/1467/1407
f 1141/1456/1391 1138/1467/1407 1140/1451/1394
f 1138/1467/1407 1136/1468/1408 1140/1451/1394
f 1136/1468/1408 1139/1429/1409 1140/1451/1394
f 1139/1429/1409 1136/1468/1408 1137/1430/1410
f 1136/1468/1408 1138/1467/1407 1135/1466/1406
f 1086/1469/1411 1087/1432/1412 1137/1430/1410
f 1104/1470/1413 1086/1469/1411 1137/1430/1410
f 1136/1468/1408 1104/1470/1413 1137/1430/1410
f 1136/1468/1408 1103/1471/1414 1104/1470/1413
f 1136/1468/1408 1135/1466/1406 1103/1471/1414
f 1102/1472/1415 1103/1471/1414 1135/1466/1406
f 1134/1465/1405 1102/1472/1415 1135/1466/1406
f 1110/1473/1416 1102/1472/1415 1134/1465/1405
f 1133/1463/1403 1110/1473/1416 1134/1465/1405
f 1119/1474/1417 1110/1473/1416 1133/1463/1403
f 1132/1461/1401 1119/1474/1417 1133/1463/1403
f 1121/1475/1418 1119/1474/1417 1132/1461/1401
f 1121/1475/1418 1132/1461/1401 1131/1459/1399
f 1121/1475/1418 1131/1459/1399 1130/1476/1419
f 1128/1477/1420 1130/1476/1419 1131/1459/1399
f 1130/1476/1419 1128/1477/1420 1123/1478/1421
f 1121/1475/1418 1130/1476/1419 1123/1478/1421
f 1120/1479/1422 1121/1475/1418 1123/1478/1421
f 1128/1477/1420 1129/1480/1423 1126/1481/1424
f 1125/1482/1425 1124/1483/1426 1123/1478/1421
f 1127/1484/1427 1125/1482/1425 1123/1478/1421
f 1128/1477/1420 1127/1484/1427 1123/1478/1421
f 1128/1477/1420 1126/1481/1424 1127/1484/1427
f 1125/1482/1425 1127/1484/1427 1126/1481/1424
f 1125/1482/1425 1126/1481/1424 1122/1485/1428
f 1125/1482/1425 1122/1485/1428 1117/1486/1429
f 1125/1482/1425 1117/1486/1429 1124/1483/1426
f 1118/1487/1430 1124/1483/1426 1117/1486/1429
f 1124/1483/1426 1118/1487/1430 1123/1478/1421
f 1118/1487/1430 1120/1479/1422 1123/1478/1421
f 1122/1485/1428 1116/1488/1431 1117/1486/1429
f 1114/1489/1432 1113/1490/1433 1112/1491/1434
f 1119/1474/1417 1111/1492/1435 1110/1473/1416
f 1121/1475/1418 1120/1479/1422 1119/1474/1417
f 1118/1487/1430 1119/1474/1417 1120/1479/1422
f 1118/1487/1430 1111/1492/1435 1119/1474/1417
f 1118/1487/1430 1117/1486/1429 1111/1492/1435
f 1117/1486/1429 1112/1491/1434 1111/1492/1435
f 1116/1488/1431 1112/1491/1434 1117/1486/1429
f 1114/1489/1432 1112/1491/1434 1116/1488/1431
f 1114/1489/1432 1116/1488/1431 1115/1493/1436
f 1114/1489/1432 1115/1493/1436 1108/1494/1437
f 1114/1489/1432 1108/1494/1437 1096/1495/1438
f 1113/1490/1433 1114/1489/1432 1096/1495/1438
f 1097/1496/1439 1113/1490/1433 1096/1495/1438
f 1097/1496/1439 1112/1491/1434 1113/1490/1433
f 1097/1496/1439 1098/1497/1440 1112/1491/1434
f 1112/1491/1434 1098/1497/1440 1111/1492/1435
f 1111/1492/1435 1098/1497/1440 1101/1498/1441
f 1111/1492/1435 1101/1498/1441 1110/1473/1416
f 1110/1473/1416 1101/1498/1441 1102/1472/1415
f 1107/1499/1245 1109/1500/1442 1105/1501/1443
f 1107/1499/1245 1105/1501/1443 1106/1502/1444
f 1108/1494/1437 1107/1499/1245 1096/1495/1438
f 1107/1499/1245 1106/1502/1444 1096/1495/1438
f 1106/1502/1444 1094/1503/1445 1096/1495/1438
f 1094/1503/1445 1106/1502/1444 1105/1501/1443
f 1094/1503/1445 1105/1501/1443 1092/1504/1446
f 1086/1469/1411 1104/1470/1413 1103/1471/1414
f 1086/1469/1411 1089/1505/1447 1088/1506/1448
f 1086/1469/1411 1103/1471/1414 1089/1505/1447
f 1100/1507/1449 1089/1505/1447 1103/1471/1414
f 1102/1472/1415 1100/1507/1449 1103/1471/1414
f 1101/1498/1441 1100/1507/1449 1102/1472/1415
f 1101/1498/1441 1099/1508/1450 1100/1507/1449
f 1098/1497/1440 1099/1508/1450 1101/1498/1441
f 1093/1509/1451 1091/1510/1452 1099/1508/1450
f 1099/1508/1450 1091/1510/1452 1090/1511/1453
f 1099/1508/1450 1090/1511/1453 1100/1507/1449
f 1100/1507/1449 1090/1511/1453 1089/1505/1447
f 1098/1497/1440 1093/1509/1451 1099/1508/1450
f 1097/1496/1439 1093/1509/1451 1098/1497/1440
f 1097/1496/1439 1095/1512/1454 1093/1509/1451
f 1095/1512/1454 1097/1496/1439 1096/1495/1438
f 1094/1503/1445 1095/1512/1454 1096/1495/1438
f 1094/1503/1445 1093/1509/1451 1095/1512/1454
f 1094/1503/1445 1092/1504/1446 1093/1509/1451
f 1093/1509/1451 1092/1504/1446 1091/1510/1452
f 1092/1504/1446 1085/1513/1455 1091/1510/1452
f 1091/1510/1452 1085/1513/1455 1084/1514/1456
f 1091/1510/1452 1084/1514/1456 1090/1511/1453
f 1090/1511/1453 1084/1514/1456 1083/1515/1457
f 1090/1511/1453 1083/1515/1457 1089/1505/1447
f 1081/1516/1458 1089/1505/1447 1083/1515/1457
f 1081/1516/1458 1088/1506/1448 1089/1505/1447
f 1088/1506/1448 1081/1516/1458 1079/1434/1459
f 1086/1469/1411 1088/1506/1448 1079/1434/1459
f 1087/1432/1412 1086/1469/1411 1079/1434/1459
f 1081/1516/1458 1083/1515/1457 1082/1517/1460
f 1085/1513/1455 1078/1518/1461 1084/1514/1456
f 1084/1514/1456 1078/1518/1461 1074/1519/1462
f 1084/1514/1456 1074/1519/1462 1083/1515/1457
f 1075/1520/1463 1083/1515/1457 1074/1519/1462
f 1075/1520/1463 1082/1517/1460 1083/1515/1457
f 1082/1517/1460 1075/1520/1463 1077/1438/1464
f 1081/1516/1458 1082/1517/1460 1077/1438/1464
f 1080/1436/1465 1081/1516/1458 1077/1438/1464
f 1081/1516/1458 1080/1436/1465 1079/1434/1459
f 1078/1518/1461 1073/1521/1466 1074/1519/1462
f 1075/1520/1463 1076/1440/1467 1077/1438/1464
f 1076/1440/1467 1075/1520/1463 1067/1442/1468
f 1075/1520/1463 1068/1522/1469 1067/1442/1468
f 1075/1520/1463 1074/1519/1462 1068/1522/1469
f 1065/1523/1470 1068/1522/1469 1074/1519/1462
f 1065/1523/1470 1074/1519/1462 1073/1521/1466
f 1065/1523/1470 1073/1521/1466 1064/1524/1471
f 1072/1525/1472 1064/1524/1471 1073/1521/1466
f 1064/1524/1471 1072/1525/1472 1063/1446/1473
f 1072/1525/1472 1069/1526/1474 1063/1446/1473
f 1070/1445/1475 1063/1446/1473 1069/1526/1474
f 1071/1448/1476 1070/1445/1475 1069/1526/1474
f 1068/1522/1469 1065/1523/1470 1067/1442/1468
f 1065/1523/1470 1066/1444/1477 1067/1442/1468
f 1066/1444/1477 1065/1523/1470 1063/1446/1473
f 1065/1523/1470 1064/1524/1471 1063/1446/1473
f 1062/1527/1478 980/1528/1382 1052/1529/1479
f 980/1528/1382 1061/1530/1480 1052/1529/1479
f 1061/1530/1480 1051/1531/1481 1052/1529/1479
f 1055/1532/1482 1056/1533/1483 1054/1534/1484
f 1056/1533/1483 1060/1535/1485 1054/1534/1484
f 1060/1535/1485 1056/1533/1483 1058/1536/1486
f 1056/1533/1483 1057/1537/1487 1058/1536/1486
f 1059/1538/1488 1044/1539/1489 1043/1540/1490
f 1044/1539/1489 1059/1538/1488 1058/1536/1486
f 1057/1537/1487 1044/1539/1489 1058/1536/1486
f 1044/1539/1489 1057/1537/1487 1045/1541/1491
f 1056/1533/1483 1045/1541/1491 1057/1537/1487
f 1056/1533/1483 1046/1542/1492 1045/1541/1491
f 1056/1533/1483 1055/1532/1482 1046/1542/1492
f 1049/1543/1493 1046/1542/1492 1055/1532/1482
f 1049/1543/1493 1055/1532/1482 1054/1534/1484
f 1053/1544/1494 1049/1543/1493 1054/1534/1484
f 1049/1543/1493 1053/1544/1494 1052/1529/1479
f 1050/1545/1495 1049/1543/1493 1052/1529/1479
f 1051/1531/1481 1050/1545/1495 1052/1529/1479
f 1051/1531/1481 1047/1546/1496 1050/1545/1495
f 1051/1531/1481 1048/1546/1497 1047/1546/1496
f 1049/1543/1493 1050/1545/1495 1047/1546/1496
f 1049/1543/1493 1047/1546/1496 1046/1542/1492
f 1032/1547/1498 1033/1547/1499 1048/1546/1497
f 1033/1547/1499 1047/1546/1496 1048/1546/1497
f 1033/1547/1499 1034/1548/1500 1047/1546/1496
f 1034/1548/1500 1046/1542/1492 1047/1546/1496
f 1034/1548/1500 1035/1549/1501 1046/1542/1492
f 1035/1549/1501 1045/1541/1491 1046/1542/1492
f 1035/1549/1501 1036/1550/1502 1045/1541/1491
f 1036/1550/1502 1037/1551/1503 1045/1541/1491
f 1044/1539/1489 1045/1541/1491 1037/1551/1503
f 1044/1539/1489 1037/1551/1503 1041/1552/1504
f 1044/1539/1489 1041/1552/1504 1043/1540/1490
f 1041/1552/1504 1038/1553/1505 1043/1540/1490
f 1038/1553/1505 1042/1554/1506 1043/1540/1490
f 1042/1554/1506 1038/1553/1505 1039/1555/1507
f 1038/1553/1505 1041/1552/1504 1037/1551/1503
f 1040/1556/1508 1013/1557/1509 996/1558/1510
f 1013/1557/1509 1040/1556/1508 1039/1555/1507
f 1026/1559/1511 1013/1557/1509 1039/1555/1507
f 1038/1553/1505 1026/1559/1511 1039/1555/1507
f 1038/1553/1505 1014/1560/1512 1026/1559/1511
f 1038/1553/1505 1037/1551/1503 1014/1560/1512
f 1015/1561/1513 1014/1560/1512 1037/1551/1503
f 1036/1550/1502 1015/1561/1513 1037/1551/1503
f 1016/1562/1514 1015/1561/1513 1036/1550/1502
f 1017/1563/1515 1016/1562/1514 1036/1550/1502
f 1017/1563/1515 1036/1550/1502 1035/1549/1501
f 1018/1564/1516 1017/1563/1515 1035/1549/1501
f 1018/1564/1516 1035/1549/1501 1034/1548/1500
f 1020/1565/1517 1018/1564/1516 1034/1548/1500
f 1020/1565/1517 1034/1548/1500 1033/1547/1499
f 1022/1566/1518 1020/1565/1517 1033/1547/1499
f 1022/1566/1518 1033/1547/1499 1032/1547/1498
f 1024/1566/1519 1022/1566/1518 1032/1547/1498
f 1031/1297/1243 1030/1297/1241 1025/1567/1520
f 1030/1297/1241 1023/1567/1521 1025/1567/1520
f 1030/1297/1241 1029/1295/1239 1023/1567/1521
f 1029/1295/1239 1021/1568/1522 1023/1567/1521
f 1029/1295/1239 1028/1293/1237 1021/1568/1522
f 1028/1293/1237 1019/1569/1523 1021/1568/1522
f 1028/1293/1237 1027/1291/1235 1019/1569/1523
f 1027/1291/1235 1011/1570/1524 1019/1569/1523
f 1027/1291/1235 1010/1289/1233 1011/1570/1524
f 1013/1557/1509 1026/1559/1511 1014/1560/1512
f 1025/1567/1520 1023/1567/1521 1024/1566/1519
f 1023/1567/1521 1022/1566/1518 1024/1566/1519
f 1023/1567/1521 1021/1568/1522 1022/1566/1518
f 1021/1568/1522 1020/1565/1517 1022/1566/1518
f 1021/1568/1522 1019/1569/1523 1020/1565/1517
f 1019/1569/1523 1018/1564/1516 1020/1565/1517
f 1019/1569/1523 1011/1570/1524 1018/1564/1516
f 1011/1570/1524 1017/1563/1515 1018/1564/1516
f 1011/1570/1524 1009/1571/1525 1017/1563/1515
f 1009/1571/1525 1016/1562/1514 1017/1563/1515
f 1009/1571/1525 1006/1572/1526 1016/1562/1514
f 1006/1572/1526 1004/1573/1527 1016/1562/1514
f 1016/1562/1514 1004/1573/1527 1015/1561/1513
f 1004/1573/1527 1002/1574/1528 1015/1561/1513
f 1015/1561/1513 1002/1574/1528 1014/1560/1512
f 1002/1574/1528 1000/1575/1529 1014/1560/1512
f 1013/1557/1509 1014/1560/1512 1000/1575/1529
f 1013/1557/1509 1000/1575/1529 1012/1576/1530
f 1013/1557/1509 1012/1576/1530 996/1558/1510
f 1012/1576/1530 997/1577/1531 996/1558/1510
f 997/1577/1531 1012/1576/1530 1000/1575/1529
f 1010/1289/1233 1009/1571/1525 1011/1570/1524
f 1010/1289/1233 1008/1287/1231 1009/1571/1525
f 1008/1287/1231 1006/1572/1526 1009/1571/1525
f 1008/1287/1231 1007/1285/1229 1006/1572/1526
f 1007/1285/1229 1005/1578/1532 1006/1572/1526
f 1006/1572/1526 1005/1578/1532 1004/1573/1527
f 1005/1578/1532 1003/1579/1533 1004/1573/1527
f 1004/1573/1527 1003/1579/1533 1002/1574/1528
f 1003/1579/1533 1001/1580/1534 1002/1574/1528
f 1002/1574/1528 1001/1580/1534 1000/1575/1529
f 1001/1580/1534 999/1581/1535 1000/1575/1529
f 997/1577/1531 1000/1575/1529 999/1581/1535
f 997/1577/1531 999/1581/1535 998/1582/1536
f 997/1577/1531 998/1582/1536 982/1583/1537
f 994/1584/1538 997/1577/1531 982/1583/1537
f 997/1577/1531 994/1584/1538 996/1558/1510
f 995/1585/1384 996/1558/1510 994/1584/1538
f 993/1586/1383 995/1585/1384 994/1584/1538
f 966/1587/1381 993/1586/1539 983/1588/1540
f 985/1585/1541 992/1558/1542 986/1556/1543
f 968/1589/1544 969/1590/1545 976/1535/1546
f 969/1590/1545 991/1536/1547 976/1535/1546
f 969/1590/1545 970/1591/1548 991/1536/1547
f 970/1591/1548 990/1538/1549 991/1536/1547
f 970/1591/1548 971/1592/1550 990/1538/1549
f 971/1592/1550 989/1540/1551 990/1538/1549
f 971/1592/1550 972/1593/1552 989/1540/1551
f 972/1593/1552 988/1554/1553 989/1540/1551
f 972/1593/1552 973/1594/1554 988/1554/1553
f 973/1594/1554 987/1555/1555 988/1554/1553
f 973/1594/1554 974/1595/1556 987/1555/1555
f 974/1595/1556 986/1556/1543 987/1555/1555
f 974/1595/1556 985/1585/1541 986/1556/1543
f 974/1595/1556 966/1587/1381 985/1585/1541
f 966/1587/1381 984/1586/1557 985/1585/1541
f 984/1586/1557 966/1587/1381 983/1588/1540
f 984/1586/1557 983/1588/1540 981/1584/1558
f 983/1588/1540 982/1583/1537 981/1584/1558
f 980/1528/1559 966/1587/1381 979/1527/1475
f 966/1587/1381 967/1596/1560 979/1527/1475
f 979/1527/1475 967/1596/1560 978/1529/1561
f 967/1596/1560 977/1544/1562 978/1529/1561
f 967/1596/1560 965/1597/1563 977/1544/1562
f 965/1597/1563 975/1534/1564 977/1544/1562
f 965/1597/1563 968/1589/1544 975/1534/1564
f 968/1589/1544 976/1535/1546 975/1534/1564
f 966/1587/1381 974/1595/1556 973/1594/1554
f 972/1593/1552 966/1587/1381 973/1594/1554
f 966/1587/1381 972/1593/1552 971/1592/1550
f 970/1591/1548 966/1587/1381 971/1592/1550
f 966/1587/1381 970/1591/1548 969/1590/1545
f 968/1589/1544 966/1587/1381 969/1590/1545
f 966/1587/1381 968/1589/1544 965/1597/1563
f 967/1596/1560 966/1587/1381 965/1597/1563
f 954/1598/1565 953/1599/1566 952/1600/1567
f 937/1601/1568 964/1602/1569 963/1603/1570
f 939/1604/1571 937/1601/1568 963/1603/1570
f 939/1604/1571 963/1603/1570 962/1605/1572
f 939/1604/1571 962/1605/1572 938/1606/1573
f 962/1605/1572 961/1607/1574 938/1606/1573
f 943/1608/1575 938/1606/1573 961/1607/1574
f 943/1608/1575 961/1607/1574 960/1609/1576
f 944/1610/1577 943/1608/1575 960/1609/1576
f 944/1610/1577 960/1609/1576 959/1611/1578
f 946/1612/1579 944/1610/1577 959/1611/1578
f 959/1611/1578 958/1613/1580 946/1612/1579
f 952/1600/1567 946/1612/1579 958/1613/1580
f 952/1600/1567 958/1613/1580 957/1614/1581
f 954/1598/1565 952/1600/1567 957/1614/1581
f 954/1598/1565 957/1614/1581 956/1615/1582
f 955/1616/1583 954/1598/1565 956/1615/1582
f 955/1616/1583 951/1617/1584 954/1598/1565
f 951/1617/1584 953/1599/1566 954/1598/1565
f 953/1599/1566 951/1617/1584 950/1618/1585
f 953/1599/1566 950/1618/1585 952/1600/1567
f 950/1618/1585 946/1612/1579 952/1600/1567
f 951/1617/1584 949/1619/1586 950/1618/1585
f 950/1618/1585 949/1619/1586 946/1612/1579
f 949/1619/1586 948/1620/1587 946/1612/1579
f 948/1620/1587 947/1621/1588 946/1612/1579
f 947/1621/1588 945/1622/1589 946/1612/1579
f 946/1612/1579 945/1622/1589 944/1610/1577
f 945/1622/1589 942/1623/1590 944/1610/1577
f 944/1610/1577 942/1623/1590 943/1608/1575
f 943/1608/1575 942/1623/1590 938/1606/1573
f 942/1623/1590 941/1624/1591 938/1606/1573
f 940/1625/1592 938/1606/1573 941/1624/1591
f 938/1606/1573 940/1625/1592 937/1601/1568
f 939/1604/1571 938/1606/1573 937/1601/1568
f 935/1626/1593 936/1627/1594 934/1628/1595
f 933/1629/1596 934/1628/1595 936/1627/1594
f 928/1630/1597 935/1626/1593 929/1631/1598
f 929/1631/1598 935/1626/1593 934/1628/1595
f 929/1631/1598 934/1628/1595 930/1632/1599
f 934/1628/1595 931/1633/1600 930/1632/1599
f 934/1628/1595 933/1629/1596 931/1633/1600
f 933/1629/1596 932/1634/1601 931/1633/1600
f 932/1634/1601 917/1635/1602 918/1636/1603
f 931/1633/1600 932/1634/1601 918/1636/1603
f 931/1633/1600 918/1636/1603 920/1637/1604
f 930/1632/1599 931/1633/1600 920/1637/1604
f 930/1632/1599 920/1637/1604 910/1638/1605
f 911/1639/1606 930/1632/1599 910/1638/1605
f 929/1631/1598 930/1632/1599 911/1639/1606
f 913/1640/1607 929/1631/1598 911/1639/1606
f 913/1640/1607 928/1630/1597 929/1631/1598
f 914/1641/1608 928/1630/1597 913/1640/1607
f 927/1642/1609 928/1630/1597 914/1641/1608
f 926/1643/1610 927/1642/1609 914/1641/1608
f 926/1643/1610 914/1641/1608 925/1644/1611
f 914/1641/1608 912/1645/1612 925/1644/1611
f 925/1644/1611 912/1645/1612 924/1646/1613
f 912/1645/1612 909/1647/1614 924/1646/1613
f 924/1646/1613 909/1647/1614 923/1648/1615
f 909/1647/1614 922/1649/1616 923/1648/1615
f 909/1647/1614 910/1638/1605 922/1649/1616
f 910/1638/1605 921/1650/1617 922/1649/1616
f 910/1638/1605 920/1637/1604 921/1650/1617
f 920/1637/1604 919/1651/1618 921/1650/1617
f 920/1637/1604 918/1636/1603 919/1651/1618
f 918/1636/1603 915/1652/1619 919/1651/1618
f 918/1636/1603 917/1635/1602 915/1652/1619
f 917/1635/1602 916/1653/1620 915/1652/1619
f 914/1641/1608 913/1640/1607 912/1645/1612
f 913/1640/1607 911/1639/1606 912/1645/1612
f 912/1645/1612 911/1639/1606 909/1647/1614
f 911/1639/1606 910/1638/1605 909/1647/1614
f 904/1654/1602 905/1655/1621 908/1656/1620
f 905/1655/1621 906/1657/1622 908/1656/1620
f 908/1656/1620 906/1657/1622 907/1658/1623
f 895/1659/1624 907/1658/1623 896/1660/1625
f 896/1660/1625 907/1658/1623 906/1657/1622
f 897/1661/1626 896/1660/1625 906/1657/1622
f 905/1655/1621 897/1661/1626 906/1657/1622
f 898/1662/1627 897/1661/1626 905/1655/1621
f 900/1663/1628 898/1662/1627 905/1655/1621
f 900/1663/1628 905/1655/1621 904/1654/1602
f 902/1664/1629 900/1663/1628 904/1654/1602
f 903/1665/1630 901/1666/1594 902/1664/1629
f 901/1666/1594 900/1663/1628 902/1664/1629
f 901/1666/1594 899/1667/1631 900/1663/1628
f 899/1667/1631 898/1662/1627 900/1663/1628
f 899/1667/1631 888/1668/1632 898/1662/1627
f 888/1668/1632 886/1669/1633 898/1662/1627
f 898/1662/1627 886/1669/1633 897/1661/1626
f 886/1669/1633 884/1670/1634 897/1661/1626
f 897/1661/1626 884/1670/1634 896/1660/1625
f 884/1670/1634 881/1671/1635 896/1660/1625
f 881/1671/1635 895/1659/1624 896/1660/1625
f 894/1672/1636 895/1659/1624 881/1671/1635
f 882/1673/1637 894/1672/1636 881/1671/1635
f 893/1674/1638 894/1672/1636 882/1673/1637
f 892/1675/1615 893/1674/1638 882/1673/1637
f 891/1676/1639 892/1675/1615 882/1673/1637
f 883/1677/1640 891/1676/1639 882/1673/1637
f 890/1678/1641 891/1676/1639 883/1677/1640
f 885/1679/1642 890/1678/1641 883/1677/1640
f 889/1680/1643 890/1678/1641 885/1679/1642
f 887/1681/1644 889/1680/1643 885/1679/1642
f 888/1668/1632 887/1681/1644 886/1669/1633
f 887/1681/1644 885/1679/1642 886/1669/1633
f 886/1669/1633 885/1679/1642 884/1670/1634
f 885/1679/1642 883/1677/1640 884/1670/1634
f 884/1670/1634 883/1677/1640 881/1671/1635
f 883/1677/1640 882/1673/1637 881/1671/1635
f 872/1682/1645 874/1683/1646 880/1684/1647
f 877/1685/1648 872/1682/1645 880/1684/1647
f 877/1685/1648 880/1684/1647 879/1686/1649
f 878/1687/1650 877/1685/1648 879/1686/1649
f 877/1685/1648 878/1687/1650 876/1688/1651
f 878/1687/1650 864/1689/1652 876/1688/1651
f 876/1688/1651 864/1689/1652 865/1690/1653
f 876/1688/1651 865/1690/1653 867/1691/1654
f 870/1692/1655 876/1688/1651 867/1691/1654
f 872/1682/1645 877/1685/1648 870/1692/1655
f 877/1685/1648 876/1688/1651 870/1692/1655
f 873/1693/1656 875/1694/1657 874/1683/1646
f 872/1682/1645 873/1693/1656 874/1683/1646
f 873/1693/1656 872/1682/1645 871/1695/1658
f 872/1682/1645 870/1692/1655 871/1695/1658
f 871/1695/1658 870/1692/1655 869/1696/1659
f 870/1692/1655 867/1691/1654 869/1696/1659
f 869/1696/1659 867/1691/1654 868/1697/1660
f 867/1691/1654 866/1698/1661 868/1697/1660
f 867/1691/1654 865/1690/1653 866/1698/1661
f 865/1690/1653 862/1699/1662 866/1698/1661
f 865/1690/1653 860/1700/1663 862/1699/1662
f 864/1689/1652 860/1700/1663 865/1690/1653
f 860/1700/1663 864/1689/1652 859/1701/1664
f 864/1689/1652 863/1702/1665 859/1701/1664
f 860/1700/1663 861/1703/1666 862/1699/1662
f 861/1703/1666 860/1700/1663 858/1704/1667
f 860/1700/1663 859/1701/1664 858/1704/1667
f 857/1705/1668 855/1706/1646 856/1707/1669
f 856/1707/1669 855/1706/1646 847/1708/1670
f 856/1707/1669 847/1708/1670 849/1709/1671
f 854/1710/1672 857/1705/1668 853/1711/1673
f 853/1711/1673 857/1705/1668 856/1707/1669
f 853/1711/1673 856/1707/1669 852/1712/1674
f 852/1712/1674 856/1707/1669 849/1709/1671
f 852/1712/1674 849/1709/1671 851/1713/1675
f 855/1706/1646 844/1714/1657 847/1708/1670
f 842/1715/1676 854/1710/1672 841/1716/1677
f 841/1716/1677 854/1710/1672 853/1711/1673
f 841/1716/1677 853/1711/1673 837/1717/1678
f 837/1717/1678 853/1711/1673 852/1712/1674
f 837/1717/1678 852/1712/1674 833/1718/1620
f 833/1718/1620 852/1712/1674 851/1713/1675
f 835/1719/1679 833/1718/1620 851/1713/1675
f 850/1720/1680 835/1719/1679 851/1713/1675
f 850/1720/1680 851/1713/1675 849/1709/1671
f 848/1721/1681 850/1720/1680 849/1709/1671
f 848/1721/1681 849/1709/1671 847/1708/1670
f 845/1722/1682 848/1721/1681 847/1708/1670
f 845/1722/1682 847/1708/1670 844/1714/1657
f 846/1723/1683 845/1722/1682 844/1714/1657
f 843/1724/1684 842/1715/1676 841/1716/1677
f 838/1725/1685 841/1716/1677 837/1717/1678
f 834/1726/1662 840/1727/1686 836/1728/1687
f 840/1727/1686 839/1729/1688 836/1728/1687
f 839/1729/1688 838/1725/1685 836/1728/1687
f 838/1725/1685 837/1717/1678 836/1728/1687
f 836/1728/1687 837/1717/1678 833/1718/1620
f 834/1726/1662 836/1728/1687 833/1718/1620
f 835/1719/1679 834/1726/1662 833/1718/1620
f 817/1730/1689 815/1731/1690 814/1732/1691
f 817/1730/1689 814/1732/1691 828/1733/1692
f 828/1733/1692 814/1732/1691 813/1734/1693
f 828/1733/1692 813/1734/1693 830/1735/1694
f 830/1735/1694 813/1734/1693 812/1736/1695
f 830/1735/1694 812/1736/1695 832/1737/1696
f 827/1738/1697 830/1735/1694 832/1737/1696
f 827/1738/1697 832/1737/1696 831/1739/1698
f 826/1740/1699 827/1738/1697 831/1739/1698
f 825/1741/1700 829/1742/1701 827/1738/1697
f 829/1742/1701 830/1735/1694 827/1738/1697
f 829/1742/1701 828/1733/1692 830/1735/1694
f 823/1743/1702 821/1744/1703 825/1741/1700
f 821/1744/1703 829/1742/1701 825/1741/1700
f 821/1744/1703 819/1745/1704 829/1742/1701
f 819/1745/1704 828/1733/1692 829/1742/1701
f 819/1745/1704 817/1730/1689 828/1733/1692
f 825/1741/1700 827/1738/1697 826/1740/1699
f 824/1746/1705 825/1741/1700 826/1740/1699
f 823/1743/1702 825/1741/1700 824/1746/1705
f 822/1747/1706 823/1743/1702 824/1746/1705
f 823/1743/1702 822/1747/1706 821/1744/1703
f 822/1747/1706 820/1748/1707 821/1744/1703
f 821/1744/1703 820/1748/1707 819/1745/1704
f 820/1748/1707 818/1749/1708 819/1745/1704
f 819/1745/1704 818/1749/1708 817/1730/1689
f 818/1749/1708 816/1750/1709 817/1730/1689
f 817/1730/1689 816/1750/1709 815/1731/1690
f 811/1751/1710 815/1731/1690 816/1750/1709
f 815/1731/1690 811/1751/1710 810/1752/1711
f 815/1731/1690 810/1752/1711 814/1732/1691
f 814/1732/1691 810/1752/1711 809/1753/1712
f 814/1732/1691 809/1753/1712 813/1734/1693
f 813/1734/1693 809/1753/1712 808/1754/1713
f 813/1734/1693 808/1754/1713 812/1736/1695
f 811/1751/1710 807/1755/1714 810/1752/1711
f 810/1752/1711 807/1755/1714 806/1756/1715
f 810/1752/1711 806/1756/1715 809/1753/1712
f 809/1753/1712 806/1756/1715 805/1757/1716
f 809/1753/1712 805/1757/1716 808/1754/1713
f 807/1755/1714 804/1758/1717 806/1756/1715
f 806/1756/1715 804/1758/1717 802/1759/1718
f 806/1756/1715 802/1759/1718 805/1757/1716
f 804/1758/1717 803/1760/1719 802/1759/1718
f 801/1761/1720 799/1762/1721 800/1763/1722
f 798/1764/1723 800/1763/1722 797/1765/1724
f 800/1763/1722 799/1762/1721 797/1765/1724
f 799/1762/1721 796/1766/1725 797/1765/1724
f 790/1767/1726 798/1764/1723 789/1768/1727
f 789/1768/1727 798/1764/1723 797/1765/1724
f 789/1768/1727 797/1765/1724 788/1769/1728
f 797/1765/1724 796/1766/1725 788/1769/1728
f 796/1766/1725 787/1770/1729 788/1769/1728
f 795/1771/1730 794/1772/1731 785/1773/1732
f 794/1772/1731 781/1774/1733 785/1773/1732
f 794/1772/1731 793/1775/1734 781/1774/1733
f 793/1775/1734 779/1776/1735 781/1774/1733
f 793/1775/1734 792/1777/1736 779/1776/1735
f 792/1777/1736 778/1778/1737 779/1776/1735
f 792/1777/1736 791/1779/1738 778/1778/1737
f 791/1779/1738 790/1767/1726 778/1778/1737
f 778/1778/1737 790/1767/1726 789/1768/1727
f 778/1778/1737 789/1768/1727 777/1780/1739
f 777/1780/1739 789/1768/1727 788/1769/1728
f 777/1780/1739 788/1769/1728 782/1781/1740
f 788/1769/1728 787/1770/1729 782/1781/1740
f 787/1770/1729 786/1782/1741 782/1781/1740
f 783/1783/1719 782/1781/1740 786/1782/1741
f 785/1773/1732 781/1774/1733 784/1784/1742
f 781/1774/1733 780/1785/1743 784/1784/1742
f 784/1784/1742 780/1785/1743 783/1783/1719
f 780/1785/1743 782/1781/1740 783/1783/1719
f 780/1785/1743 777/1780/1739 782/1781/1740
f 781/1774/1733 779/1776/1735 780/1785/1743
f 779/1776/1735 777/1780/1739 780/1785/1743
f 779/1776/1735 778/1778/1737 777/1780/1739
f 769/1786/1744 771/1787/1745 776/1788/1746
f 771/1787/1745 774/1789/1747 776/1788/1746
f 776/1788/1746 774/1789/1747 775/1790/1748
f 775/1790/1748 763/1791/1749 755/1792/1750
f 774/1789/1747 763/1791/1749 775/1790/1748
f 774/1789/1747 765/1793/1751 763/1791/1749
f 773/1794/1752 765/1793/1751 774/1789/1747
f 771/1787/1745 773/1794/1752 774/1789/1747
f 772/1795/1753 773/1794/1752 771/1787/1745
f 770/1796/1754 772/1795/1753 771/1787/1745
f 770/1796/1754 771/1787/1745 769/1786/1744
f 758/1797/1755 770/1796/1754 769/1786/1744
f 768/1798/1756 766/1799/1757 767/1800/1758
f 766/1799/1757 762/1801/1759 767/1800/1758
f 764/1802/1760 767/1800/1758 762/1801/1759
f 766/1799/1757 761/1803/1761 762/1801/1759
f 765/1793/1751 764/1802/1760 763/1791/1749
f 763/1791/1749 764/1802/1760 762/1801/1759
f 763/1791/1749 762/1801/1759 755/1792/1750
f 761/1803/1761 755/1792/1750 762/1801/1759
f 761/1803/1761 754/1804/1762 755/1792/1750
f 761/1803/1761 760/1805/1763 754/1804/1762
f 760/1805/1763 752/1806/1764 754/1804/1762
f 760/1805/1763 759/1807/1765 752/1806/1764
f 759/1807/1765 751/1808/1766 752/1806/1764
f 759/1807/1765 758/1797/1767 751/1808/1766
f 758/1797/1767 757/1809/1768 751/1808/1766
f 751/1808/1766 757/1809/1768 750/1810/1769
f 757/1809/1768 756/1811/1770 750/1810/1769
f 754/1804/1762 753/1812/1771 755/1792/1750
f 754/1804/1762 752/1806/1764 753/1812/1771
f 752/1806/1764 749/1813/1741 753/1812/1771
f 752/1806/1764 751/1808/1766 749/1813/1741
f 751/1808/1766 750/1810/1769 749/1813/1741
f 746/1814/1772 744/1815/1773 748/1816/1774
f 748/1816/1774 740/1817/1775 739/1818/1776
f 744/1815/1773 740/1817/1775 748/1816/1774
f 744/1815/1773 741/1819/1777 740/1817/1775
f 746/1814/1772 747/1820/1778 745/1821/1779
f 744/1815/1773 746/1814/1772 745/1821/1779
f 744/1815/1773 745/1821/1779 743/1822/1780
f 741/1819/1777 744/1815/1773 743/1822/1780
f 741/1819/1777 743/1822/1780 742/1823/1781
f 738/1824/1782 741/1819/1777 742/1823/1781
f 741/1819/1777 738/1824/1782 737/1825/1783
f 741/1819/1777 737/1825/1783 740/1817/1775
f 740/1817/1775 737/1825/1783 736/1826/1784
f 740/1817/1775 736/1826/1784 739/1818/1776
f 738/1824/1782 735/1827/1785 737/1825/1783
f 737/1825/1783 735/1827/1785 734/1828/1786
f 737/1825/1783 734/1828/1786 736/1826/1784
f 735/1827/1785 732/1829/1787 734/1828/1786
f 733/1830/1788 732/1829/1755 731/1831/1789
f 732/1829/1755 730/1832/1790 731/1831/1789
f 731/1831/1789 730/1832/1790 729/1833/1791
f 730/1832/1790 728/1834/1792 729/1833/1791
f 729/1833/1791 728/1834/1792 727/1835/1793
f 728/1834/1792 726/1836/1794 727/1835/1793
f 727/1835/1793 726/1836/1794 724/1837/1771
f 726/1836/1794 725/1838/1795 724/1837/1771
f 716/1839/1796 723/1840/1797 718/1841/1798
f 723/1840/1797 721/1842/1799 718/1841/1798
f 723/1840/1797 722/1843/1800 721/1842/1799
f 713/1844/1801 711/1845/1802 716/1839/1796
f 711/1845/1802 723/1840/1797 716/1839/1796
f 711/1845/1802 709/1846/1803 723/1840/1797
f 709/1846/1803 722/1843/1800 723/1840/1797
f 709/1846/1803 706/1847/1804 722/1843/1800
f 706/1847/1804 704/1848/1805 722/1843/1800
f 722/1843/1800 704/1848/1805 703/1849/1806
f 722/1843/1800 703/1849/1806 721/1842/1799
f 721/1842/1799 703/1849/1806 702/1850/1807
f 721/1842/1799 702/1850/1807 720/1851/1808
f 718/1841/1798 721/1842/1799 720/1851/1808
f 718/1841/1798 720/1851/1808 719/1852/1809
f 717/1853/1810 718/1841/1798 719/1852/1809
f 716/1839/1796 718/1841/1798 717/1853/1810
f 715/1854/1811 716/1839/1796 717/1853/1810
f 713/1844/1801 716/1839/1796 715/1854/1811
f 714/1855/1812 713/1844/1801 715/1854/1811
f 714/1855/1812 712/1856/1813 713/1844/1801
f 713/1844/1801 712/1856/1813 711/1845/1802
f 712/1856/1813 710/1857/1814 711/1845/1802
f 711/1845/1802 710/1857/1814 709/1846/1803
f 710/1857/1814 708/1858/1815 709/1846/1803
f 709/1846/1803 708/1858/1815 706/1847/1804
f 708/1858/1815 707/1859/1816 706/1847/1804
f 705/1860/1817 706/1847/1804 707/1859/1816
f 706/1847/1804 705/1860/1817 704/1848/1805
f 705/1860/1817 701/1861/1818 704/1848/1805
f 704/1848/1805 701/1861/1818 700/1862/1819
f 704/1848/1805 700/1862/1819 703/1849/1806
f 703/1849/1806 700/1862/1819 699/1863/1820
f 703/1849/1806 699/1863/1820 702/1850/1807
f 701/1861/1818 698/1864/1821 700/1862/1819
f 700/1862/1819 698/1864/1821 696/1865/1822
f 700/1862/1819 696/1865/1822 699/1863/1820
f 698/1864/1821 697/1866/1823 696/1865/1822
f 695/1867/1824 692/1868/1825 694/1869/1826
f 686/1870/1827 688/1871/1828 692/1868/1825
f 695/1867/1824 686/1870/1827 692/1868/1825
f 683/1872/1829 686/1870/1827 695/1867/1824
f 681/1873/1830 683/1872/1829 695/1867/1824
f 681/1873/1830 695/1867/1824 680/1874/1831
f 680/1874/1831 695/1867/1824 694/1869/1826
f 680/1874/1831 694/1869/1826 679/1875/1832
f 694/1869/1826 678/1876/1833 679/1875/1832
f 693/1877/1834 678/1876/1833 694/1869/1826
f 692/1868/1825 693/1877/1834 694/1869/1826
f 691/1878/1807 693/1877/1834 692/1868/1825
f 688/1871/1828 691/1878/1807 692/1868/1825
f 690/1879/1835 691/1878/1807 688/1871/1828
f 689/1880/1836 690/1879/1835 688/1871/1828
f 687/1881/1837 689/1880/1836 688/1871/1828
f 686/1870/1827 687/1881/1837 688/1871/1828
f 685/1882/1838 687/1881/1837 686/1870/1827
f 683/1872/1829 685/1882/1838 686/1870/1827
f 684/1883/1839 685/1882/1838 683/1872/1829
f 682/1884/1840 684/1883/1839 683/1872/1829
f 682/1884/1840 683/1872/1829 681/1873/1830
f 675/1885/1841 682/1884/1840 681/1873/1830
f 675/1885/1841 681/1873/1830 674/1886/1842
f 674/1886/1842 681/1873/1830 680/1874/1831
f 674/1886/1842 680/1874/1831 676/1887/1843
f 676/1887/1843 680/1874/1831 679/1875/1832
f 676/1887/1843 679/1875/1832 677/1888/1844
f 677/1888/1844 679/1875/1832 678/1876/1833
f 673/1889/1845 676/1887/1843 677/1888/1844
f 671/1890/1846 676/1887/1843 673/1889/1845
f 671/1890/1846 674/1886/1842 676/1887/1843
f 672/1891/1847 674/1886/1842 671/1890/1846
f 672/1891/1847 675/1885/1841 674/1886/1842
f 668/1892/1848 671/1890/1846 673/1889/1845
f 669/1893/1816 671/1890/1846 668/1892/1848
f 669/1893/1816 672/1891/1847 671/1890/1846
f 670/1894/1849 669/1893/1816 668/1892/1848
f 667/1895/1850 654/1896/1851 666/1897/1852
f 654/1896/1851 653/1898/1853 666/1897/1852
f 666/1897/1852 653/1898/1853 665/1899/1854
f 653/1898/1853 652/1900/1855 665/1899/1854
f 665/1899/1854 652/1900/1855 664/1901/1856
f 652/1900/1855 655/1902/1857 664/1901/1856
f 664/1901/1856 655/1902/1857 663/1903/1858
f 655/1902/1857 656/1904/1859 663/1903/1858
f 663/1903/1858 656/1904/1859 662/1905/1860
f 656/1904/1859 657/1906/1861 662/1905/1860
f 662/1905/1860 657/1906/1861 661/1907/1862
f 657/1906/1861 658/1908/1863 661/1907/1862
f 661/1907/1862 658/1908/1863 660/1909/1864
f 659/1910/1865 660/1909/1864 658/1908/1863
f 649/1911/1866 659/1910/1865 658/1908/1863
f 648/1912/1867 649/1911/1866 658/1908/1863
f 648/1912/1867 658/1908/1863 657/1906/1861
f 650/1913/1868 648/1912/1867 657/1906/1861
f 650/1913/1868 657/1906/1861 656/1904/1859
f 651/1914/1869 650/1913/1868 656/1904/1859
f 652/1900/1855 651/1914/1869 655/1902/1857
f 651/1914/1869 656/1904/1859 655/1902/1857
f 654/1896/1851 647/1915/1870 653/1898/1853
f 647/1915/1870 646/1916/1871 653/1898/1853
f 653/1898/1853 646/1916/1871 652/1900/1855
f 646/1916/1871 651/1914/1869 652/1900/1855
f 646/1916/1871 644/1917/1872 651/1914/1869
f 644/1917/1872 650/1913/1868 651/1914/1869
f 644/1917/1872 640/1918/1873 650/1913/1868
f 640/1918/1873 648/1912/1867 650/1913/1868
f 640/1918/1873 641/1919/1874 648/1912/1867
f 641/1919/1874 649/1911/1866 648/1912/1867
f 647/1915/1870 645/1920/1875 646/1916/1871
f 645/1920/1875 644/1917/1872 646/1916/1871
f 645/1920/1875 643/1921/1876 644/1917/1872
f 643/1921/1876 640/1918/1873 644/1917/1872
f 643/1921/1876 642/1922/1877 640/1918/1873
f 642/1922/1877 641/1919/1874 640/1918/1873
f 617/1923/1878 615/1924/1879 639/1925/1880
f 638/1926/1881 617/1923/1878 639/1925/1880
f 628/1927/1882 617/1923/1878 638/1926/1881
f 637/1928/1883 628/1927/1882 638/1926/1881
f 630/1929/1884 628/1927/1882 637/1928/1883
f 636/1930/1885 630/1929/1884 637/1928/1883
f 636/1930/1885 635/1931/1876 630/1929/1884
f 629/1932/1886 630/1929/1884 635/1931/1876
f 634/1933/1887 629/1932/1886 635/1931/1876
f 625/1934/1888 629/1932/1886 634/1933/1887
f 633/1935/1889 625/1934/1888 634/1933/1887
f 624/1936/1890 625/1934/1888 633/1935/1889
f 632/1937/1891 624/1936/1890 633/1935/1889
f 631/1938/1892 624/1936/1890 632/1937/1891
f 624/1936/1890 631/1938/1892 626/1939/1893
f 631/1938/1892 614/1940/1894 626/1939/1893
f 626/1939/1893 614/1940/1894 612/1941/1895
f 626/1939/1893 612/1941/1895 619/1942/1896
f 629/1932/1886 625/1934/1888 627/1943/1897
f 625/1934/1888 623/1944/1898 627/1943/1897
f 630/1929/1884 629/1932/1886 628/1927/1882
f 629/1932/1886 627/1943/1897 628/1927/1882
f 628/1927/1882 627/1943/1897 617/1923/1878
f 627/1943/1897 616/1945/1899 617/1923/1878
f 627/1943/1897 623/1944/1898 616/1945/1899
f 623/1944/1898 619/1942/1896 616/1945/1899
f 623/1944/1898 626/1939/1893 619/1942/1896
f 624/1936/1890 626/1939/1893 623/1944/1898
f 625/1934/1888 624/1936/1890 623/1944/1898
f 613/1946/1900 622/1947/1901 621/1948/1902
f 612/1941/1895 613/1946/1900 621/1948/1902
f 612/1941/1895 621/1948/1902 620/1949/1903
f 619/1942/1896 612/1941/1895 620/1949/1903
f 619/1942/1896 620/1949/1903 618/1950/1904
f 616/1945/1899 619/1942/1896 618/1950/1904
f 616/1945/1899 618/1950/1904 615/1924/1879
f 617/1923/1878 616/1945/1899 615/1924/1879
f 614/1940/1894 613/1946/1900 612/1941/1895
f 606/1951/1905 607/1952/1906 611/1953/1907
f 606/1951/1905 610/1954/1908 605/1955/1909
f 604/1956/1910 609/1957/1911 608/1958/1912
f 603/1959/1913 604/1956/1910 608/1958/1912
f 603/1959/1913 608/1958/1912 607/1952/1906
f 606/1951/1905 603/1959/1913 607/1952/1906
f 603/1959/1913 606/1951/1905 602/1960/1914
f 606/1951/1905 605/1955/1909 602/1960/1914
f 604/1956/1910 603/1959/1913 601/1961/1915
f 603/1959/1913 602/1960/1914 601/1961/1915
f 586/1962/1916 587/1963/1917 600/1964/1918
f 587/1963/1917 598/1965/1919 600/1964/1918
f 587/1963/1917 599/1966/1910 598/1965/1919
f 599/1966/1910 597/1967/1920 598/1965/1919
f 598/1965/1919 597/1967/1920 596/1968/1921
f 597/1967/1920 595/1969/1922 596/1968/1921
f 596/1968/1921 595/1969/1922 594/1970/1923
f 595/1969/1922 593/1971/1924 594/1970/1923
f 594/1970/1923 593/1971/1924 592/1972/1925
f 591/1973/1926 589/1974/1927 590/1975/1928
f 589/1974/1927 581/1976/1929 590/1975/1928
f 589/1974/1927 588/1977/1930 581/1976/1929
f 588/1977/1930 580/1978/1931 581/1976/1929
f 588/1977/1930 587/1963/1917 580/1978/1931
f 587/1963/1917 586/1962/1916 580/1978/1931
f 580/1978/1931 586/1962/1916 578/1979/1932
f 586/1962/1916 585/1980/1933 578/1979/1932
f 578/1979/1932 585/1980/1933 577/1981/1934
f 585/1980/1933 584/1982/1935 577/1981/1934
f 579/1983/1936 576/1984/1937 583/1985/1938
f 581/1976/1929 579/1983/1936 582/1986/1939
f 581/1976/1929 580/1978/1931 579/1983/1936
f 580/1978/1931 578/1979/1932 579/1983/1936
f 579/1983/1936 578/1979/1932 576/1984/1937
f 578/1979/1932 577/1981/1934 576/1984/1937
f 575/1987/1933 574/1988/1940 573/1989/1941
f 574/1988/1940 572/1990/1942 573/1989/1941
f 573/1989/1941 572/1990/1942 566/1991/1943
f 572/1990/1942 565/1992/1944 566/1991/1943
f 572/1990/1942 571/1993/1945 565/1992/1944
f 571/1993/1945 570/1994/1946 565/1992/1944
f 565/1992/1944 570/1994/1946 563/1995/1947
f 570/1994/1946 569/1996/1948 563/1995/1947
f 563/1995/1947 569/1996/1948 567/1997/1938
f 569/1996/1948 568/1998/1949 567/1997/1938
f 566/1991/1943 565/1992/1944 564/1999/1937
f 565/1992/1944 563/1995/1947 564/1999/1937
f 564/1999/1937 563/1995/1947 562/2000/1950
f 555/2001/1951 561/2002/1952 560/2003/1832
f 550/2004/1953 551/2005/1954 559/2006/1955
f 551/2005/1954 558/2007/1956 559/2006/1955
f 551/2005/1954 553/2008/1832 558/2007/1956
f 549/2009/1957 547/2010/1958 557/2011/1959
f 554/2012/1960 552/2013/1961 556/2014/1962
f 555/2001/1963 553/2008/1832 554/2012/1960
f 553/2008/1832 552/2013/1961 554/2012/1960
f 553/2008/1832 551/2005/1954 552/2013/1961
f 551/2005/1954 549/2009/1957 552/2013/1961
f 551/2005/1954 550/2004/1953 549/2009/1957
f 550/2004/1953 548/2015/1964 549/2009/1957
f 549/2009/1957 548/2015/1964 547/2010/1958
f 548/2015/1964 545/2016/1965 547/2010/1958
f 546/2017/1966 545/2016/1967 544/2018/1968
f 545/2016/1967 543/2019/1969 544/2018/1968
f 544/2018/1968 543/2019/1969 542/2020/1970
f 543/2019/1969 541/2021/1971 542/2020/1970
f 542/2020/1970 541/2021/1971 540/2022/1972
f 541/2021/1971 539/2023/1973 540/2022/1972
f 540/2022/1972 539/2023/1973 537/2024/1974
f 539/2023/1973 538/2025/1975 537/2024/1974
f 533/2026/1976 536/2027/1977 531/2028/1978
f 536/2027/1977 535/2029/1955 531/2028/1978
f 531/2028/1978 535/2029/1955 529/2030/1979
f 535/2029/1955 534/2031/1980 529/2030/1979
f 529/2030/1979 534/2031/1980 527/2032/1981
f 514/2033/1967 533/2026/1976 532/2034/1982
f 533/2026/1976 531/2028/1978 532/2034/1982
f 532/2034/1982 531/2028/1978 530/2035/1983
f 531/2028/1978 529/2030/1979 530/2035/1983
f 530/2035/1983 529/2030/1979 528/2036/1959
f 529/2030/1979 527/2032/1981 528/2036/1959
f 528/2036/1959 527/2032/1981 520/2037/1984
f 527/2032/1981 522/2038/1985 520/2037/1984
f 526/2039/1986 524/2040/1952 522/2038/1985
f 521/2041/1987 517/2042/1988 518/2043/1989
f 525/2044/1990 523/2045/1991 524/2040/1952
f 523/2045/1991 522/2038/1985 524/2040/1952
f 523/2045/1991 521/2041/1987 522/2038/1985
f 521/2041/1987 520/2037/1984 522/2038/1985
f 521/2041/1987 518/2043/1989 520/2037/1984
f 518/2043/1989 519/2046/1974 520/2037/1984
f 518/2043/1989 516/2047/1972 519/2046/1974
f 517/2042/1988 516/2047/1972 518/2043/1989
f 517/2042/1988 515/2048/1992 516/2047/1972
f 515/2048/1992 511/2049/1993 516/2047/1972
f 515/2048/1992 514/2033/1965 511/2049/1993
f 514/2033/1965 513/2050/1994 511/2049/1993
f 511/2049/1993 513/2050/1994 510/2051/1995
f 513/2050/1994 512/2052/1996 510/2051/1995
f 511/2049/1993 510/2051/1995 509/2053/1997
f 497/2054/1998 508/2055/1999 498/2056/2000
f 507/2057/2001 496/2058/2002 506/2059/2003
f 496/2058/2002 494/2060/2004 506/2059/2003
f 506/2059/2003 494/2060/2004 505/2061/2005
f 494/2060/2004 493/2062/2006 505/2061/2005
f 505/2061/2005 493/2062/2006 504/2063/2007
f 493/2062/2006 492/2064/2008 504/2063/2007
f 504/2063/2007 492/2064/2008 503/2065/2009
f 492/2064/2008 502/2066/2010 503/2065/2009
f 492/2064/2008 490/2067/2011 502/2066/2010
f 490/2067/2011 501/2068/2012 502/2066/2010
f 490/2067/2011 491/2069/2013 501/2068/2012
f 491/2069/2013 500/2070/2014 501/2068/2012
f 491/2069/2013 489/2071/2015 500/2070/2014
f 489/2071/2015 499/2072/2016 500/2070/2014
f 489/2071/2015 487/2073/2017 499/2072/2016
f 487/2073/2017 498/2056/2000 499/2072/2016
f 487/2073/2017 497/2054/1998 498/2056/2000
f 497/2054/1998 487/2073/2017 488/2074/2018
f 495/2075/2019 497/2054/1998 488/2074/2018
f 495/2075/2019 488/2074/2018 494/2060/2004
f 496/2058/2002 495/2075/2019 494/2060/2004
f 494/2060/2004 488/2074/2018 493/2062/2006
f 488/2074/2018 486/2076/2020 493/2062/2006
f 493/2062/2006 486/2076/2020 492/2064/2008
f 486/2076/2020 490/2067/2011 492/2064/2008
f 486/2076/2020 489/2071/2015 490/2067/2011
f 489/2071/2015 491/2069/2013 490/2067/2011
f 487/2073/2017 489/2071/2015 486/2076/2020
f 488/2074/2018 487/2073/2017 486/2076/2020
f 471/2077/2021 485/2078/2022 472/2079/2023
f 485/2078/2022 471/2077/2021 483/2080/2024
f 471/2077/2021 470/2081/2025 483/2080/2024
f 469/2082/2026 483/2080/2024 470/2081/2025
f 469/2082/2026 468/2083/2027 483/2080/2024
f 468/2083/2027 484/2084/2028 483/2080/2024
f 482/855/2029 480/857/2030 481/2085/2031
f 481/2085/2031 478/2086/2032 479/2087/2033
f 480/857/2030 478/2086/2032 481/2085/2031
f 480/857/2030 477/859/2034 478/2086/2032
f 479/2087/2033 475/2088/2035 474/2089/2036
f 478/2086/2032 475/2088/2035 479/2087/2033
f 478/2086/2032 476/2090/2037 475/2088/2035
f 477/859/2034 476/2090/2037 478/2086/2032
f 477/859/2034 454/858/2038 476/2090/2037
f 454/858/2038 452/2091/2039 476/2090/2037
f 476/2090/2037 452/2091/2039 467/2092/2040
f 476/2090/2037 467/2092/2040 475/2088/2035
f 475/2088/2035 467/2092/2040 466/2093/2041
f 475/2088/2035 466/2093/2041 474/2089/2036
f 466/2093/2041 465/2094/2042 474/2089/2036
f 465/2094/2042 473/2095/2043 474/2089/2036
f 465/2094/2042 464/2096/2044 473/2095/2043
f 464/2096/2044 472/2079/2023 473/2095/2043
f 464/2096/2044 471/2077/2021 472/2079/2023
f 461/2097/2045 471/2077/2021 464/2096/2044
f 461/2097/2045 470/2081/2025 471/2077/2021
f 461/2097/2045 462/2098/2046 470/2081/2025
f 462/2098/2046 469/2082/2026 470/2081/2025
f 462/2098/2046 463/2099/2047 469/2082/2026
f 463/2099/2047 468/2083/2027 469/2082/2026
f 463/2099/2047 450/2100/2048 468/2083/2027
f 450/2100/2048 451/2101/2049 468/2083/2027
f 452/2091/2039 455/2102/2050 457/2103/2051
f 452/2091/2039 457/2103/2051 467/2092/2040
f 467/2092/2040 457/2103/2051 458/2104/2052
f 467/2092/2040 458/2104/2052 466/2093/2041
f 458/2104/2052 459/2105/2053 466/2093/2041
f 459/2105/2053 465/2094/2042 466/2093/2041
f 459/2105/2053 460/2106/2054 465/2094/2042
f 460/2106/2054 464/2096/2044 465/2094/2042
f 460/2106/2054 461/2097/2045 464/2096/2044
f 448/2107/2055 450/2100/2048 463/2099/2047
f 446/2108/2056 448/2107/2055 463/2099/2047
f 446/2108/2056 463/2099/2047 462/2098/2046
f 444/2109/2057 446/2108/2056 462/2098/2046
f 444/2109/2057 462/2098/2046 461/2097/2045
f 442/2110/2058 444/2109/2057 461/2097/2045
f 442/2110/2058 461/2097/2045 460/2106/2054
f 440/2111/2059 442/2110/2058 460/2106/2054
f 440/2111/2059 460/2106/2054 459/2105/2053
f 438/2112/2060 440/2111/2059 459/2105/2053
f 438/2112/2060 459/2105/2053 458/2104/2052
f 436/2113/2061 438/2112/2060 458/2104/2052
f 457/2103/2051 436/2113/2061 458/2104/2052
f 457/2103/2051 434/2114/2062 436/2113/2061
f 455/2102/2050 434/2114/2062 457/2103/2051
f 455/2102/2050 435/2115/2063 434/2114/2062
f 456/854/2064 435/2115/2063 455/2102/2050
f 453/856/2065 456/854/2064 455/2102/2050
f 453/856/2065 455/2102/2050 452/2091/2039
f 454/858/2038 453/856/2065 452/2091/2039
f 450/2100/2048 449/2116/2066 451/2101/2049
f 448/2107/2055 449/2116/2066 450/2100/2048
f 447/2117/2067 449/2116/2066 448/2107/2055
f 447/2117/2067 448/2107/2055 446/2108/2056
f 445/2118/2068 447/2117/2067 446/2108/2056
f 445/2118/2068 446/2108/2056 444/2109/2057
f 443/2119/2069 445/2118/2068 444/2109/2057
f 443/2119/2069 444/2109/2057 442/2110/2058
f 441/2120/2070 443/2119/2069 442/2110/2058
f 441/2120/2070 442/2110/2058 440/2111/2059
f 439/2121/2071 441/2120/2070 440/2111/2059
f 439/2121/2071 440/2111/2059 438/2112/2060
f 437/2122/2072 439/2121/2071 438/2112/2060
f 437/2122/2072 438/2112/2060 436/2113/2061
f 431/2123/2073 437/2122/2072 436/2113/2061
f 434/2114/2062 431/2123/2073 436/2113/2061
f 434/2114/2062 433/2124/2074 431/2123/2073
f 435/2115/2063 433/2124/2074 434/2114/2062
f 433/2124/2074 432/2125/2075 431/2123/2073
f 430/2126/2076 429/2127/2077 412/2128/1999
f 429/2127/2077 410/2129/2078 412/2128/1999
f 429/2127/2077 428/2130/2002 410/2129/2078
f 428/2130/2002 409/2131/2079 410/2129/2078
f 428/2130/2002 427/2132/2080 409/2131/2079
f 427/2132/2080 418/2133/2081 409/2131/2079
f 427/2132/2080 426/2134/2082 418/2133/2081
f 426/2134/2082 417/2135/2083 418/2133/2081
f 426/2134/2082 425/2136/2084 417/2135/2083
f 425/2136/2084 416/2137/2085 417/2135/2083
f 425/2136/2084 424/2138/2086 416/2137/2085
f 424/2138/2086 423/2139/2009 416/2137/2085
f 415/2140/2087 416/2137/2085 423/2139/2009
f 422/2141/2010 415/2140/2087 423/2139/2009
f 414/2142/2088 415/2140/2087 422/2141/2010
f 420/2143/2089 414/2142/2088 422/2141/2010
f 419/2144/2090 414/2142/2088 420/2143/2089
f 421/2145/2091 419/2144/2090 420/2143/2089
f 419/2144/2090 413/2146/2092 414/2142/2088
f 409/2131/2079 418/2133/2081 417/2135/2083
f 408/2147/2093 409/2131/2079 417/2135/2083
f 408/2147/2093 417/2135/2083 416/2137/2085
f 415/2140/2087 408/2147/2093 416/2137/2085
f 411/2148/2094 408/2147/2093 415/2140/2087
f 414/2142/2088 411/2148/2094 415/2140/2087
f 413/2146/2092 411/2148/2094 414/2142/2088
f 413/2146/2092 412/2128/1999 411/2148/2094
f 412/2128/1999 410/2129/2078 411/2148/2094
f 411/2148/2094 410/2129/2078 408/2147/2093
f 410/2129/2078 409/2131/2079 408/2147/2093
f 407/2149/2095 395/2150/2096 397/2151/2097
f 406/2152/2098 395/2150/2096 407/2149/2095
f 399/2153/2099 395/2150/2096 406/2152/2098
f 405/2154/2100 399/2153/2099 406/2152/2098
f 402/2155/2101 399/2153/2099 405/2154/2100
f 404/2156/2102 402/2155/2101 405/2154/2100
f 401/2157/2103 402/2155/2101 404/2156/2102
f 403/2158/2104 401/2157/2103 404/2156/2102
f 388/2159/2105 401/2157/2103 403/2158/2104
f 385/2160/2106 388/2159/2105 403/2158/2104
f 401/2157/2103 400/2161/2107 402/2155/2101
f 400/2161/2107 399/2153/2099 402/2155/2101
f 388/2159/2105 390/2162/2108 401/2157/2103
f 390/2162/2108 400/2161/2107 401/2157/2103
f 390/2162/2108 392/2163/2109 400/2161/2107
f 392/2163/2109 393/2164/2110 400/2161/2107
f 400/2161/2107 393/2164/2110 399/2153/2099
f 393/2164/2110 395/2150/2096 399/2153/2099
f 398/2165/2111 397/2151/2097 396/2166/2112
f 395/2150/2096 396/2166/2112 397/2151/2097
f 394/2167/2113 396/2166/2112 395/2150/2096
f 393/2164/2110 394/2167/2113 395/2150/2096
f 381/2168/2114 394/2167/2113 393/2164/2110
f 392/2163/2109 381/2168/2114 393/2164/2110
f 384/2169/2115 381/2168/2114 392/2163/2109
f 391/2170/2116 384/2169/2115 392/2163/2109
f 391/2170/2116 392/2163/2109 390/2162/2108
f 389/2171/2117 391/2170/2116 390/2162/2108
f 389/2171/2117 390/2162/2108 388/2159/2105
f 386/2172/2118 389/2171/2117 388/2159/2105
f 386/2172/2118 388/2159/2105 385/2160/2106
f 387/2173/2119 386/2172/2118 385/2160/2106
f 384/2169/2115 383/2174/2120 381/2168/2114
f 383/2174/2120 382/2175/2121 381/2168/2114
f 380/2176/2122 376/2177/2123 379/2178/2124
f 376/2177/2123 377/2179/2125 379/2178/2124
f 379/2178/2124 377/2179/2125 378/2180/2126
f 377/2179/2125 371/2181/2127 378/2180/2126
f 378/2180/2126 371/2181/2127 351/2182/2115
f 369/2183/2128 365/2184/2129 367/2185/2130
f 369/2183/2128 372/2186/2131 365/2184/2129
f 370/2187/2132 372/2186/2131 369/2183/2128
f 370/2187/2132 371/2181/2127 372/2186/2131
f 371/2181/2127 373/2188/2133 372/2186/2131
f 371/2181/2127 377/2179/2125 373/2188/2133
f 377/2179/2125 374/2189/2134 373/2188/2133
f 377/2179/2125 376/2177/2123 374/2189/2134
f 376/2177/2123 375/2190/2135 374/2189/2134
f 374/2189/2134 375/2190/2135 359/2191/2136
f 375/2190/2135 358/2192/2137 359/2191/2136
f 374/2189/2134 359/2191/2136 361/2193/2138
f 373/2188/2133 374/2189/2134 361/2193/2138
f 373/2188/2133 361/2193/2138 363/2194/2139
f 372/2186/2131 373/2188/2133 363/2194/2139
f 372/2186/2131 363/2194/2139 365/2184/2129
f 371/2181/2127 370/2187/2132 351/2182/2115
f 370/2187/2132 350/2195/2140 351/2182/2115
f 350/2195/2140 370/2187/2132 369/2183/2128
f 350/2195/2140 369/2183/2128 353/2196/2141
f 353/2196/2141 369/2183/2128 367/2185/2130
f 353/2196/2141 367/2185/2130 354/2197/2142
f 354/2197/2142 367/2185/2130 368/2198/2143
f 367/2185/2130 366/2199/2144 368/2198/2143
f 367/2185/2130 365/2184/2129 366/2199/2144
f 365/2184/2129 364/2200/2145 366/2199/2144
f 365/2184/2129 363/2194/2139 364/2200/2145
f 363/2194/2139 362/2201/2146 364/2200/2145
f 363/2194/2139 361/2193/2138 362/2201/2146
f 361/2193/2138 360/2202/2147 362/2201/2146
f 361/2193/2138 359/2191/2136 360/2202/2147
f 359/2191/2136 356/2203/2148 360/2202/2147
f 359/2191/2136 358/2192/2137 356/2203/2148
f 358/2192/2137 357/2204/2009 356/2203/2148
f 355/2205/2149 353/2196/2141 354/2197/2142
f 352/2206/2120 350/2195/2140 353/2196/2141
f 352/2206/2120 351/2182/2115 350/2195/2140
f 349/2207/2150 348/2208/593 347/2209/2151
f 346/2210/2152 345/2211/2153 333/2212/2154
f 345/2211/2153 332/2213/2155 333/2212/2154
f 345/2211/2153 344/2214/2156 332/2213/2155
f 344/2214/2156 334/2215/2157 332/2213/2155
f 344/2214/2156 343/2216/2158 334/2215/2157
f 343/2216/2158 335/2217/2159 334/2215/2157
f 343/2216/2158 342/2218/2160 335/2217/2159
f 342/2218/2160 336/2219/2161 335/2217/2159
f 320/2220/2162 307/2221/2163 305/2222/2164
f 341/2223/2165 320/2220/2162 305/2222/2164
f 341/2223/2165 305/2222/2164 303/2224/2166
f 340/2225/2167 341/2223/2165 303/2224/2166
f 340/2225/2167 303/2224/2166 301/2226/2168
f 339/2227/2169 340/2225/2167 301/2226/2168
f 339/2227/2169 301/2226/2168 300/2228/2170
f 338/2229/2171 339/2227/2169 300/2228/2170
f 337/2230/2172 338/2229/2171 300/2228/2170
f 299/2231/2173 337/2230/2172 300/2228/2170
f 336/2219/2161 337/2230/2172 299/2231/2173
f 335/2217/2159 336/2219/2161 299/2231/2173
f 335/2217/2159 299/2231/2173 291/2232/2174
f 334/2215/2157 335/2217/2159 291/2232/2174
f 334/2215/2157 291/2232/2174 292/2233/2175
f 332/2213/2155 334/2215/2157 292/2233/2175
f 332/2213/2155 292/2233/2175 294/2234/2176
f 333/2212/2154 332/2213/2155 294/2234/2176
f 331/2235/2177 330/2236/2178 319/2237/2179
f 330/2236/2178 321/2238/2180 319/2237/2179
f 330/2236/2178 322/2239/2181 321/2238/2180
f 323/2240/2182 329/2241/2183 324/2242/2184
f 323/2240/2182 322/2239/2181 329/2241/2183
f 296/2243/2185 328/2244/2186 295/2245/2187
f 296/2243/2185 318/2246/2188 328/2244/2186
f 318/2246/2188 327/2247/2189 328/2244/2186
f 318/2246/2188 317/2248/2190 327/2247/2189
f 317/2248/2190 326/2249/2191 327/2247/2189
f 317/2248/2190 316/2250/2192 326/2249/2191
f 316/2250/2192 325/2251/2193 326/2249/2191
f 316/2250/2192 315/2252/2194 325/2251/2193
f 315/2252/2194 324/2242/2184 325/2251/2193
f 315/2252/2194 323/2240/2182 324/2242/2184
f 314/2253/2195 323/2240/2182 315/2252/2194
f 314/2253/2195 322/2239/2181 323/2240/2182
f 311/2254/2196 322/2239/2181 314/2253/2195
f 321/2238/2180 322/2239/2181 311/2254/2196
f 321/2238/2180 311/2254/2196 309/2255/2197
f 319/2237/2179 321/2238/2180 309/2255/2197
f 319/2237/2179 309/2255/2197 307/2221/2163
f 320/2220/2162 319/2237/2179 307/2221/2163
f 298/2256/2198 302/2257/2199 297/2258/2200
f 297/2258/2200 302/2257/2199 313/2259/2201
f 297/2258/2200 313/2259/2201 296/2243/2185
f 313/2259/2201 318/2246/2188 296/2243/2185
f 313/2259/2201 312/2260/2202 318/2246/2188
f 312/2260/2202 317/2248/2190 318/2246/2188
f 312/2260/2202 308/2261/2203 317/2248/2190
f 316/2250/2192 317/2248/2190 308/2261/2203
f 308/2261/2203 310/2262/2204 316/2250/2192
f 310/2262/2204 315/2252/2194 316/2250/2192
f 310/2262/2204 314/2253/2195 315/2252/2194
f 311/2254/2196 314/2253/2195 310/2262/2204
f 302/2257/2199 304/2263/2205 313/2259/2201
f 313/2259/2201 304/2263/2205 312/2260/2202
f 304/2263/2205 306/2264/2206 312/2260/2202
f 306/2264/2206 308/2261/2203 312/2260/2202
f 309/2255/2197 311/2254/2196 310/2262/2204
f 309/2255/2197 310/2262/2204 308/2261/2203
f 307/2221/2163 309/2255/2197 308/2261/2203
f 307/2221/2163 308/2261/2203 306/2264/2206
f 305/2222/2164 307/2221/2163 306/2264/2206
f 305/2222/2164 306/2264/2206 304/2263/2205
f 303/2224/2166 305/2222/2164 304/2263/2205
f 303/2224/2166 304/2263/2205 302/2257/2199
f 301/2226/2168 303/2224/2166 302/2257/2199
f 301/2226/2168 302/2257/2199 298/2256/2198
f 300/2228/2170 301/2226/2168 298/2256/2198
f 299/2231/2173 300/2228/2170 298/2256/2198
f 291/2232/2174 299/2231/2173 298/2256/2198
f 291/2232/2174 298/2256/2198 290/2265/2207
f 290/2265/2207 298/2256/2198 297/2258/2200
f 290/2265/2207 297/2258/2200 293/2266/2208
f 297/2258/2200 296/2243/2185 293/2266/2208
f 293/2266/2208 296/2243/2185 295/2245/2187
f 294/2234/2176 292/2233/2175 293/2266/2208
f 292/2233/2175 290/2265/2207 293/2266/2208
f 292/2233/2175 291/2232/2174 290/2265/2207
f 271/2267/2209 274/2268/2210 270/2269/2211
f 274/2268/2210 289/2270/2212 270/2269/2211
f 288/2271/2213 287/2272/2214 282/2273/2215
f 287/2272/2214 283/2274/2216 282/2273/2215
f 287/2272/2214 284/2275/2217 283/2274/2216
f 286/2276/2218 285/2277/2219 284/2275/2217
f 285/2277/2219 267/2278/2220 284/2275/2217
f 266/2279/2221 284/2275/2217 267/2278/2220
f 284/2275/2217 266/2279/2221 283/2274/2216
f 283/2274/2216 266/2279/2221 264/2280/2222
f 264/2280/2222 280/2281/2223 283/2274/2216
f 282/2273/2215 283/2274/2216 280/2281/2223
f 281/2282/2224 282/2273/2215 280/2281/2223
f 281/2282/2224 280/2281/2223 279/2283/2225
f 280/2281/2223 278/2284/2226 279/2283/2225
f 279/2283/2225 278/2284/2226 277/2285/2227
f 278/2284/2226 276/2286/2228 277/2285/2227
f 277/2285/2227 276/2286/2228 275/2287/2229
f 276/2286/2228 274/2268/2210 275/2287/2229
f 275/2287/2229 274/2268/2210 273/2288/2230
f 271/2267/2209 273/2288/2230 274/2268/2210
f 272/2289/2231 273/2288/2230 271/2267/2209
f 271/2267/2209 268/2290/2232 272/2289/2231
f 271/2267/2209 270/2269/2211 268/2290/2232
f 270/2269/2211 269/2291/2233 268/2290/2232
f 267/2278/2220 265/2292/2234 266/2279/2221
f 266/2279/2221 265/2292/2234 264/2280/2222
f 263/2293/2235 257/2294/2236 259/2295/2237
f 261/2296/2238 258/2297/2239 262/2298/2240
f 261/2296/2238 260/2299/2241 258/2297/2239
f 259/2295/2237 258/2297/2239 260/2299/2241
f 259/2295/2237 257/2294/2236 258/2297/2239
f 255/2300/2242 258/2297/2239 257/2294/2236
f 257/2294/2236 256/2301/2243 255/2300/2242
f 256/2301/2243 254/2302/2244 255/2300/2242
f 255/2300/2242 254/2302/2244 253/2303/2245
f 254/2302/2244 252/2304/2246 253/2303/2245
f 253/2303/2245 252/2304/2246 251/2305/2247
f 252/2304/2246 250/2306/2248 251/2305/2247
f 251/2305/2247 250/2306/2248 249/2307/2249
f 250/2306/2248 248/2308/2250 249/2307/2249
f 249/2307/2249 248/2308/2250 245/2309/2251
f 248/2308/2250 247/2310/2252 245/2309/2251
f 245/2309/2251 247/2310/2252 244/2311/2253
f 247/2310/2252 246/2312/2254 244/2311/2253
f 241/2313/2255 242/2314/2256 244/2311/2253
f 242/2314/2256 243/2315/2257 244/2311/2253
f 245/2309/2251 244/2311/2253 243/2315/2257
f 242/2314/2256 241/2313/2255 240/2316/2258
f 239/2317/2259 237/2318/2260 238/2319/2261
f 237/2318/2260 236/2320/2262 238/2319/2261
f 237/2318/2260 235/2321/2263 236/2320/2262
f 235/2321/2263 233/2322/2264 236/2320/2262
f 235/2321/2263 234/2323/2265 233/2322/2264
f 234/2323/2265 232/2324/2266 233/2322/2264
f 233/2322/2264 232/2324/2266 231/2325/2267
f 232/2324/2266 209/2326/2268 231/2325/2267
f 230/2327/2269 228/2328/2270 229/2329/2271
f 227/2330/2272 230/2327/2269 226/2331/2273
f 226/2331/2273 230/2327/2269 229/2329/2271
f 226/2331/2273 229/2329/2271 225/2332/2274
f 225/2332/2274 223/2333/2275 224/2334/2276
f 225/2332/2274 229/2329/2271 223/2333/2275
f 229/2329/2271 222/2335/2277 223/2333/2275
f 229/2329/2271 228/2328/2270 222/2335/2277
f 228/2328/2270 221/2336/2278 222/2335/2277
f 218/2337/2279 227/2330/2272 217/2338/2280
f 217/2338/2280 227/2330/2272 226/2331/2273
f 217/2338/2280 226/2331/2273 216/2339/2281
f 216/2339/2281 226/2331/2273 225/2332/2274
f 216/2339/2281 225/2332/2274 215/2340/2282
f 215/2340/2282 225/2332/2274 224/2334/2276
f 224/2334/2276 214/2341/2283 215/2340/2282
f 224/2334/2276 223/2333/2275 214/2341/2283
f 223/2333/2275 213/2342/2284 214/2341/2283
f 223/2333/2275 222/2335/2277 213/2342/2284
f 222/2335/2277 211/2343/2285 213/2342/2284
f 222/2335/2277 221/2336/2278 211/2343/2285
f 221/2336/2278 210/2344/2286 211/2343/2285
f 195/2345/2287 220/2346/2288 184/2347/2289
f 220/2346/2288 219/2348/2290 184/2347/2289
f 184/2347/2289 219/2348/2290 183/2349/2291
f 219/2348/2290 218/2337/2279 183/2349/2291
f 183/2349/2291 218/2337/2279 217/2338/2280
f 183/2349/2291 217/2338/2280 180/2350/2292
f 180/2350/2292 217/2338/2280 216/2339/2281
f 180/2350/2292 216/2339/2281 179/2351/2293
f 179/2351/2293 216/2339/2281 215/2340/2282
f 215/2340/2282 204/2352/2294 179/2351/2293
f 214/2341/2283 204/2352/2294 215/2340/2282
f 214/2341/2283 203/2353/2295 204/2352/2294
f 214/2341/2283 213/2342/2284 203/2353/2295
f 213/2342/2284 212/2354/2296 203/2353/2295
f 213/2342/2284 211/2343/2285 212/2354/2296
f 211/2343/2285 208/2355/2297 212/2354/2296
f 211/2343/2285 210/2344/2286 208/2355/2297
f 210/2344/2286 209/2326/2298 208/2355/2297
f 206/2356/2299 207/2357/2300 205/2358/2301
f 199/2359/2302 206/2356/2299 198/2360/2294
f 198/2360/2294 206/2356/2299 205/2358/2301
f 198/2360/2294 205/2358/2301 197/2361/2303
f 179/2351/2293 194/2362/2304 181/2363/2305
f 204/2352/2294 194/2362/2304 179/2351/2293
f 204/2352/2294 193/2364/2294 194/2362/2304
f 203/2353/2295 193/2364/2294 204/2352/2294
f 203/2353/2295 202/2365/2306 193/2364/2294
f 202/2365/2306 192/2366/2294 193/2364/2294
f 202/2365/2306 201/2367/2307 192/2366/2294
f 201/2367/2307 200/2368/2308 192/2366/2294
f 192/2366/2294 200/2368/2308 191/2369/2294
f 200/2368/2308 199/2359/2302 191/2369/2294
f 191/2369/2294 199/2359/2302 198/2360/2294
f 191/2369/2294 198/2360/2294 189/2370/2294
f 189/2370/2294 198/2360/2294 197/2361/2303
f 189/2370/2294 197/2361/2303 187/2371/2309
f 197/2361/2303 196/2372/2310 187/2371/2309
f 196/2372/2310 185/2373/2311 187/2371/2309
f 196/2372/2310 195/2345/2287 185/2373/2311
f 195/2345/2287 184/2347/2289 185/2373/2311
f 186/2374/2312 182/2375/2313 181/2363/2305
f 181/2363/2305 188/2376/2294 186/2374/2312
f 194/2362/2304 188/2376/2294 181/2363/2305
f 194/2362/2304 190/2377/2294 188/2376/2294
f 193/2364/2294 190/2377/2294 194/2362/2304
f 193/2364/2294 192/2366/2294 190/2377/2294
f 192/2366/2294 191/2369/2294 190/2377/2294
f 190/2377/2294 191/2369/2294 189/2370/2294
f 190/2377/2294 189/2370/2294 188/2376/2294
f 188/2376/2294 189/2370/2294 187/2371/2309
f 188/2376/2294 187/2371/2309 186/2374/2312
f 187/2371/2309 185/2373/2311 186/2374/2312
f 185/2373/2311 182/2375/2313 186/2374/2312
f 185/2373/2311 184/2347/2289 182/2375/2313
f 184/2347/2289 183/2349/2291 182/2375/2313
f 182/2375/2313 183/2349/2291 180/2350/2292
f 182/2375/2313 180/2350/2292 181/2363/2305
f 181/2363/2305 180/2350/2292 179/2351/2293
f 173/2378/2314 174/2379/2315 177/2380/2316
f 174/2379/2315 175/2381/2317 177/2380/2316
f 175/2381/2317 176/2382/2318 177/2380/2316
f 178/2383/2319 153/2384/2320 152/2385/2321
f 178/2383/2319 177/2380/2316 153/2384/2320
f 153/2384/2320 177/2380/2316 176/2382/2318
f 176/2382/2318 154/2386/2322 153/2384/2320
f 176/2382/2318 175/2381/2317 154/2386/2322
f 168/2387/2323 154/2386/2322 175/2381/2317
f 174/2379/2315 168/2387/2323 175/2381/2317
f 174/2379/2315 169/2388/2324 168/2387/2323
f 169/2388/2324 174/2379/2315 173/2378/2314
f 172/2389/2325 169/2388/2324 173/2378/2314
f 170/2390/2326 169/2388/2324 172/2389/2325
f 171/2391/2327 170/2390/2326 172/2389/2325
f 164/2392/2328 170/2390/2326 171/2391/2327
f 166/2393/2329 164/2392/2328 171/2391/2327
f 164/2392/2328 162/2394/2330 170/2390/2326
f 162/2394/2330 160/2395/2331 170/2390/2326
f 170/2390/2326 160/2395/2331 169/2388/2324
f 160/2395/2331 158/2396/2332 169/2388/2324
f 158/2396/2332 156/2397/2333 169/2388/2324
f 168/2387/2323 169/2388/2324 156/2397/2333
f 168/2387/2323 156/2397/2333 154/2386/2322
f 167/2398/2334 165/2399/2335 166/2393/2329
f 165/2399/2335 164/2392/2328 166/2393/2329
f 165/2399/2335 163/2400/2336 164/2392/2328
f 163/2400/2336 162/2394/2330 164/2392/2328
f 163/2400/2336 147/2401/2298 162/2394/2330
f 147/2401/2298 161/2402/2337 162/2394/2330
f 162/2394/2330 161/2402/2337 160/2395/2331
f 161/2402/2337 159/2403/2338 160/2395/2331
f 160/2395/2331 159/2403/2338 158/2396/2332
f 159/2403/2338 157/2404/2339 158/2396/2332
f 158/2396/2332 157/2404/2339 156/2397/2333
f 157/2404/2339 155/2405/2260 156/2397/2333
f 156/2397/2333 155/2405/2260 154/2386/2322
f 155/2405/2260 133/2406/2340 154/2386/2322
f 154/2386/2322 133/2406/2340 132/2407/2341
f 154/2386/2322 132/2407/2341 153/2384/2320
f 153/2384/2320 132/2407/2341 131/2408/2342
f 153/2384/2320 131/2408/2342 152/2385/2321
f 152/2385/2321 131/2408/2342 130/2409/2343
f 146/2410/2344 151/2411/2345 143/2412/2346
f 134/2413/2347 150/2414/2348 135/2415/2349
f 150/2414/2348 145/2416/2350 135/2415/2349
f 150/2414/2348 149/2417/2351 145/2416/2350
f 149/2417/2351 148/2418/2352 145/2416/2350
f 148/2418/2352 144/2419/2353 145/2416/2350
f 148/2418/2352 147/2401/2354 144/2419/2353
f 147/2401/2354 146/2410/2344 144/2419/2353
f 144/2419/2353 146/2410/2344 143/2412/2346
f 135/2415/2349 145/2416/2350 137/2420/2355
f 145/2416/2350 140/2421/2356 137/2420/2355
f 140/2421/2356 145/2416/2350 142/2422/2357
f 142/2422/2357 145/2416/2350 144/2419/2353
f 142/2422/2357 144/2419/2353 143/2412/2346
f 142/2422/2357 143/2412/2346 141/2423/2358
f 140/2421/2356 142/2422/2357 141/2423/2358
f 140/2421/2356 141/2423/2358 139/2424/2359
f 137/2420/2355 140/2421/2356 139/2424/2359
f 137/2420/2355 139/2424/2359 138/2425/2360
f 136/2426/2361 137/2420/2355 138/2425/2360
f 135/2415/2349 137/2420/2355 136/2426/2361
f 125/2427/2288 135/2415/2349 136/2426/2361
f 134/2413/2347 135/2415/2349 125/2427/2288
f 126/2428/2362 134/2413/2347 125/2427/2288
f 133/2406/2340 134/2413/2347 126/2428/2362
f 129/2429/2363 133/2406/2340 126/2428/2362
f 133/2406/2340 129/2429/2363 132/2407/2341
f 132/2407/2341 129/2429/2363 128/2430/2364
f 132/2407/2341 128/2430/2364 131/2408/2342
f 131/2408/2342 128/2430/2364 127/2431/2365
f 131/2408/2342 127/2431/2365 130/2409/2343
f 129/2429/2363 126/2428/2362 128/2430/2364
f 128/2430/2364 126/2428/2362 124/2432/2366
f 128/2430/2364 124/2432/2366 127/2431/2365
f 126/2428/2362 125/2427/2288 124/2432/2366
f 123/2433/2367 122/2434/2368 114/2435/2369
f 122/2434/2368 113/2436/2370 114/2435/2369
f 122/2434/2368 121/2437/2371 113/2436/2370
f 121/2437/2371 120/2438/2372 113/2436/2370
f 113/2436/2370 120/2438/2372 111/2439/2373
f 120/2438/2372 119/2440/2374 111/2439/2373
f 111/2439/2373 119/2440/2374 109/2441/2375
f 119/2440/2374 118/2442/2376 109/2441/2375
f 109/2441/2375 118/2442/2376 107/2443/2377
f 118/2442/2376 117/2444/2378 107/2443/2377
f 107/2443/2377 117/2444/2378 105/2445/2379
f 117/2444/2378 116/2446/2380 105/2445/2379
f 105/2445/2379 116/2446/2380 104/2447/2381
f 116/2446/2380 115/2448/2382 104/2447/2381
f 114/2435/2369 113/2436/2370 112/2449/2383
f 113/2436/2370 111/2439/2373 112/2449/2383
f 112/2449/2383 111/2439/2373 110/2450/2384
f 111/2439/2373 109/2441/2375 110/2450/2384
f 110/2450/2384 109/2441/2375 108/2451/2385
f 109/2441/2375 107/2443/2377 108/2451/2385
f 108/2451/2385 107/2443/2377 106/2452/2386
f 107/2443/2377 105/2445/2379 106/2452/2386
f 106/2452/2386 105/2445/2379 103/2453/2387
f 105/2445/2379 104/2447/2381 103/2453/2387
f 102/2454/2388 101/2455/2389 99/2456/2390
f 101/2455/2389 100/2457/2391 99/2456/2390
f 98/2458/2392 97/2459/2393 95/2460/2394
f 97/2459/2393 96/2461/2395 95/2460/2394
f 90/2462/2396 88/2463/2397 94/2464/2398
f 88/2463/2397 87/2465/2399 94/2464/2398
f 94/2464/2398 87/2465/2399 93/2466/2400
f 87/2465/2399 86/2467/2401 93/2466/2400
f 93/2466/2400 86/2467/2401 92/2468/583
f 86/2467/2401 85/2469/2402 92/2468/583
f 90/2462/2396 91/2470/2403 89/2471/2404
f 88/2463/2397 90/2462/2396 89/2471/2404
f 88/2463/2397 89/2471/2404 80/2472/2405
f 82/2473/2406 88/2463/2397 80/2472/2405
f 88/2463/2397 82/2473/2406 87/2465/2399
f 82/2473/2406 83/2474/2407 87/2465/2399
f 87/2465/2399 83/2474/2407 86/2467/2401
f 83/2474/2407 65/2475/2408 86/2467/2401
f 86/2467/2401 65/2475/2408 85/2469/2402
f 65/2475/2408 64/2476/2409 85/2469/2402
f 81/2477/2410 79/2478/2411 77/2479/2412
f 84/2480/2413 81/2477/2410 77/2479/2412
f 70/2481/2414 84/2480/2413 77/2479/2412
f 70/2481/2414 71/2482/2415 84/2480/2413
f 81/2477/2410 84/2480/2413 71/2482/2415
f 61/2483/2416 60/2484/2417 65/2475/2408
f 83/2474/2407 61/2483/2416 65/2475/2408
f 71/2482/2415 61/2483/2416 83/2474/2407
f 82/2473/2406 71/2482/2415 83/2474/2407
f 81/2477/2410 71/2482/2415 82/2473/2406
f 81/2477/2410 82/2473/2406 80/2472/2405
f 81/2477/2410 80/2472/2405 79/2478/2411
f 78/2485/2418 79/2478/2411 80/2472/2405
f 79/2478/2411 78/2485/2418 77/2479/2412
f 78/2485/2418 76/2486/2419 77/2479/2412
f 76/2486/2419 70/2481/2414 77/2479/2412
f 70/2481/2414 76/2486/2419 75/313/303
f 69/2487/2420 70/2481/2414 75/313/303
f 74/275/268 69/2487/2420 75/313/303
f 74/275/268 63/2488/2421 69/2487/2420
f 74/275/268 72/277/269 63/2488/2421
f 63/2488/2421 72/277/269 42/296/288
f 73/291/283 42/296/288 72/277/269
f 71/2482/2415 63/2488/2421 61/2483/2416
f 70/2481/2414 63/2488/2421 71/2482/2415
f 70/2481/2414 69/2487/2420 63/2488/2421
f 57/2489/2422 68/348/2423 67/2490/2424
f 59/2491/2425 57/2489/2422 67/2490/2424
f 59/2491/2425 67/2490/2424 66/2492/2426
f 64/2476/2409 59/2491/2425 66/2492/2426
f 60/2484/2417 59/2491/2425 64/2476/2409
f 65/2475/2408 60/2484/2417 64/2476/2409
f 42/296/288 44/2493/2427 58/2494/2428
f 62/2495/2429 42/296/288 58/2494/2428
f 62/2495/2429 63/2488/2421 42/296/288
f 63/2488/2421 62/2495/2429 61/2483/2416
f 62/2495/2429 58/2494/2428 61/2483/2416
f 58/2494/2428 60/2484/2417 61/2483/2416
f 60/2484/2417 58/2494/2428 59/2491/2425
f 58/2494/2428 57/2489/2422 59/2491/2425
f 58/2494/2428 44/2493/2427 57/2489/2422
f 44/2493/2427 56/2496/2430 57/2489/2422
f 46/2497/2431 56/2496/2430 44/2493/2427
f 46/2497/2431 53/351/340 56/2496/2430
f 46/2497/2431 52/2498/2432 53/351/340
f 56/2496/2430 53/351/340 55/349/338
f 51/2499/2433 52/2498/2432 54/2500/2434
f 50/2501/2435 51/2499/2433 49/2502/2436
f 51/2499/2433 54/2500/2434 49/2502/2436
f 54/2500/2434 46/2497/2431 49/2502/2436
f 46/2497/2431 54/2500/2434 52/2498/2432
f 45/2503/2437 43/297/289 47/2504/2438
f 53/351/340 52/2498/2432 37/353/342
f 51/2499/2433 37/353/342 52/2498/2432
f 51/2499/2433 32/2505/2439 37/353/342
f 51/2499/2433 50/2501/2435 32/2505/2439
f 30/2506/2440 32/2505/2439 50/2501/2435
f 30/2506/2440 50/2501/2435 49/2502/2436
f 39/2507/2441 30/2506/2440 49/2502/2436
f 46/2497/2431 39/2507/2441 49/2502/2436
f 46/2497/2431 38/298/290 39/2507/2441
f 46/2497/2431 48/2508/2442 38/298/290
f 43/297/289 38/298/290 48/2508/2442
f 43/297/289 48/2508/2442 47/2504/2438
f 48/2508/2442 46/2497/2431 47/2504/2438
f 46/2497/2431 45/2503/2437 47/2504/2438
f 46/2497/2431 44/2493/2427 45/2503/2437
f 43/297/289 45/2503/2437 44/2493/2427
f 43/297/289 44/2493/2427 42/296/288
f 43/297/289 42/296/288 41/295/287
f 33/2509/2443 40/2510/2444 20/2511/2445
f 33/2509/2443 31/2512/2446 29/2513/2447
f 40/2510/2444 33/2509/2443 29/2513/2447
f 21/2514/2448 40/2510/2444 29/2513/2447
f 21/2514/2448 20/2511/2445 40/2510/2444
f 30/2506/2440 27/299/291 28/2515/2449
f 30/2506/2440 38/298/290 27/299/291
f 30/2506/2440 39/2507/2441 38/298/290
f 37/353/342 32/2505/2439 34/354/343
f 8/357/346 16/2516/2450 7/2517/2451
f 36/356/345 16/2516/2450 8/357/346
f 36/356/345 18/2518/2452 16/2516/2450
f 35/355/344 18/2518/2452 36/356/345
f 35/355/344 20/2511/2445 18/2518/2452
f 34/354/343 20/2511/2445 35/355/344
f 33/2509/2443 20/2511/2445 34/354/343
f 33/2509/2443 34/354/343 32/2505/2439
f 33/2509/2443 32/2505/2439 31/2512/2446
f 30/2506/2440 31/2512/2446 32/2505/2439
f 31/2512/2446 30/2506/2440 29/2513/2447
f 30/2506/2440 28/2515/2449 29/2513/2447
f 28/2515/2449 21/2514/2448 29/2513/2447
f 21/2514/2448 28/2515/2449 27/299/291
f 21/2514/2448 27/299/291 19/2519/2453
f 26/300/292 19/2519/2453 27/299/291
f 26/300/292 24/302/294 19/2519/2453
f 26/300/292 25/301/293 24/302/294
f 17/2520/2454 24/302/294 23/303/295
f 19/2519/2453 24/302/294 17/2520/2454
f 17/2520/2454 23/303/295 15/2521/2455
f 15/2521/2455 23/303/295 22/304/296
f 15/2521/2455 22/304/296 14/2522/2456
f 9/2523/2457 13/2524/2458 10/2525/2459
f 21/2514/2448 19/2519/2453 20/2511/2445
f 20/2511/2445 19/2519/2453 18/2518/2452
f 18/2518/2452 19/2519/2453 17/2520/2454
f 18/2518/2452 17/2520/2454 16/2516/2450
f 16/2516/2450 17/2520/2454 15/2521/2455
f 16/2516/2450 15/2521/2455 7/2517/2451
f 7/2517/2451 15/2521/2455 14/2522/2456
f 9/2523/2457 7/2517/2451 14/2522/2456
f 9/2523/2457 14/2522/2456 13/2524/2458
f 12/2526/2460 13/2524/2458 14/2522/2456
f 13/2524/2458 12/2526/2460 10/2525/2459
f 12/2526/2460 11/2527/2461 10/2525/2459
f 11/2527/2461 3/2528/2462 10/2525/2459
f 3/2528/2462 4/2529/2463 10/2525/2459
f 4/2529/2463 9/2523/2457 10/2525/2459
f 9/2523/2457 4/2529/2463 5/337/326
f 9/2523/2457 5/337/326 7/2517/2451
f 8/357/346 7/2517/2451 5/337/326
f 3/2528/2462 6/2530/814 5/337/326
f 3/2528/2462 5/337/326 4/2529/2463
f 3/2528/2464 2/2531/2465 1/2532/2466
